csd_id,residue_idx,phi,psi,omega,atoms_phi,atoms_psi,atoms_omega
ABOMOT,0,-172.81,172.56,71.95,C2-C1-C56-C55,C1-C56-C55-C49,C3-C2-C1-C56
ABOMOT,1,138.07,-99.23,12.03,C11-C5-C3-C2,C5-C3-C2-C1,C12-C11-C5-C3
ABOMOT,2,-95.44,-21.58,168.99,O4-C14-C12-C11,C14-C12-C11-C5,N4-O4-C14-C12
ABOMOT,3,-102.02,144.05,166.67,C18-C16-N4-O4,C16-N4-O4-C14,C19-C18-C16-N4
ABOMOT,4,69.38,-91.89,118.19,C27-C21-C19-C18,C21-C19-C18-C17,C28-C27-C21-C19
ABOMOT,5,69.38,-106.75,118.19,C27-C21-C19-C18,C21-C19-C18-C16,C28-C27-C21-C19
ABOMOT,6,176.6,88.62,-86.26,C30-N8-C28-C27,N8-C28-C27-C21,C31-C30-N8-C28
ABOMOT,7,33.14,-69.53,88.79,C39-C33-C31-C30,C33-C31-C30-N8,C40-C39-C33-C31
ABOMOT,8,-103.29,-52.98,166.52,O13-C42-C40-C39,C42-C40-C39-C33,N11-O13-C42-C40
ABOMOT,9,-95.05,145.78,-84.91,C46-C44-N11-O13,C44-N11-O13-C42,C47-C46-C44-N11
ABOMOT,10,31.14,-62.72,-103.54,C55-C49-C47-C46,C49-C47-C46-C45,C56-C55-C49-C47
ABOMOT,11,31.14,-83.1,-103.54,C55-C49-C47-C46,C49-C47-C46-C44,C56-C55-C49-C47
ABUDUW,0,61.08,-132.8,,N1-C3-O16-C68,C3-O16-C68-N13,
ABUDUW,1,121.08,-149.11,113.08,C14-N2-O3-C8,N2-O3-C8-C7,O4-C14-N2-O3
ABUDUW,2,55.23,-110.85,,O6-C16-O4-C14,C16-O4-C14-N2,
ABUDUW,3,-84.45,108.68,,N11-N10-O12-C49,N10-O12-C49-C45,
ABUDUW,4,-96.12,-114.73,4.97,C62-C60-C58-N12,C60-C58-N12-O14,O15-C62-C60-C58
ABUDUW,5,-124.63,-60.76,-52.01,C68-N13-O15-C62,N13-O15-C62-C60,O16-C68-N13-O15
ACTDGU10,0,49.28,-29.42,,O1-C3-C61-C60,C3-C61-C60-C59,
ACTDGU10,1,49.28,63.22,,O1-C3-C61-C60,C3-C61-C60-O16,
ACTDGU10,2,-34.18,55.42,-34.2,O9-C31-C29-N5,C31-C29-N5-C25,N6-O9-C31-C29
ACTDGU10,3,-145.16,27.65,87.68,C36-C34-N6-O9,C34-N6-O9-C31,C37-C36-C34-N6
ACTDGU10,4,35.32,-118.08,,C40-C39-C37-C36,C39-C37-C36-N7,
ACTDGU10,5,35.32,-170.88,,C40-C39-C37-C36,C39-C37-C36-C34,
ACTDGU10,6,-8.33,-31.17,90.14,C55-O15-C53-C51,O15-C53-C51-C49,C56-C55-O15-C53
ACTDGU10,7,75.46,7.03,167.89,C60-O16-C56-C55,O16-C56-C55-O15,C61-C60-O16-C56
ACUMOC,0,132.44,50.6,-154.32,O3-O4-O5-O7,O4-O5-O7-O8,C19-O3-O4-O5
ACUMOC,1,-38.47,164.35,-35.6,O7-O8-O9-N2,O8-O9-N2-N3,O5-O7-O8-O9
ACUMOC,2,26.25,30.46,-105.18,N2-N3-N4-N6,N3-N4-N6-N7,O9-N2-N3-N4
ACUMOC,3,97.86,-13.71,-88.72,N6-N7-N8-C1,N7-N8-C1-C2,N4-N6-N7-N8
ACUMOC,4,-1.6,1.11,-10.08,C1-C2-C3-C5,C2-C3-C5-C6,N8-C1-C2-C3
ACUMOC,5,25.62,148.02,-177.6,C5-C6-C7-C9,C6-C7-C9-C10,C3-C5-C6-C7
ACUMOC,6,50.11,1.93,-140.63,C9-C10-C11-C14,C10-C11-C14-C15,C7-C9-C10-C11
ACUMOC,7,-178.62,156.39,3.13,C14-C15-C13-C17,C15-C13-C17-C18,C11-C14-C15-C13
ACUMOC,8,94.92,64.46,-97.43,C17-C18-C19-O3,C18-C19-O3-O4,C13-C17-C18-C19
AHELEG,0,107.15,30.5,-91.45,N6-C5-C53-C51,C5-C53-C51-C46,C7-N6-C5-C53
AHELEG,1,11.28,40.53,30.56,N18-N9-C7-N6,N9-C7-N6-C5,C20-N18-N9-C7
AHELEG,2,-93.47,162.97,178.04,C26-C22-C20-N18,C22-C20-N18-N9,O27-C26-C22-C20
AHELEG,3,-18.07,142.54,-129.07,C34-C29-O27-C26,C29-O27-C26-C25,C35-C34-C29-O27
AHELEG,4,-18.07,-40.76,-129.07,C34-C29-O27-C26,C29-O27-C26-C22,C35-C34-C29-O27
AHELEG,5,-121.9,179.38,-164.5,C42-C37-C35-C34,C37-C35-C34-C29,C44-C42-C37-C35
AHELEG,6,82.48,134.88,-117.53,C51-C46-C44-C42,C46-C44-C42-C37,C53-C51-C46-C44
AJAGEX,0,-3.35,5.07,5.08,O4-O3-N2-C7,O3-N2-C7-C6,C4-O4-O3-N2
AJAGEX,1,11.05,14.66,-1.39,C7-C6-C4-O4,C6-C4-O4-O3,N2-C7-C6-C4
ALASAR,0,32.06,-155.66,-25.37,C5-C3-O5-O1,C3-O5-O1-N7,C7-C5-C3-O5
ALASAR,1,7.01,-0.42,20.17,C13-C11-C7-C5,C11-C7-C5-C3,C17-C13-C11-C7
ALASAR,2,47.69,-21.89,-49.88,C23-C21-C17-C13,C21-C17-C13-C11,N3-C23-C21-C17
ALASAR,3,-165.51,31.3,-0.79,O1-N7-N3-C23,N7-N3-C23-C21,O5-O1-N7-N3
ALPRAL10,0,-105.71,-11.79,-123.38,C2-C1-C21-C20,C1-C21-C20-O4,O1-C2-C1-C21
ALPRAL10,1,-105.71,64.97,-123.38,C2-C1-C21-C20,C1-C21-C20-N4,O1-C2-C1-C21
ALPRAL10,2,132.5,-177.21,69.79,C6-N2-O1-C2,N2-O1-C2-C1,C7-C6-N2-O1
ALPRAL10,3,126.47,9.22,176.8,C15-N3-C7-C6,N3-C7-C6-O2,C16-C15-N3-C7
ALPRAL10,4,126.47,67.13,176.8,C15-N3-C7-C6,N3-C7-C6-N2,C16-C15-N3-C7
ALPRAL10,5,173.8,-25.62,110.03,C20-N4-C16-C15,N4-C16-C15-N3,C21-C20-N4-C16
AMIFAE,0,-150.99,87.43,22.61,C1-O2-C58-O12,O2-C58-O12-N11,C2-C1-O2-C58
AMIFAE,1,108.47,-28.98,115.77,C11-C4-C2-C1,C4-C2-C1-O2,C13-C11-C4-C2
AMIFAE,2,-49.77,123.89,-40.53,C17-N3-C13-C11,N3-C13-C11-C4,O5-C17-N3-C13
AMIFAE,3,165.77,-177.08,85.77,C24-C19-O5-C17,C19-O5-C17-N3,O6-C24-C19-O5
AMIFAE,4,-102.86,-36.8,-98.33,O7-C26-O6-C24,C26-O6-C24-C19,C31-O7-C26-O6
AMIFAE,5,152.67,99.76,156.99,C35-C33-C31-O7,C33-C31-O7-C26,C36-C35-C33-C31
AMIFAE,6,-41.07,5.43,57.9,C38-O8-C36-C35,O8-C36-C35-C33,C39-C38-O8-C36
AMIFAE,7,129.63,-141.2,-126.52,O10-O9-C39-C38,O9-C39-C38-O8,C44-O10-O9-C39
AMIFAE,8,-176.46,-175.31,163.59,C47-C46-C44-O10,C46-C44-O10-O9,C48-C47-C46-C44
AMIFAE,9,-126.21,-8.53,-21.56,C53-N10-C48-C47,N10-C48-C47-C46,C55-C53-N10-C48
AMIFAE,10,-166.56,-116.23,34.98,O12-N11-C55-C53,N11-C55-C53-N10,C58-O12-N11-C55
ANTAHC10,0,166.15,-28.68,-8.09,C3-O1-C63-C62,O1-C63-C62-C61,C4-C3-O1-C63
ANTAHC10,1,166.15,-26.9,-8.09,C3-O1-C63-C62,O1-C63-C62-C58,C4-C3-O1-C63
ANTAHC10,2,-2.69,-81.91,97.67,C11-N2-C4-C3,N2-C4-C3-O1,C12-C11-N2-C4
ANTAHC10,3,71.19,-167.48,-67.35,N5-C13-C12-C11,C13-C12-C11-N2,C19-N5-C13-C12
ANTAHC10,4,-105.56,163.07,-79.82,C24-O5-C19-N5,O5-C19-N5-C13,C25-C24-O5-C19
ANTAHC10,5,-17.98,-174.31,175.82,O6-C27-C25-C24,C27-C25-C24-C23,C30-O6-C27-C25
ANTAHC10,6,-17.98,-174.95,175.82,O6-C27-C25-C24,C27-C25-C24-O5,C30-O6-C27-C25
ANTAHC10,7,-97.08,55.75,133.63,O7-C32-C30-O6,C32-C30-O6-C29,C39-O7-C32-C30
ANTAHC10,8,-97.08,-40.5,133.63,O7-C32-C30-O6,C32-C30-O6-C27,C39-O7-C32-C30
ANTAHC10,9,-50.76,0.85,-134.79,N9-C41-C39-O7,C41-C39-O7-C32,C47-N9-C41-C39
ANTAHC10,10,-165.72,21.5,125.98,C50-O9-C47-N9,O9-C47-N9-C41,C51-C50-O9-C47
ANTAHC10,11,10.66,158.57,-39.03,C56-C53-C51-C50,C53-C51-C50-O9,C57-C56-C53-C51
ANTAHC10,12,-28.18,-126.96,121.18,C62-C58-C57-C56,C58-C57-C56-N10,C63-C62-C58-C57
ANTAHC10,13,-28.18,-129.84,121.18,C62-C58-C57-C56,C58-C57-C56-C53,C63-C62-C58-C57
ANUJUQ,0,-80.91,22.57,75.4,O6A-O5A-C32A-C31A,O5A-C32A-C31A-C23A,O7A-O6A-O5A-C32A
ANUJUQ,1,17.5,-107.74,118.07,N5A-N2A-O7A-O6A,N2A-O7A-O6A-O5A,N6A-N5A-N2A-O7A
ANUJUQ,2,-141.1,27.0,,C5A-C1A-N6A-N5A,C1A-N6A-N5A-N2A,
ANUJUQ,3,-177.47,-59.35,139.7,C20A-C12A-C10A-C9A,C12A-C10A-C9A-C7A,C21A-C20A-C12A-C10A
ANUJUQ,4,35.73,-120.61,-123.27,C31A-C23A-C21A-C20A,C23A-C21A-C20A-C12A,C32A-C31A-C23A-C21A
ARECEI,0,151.68,-60.86,167.41,O13-O12-O10-O8,O12-O10-O8-O7,O15-O13-O12-O10
ARECEI,1,119.82,124.79,-144.37,O18-O17-O15-O13,O17-O15-O13-O12,O19-O18-O17-O15
ARECEI,2,86.37,-86.96,,N8-N1-O19-O18,N1-O19-O18-O17,
ARECEI,3,179.21,178.06,-178.51,C10-C9-C7-C5,C9-C7-C5-C4,C12-C10-C9-C7
ARECEI,4,177.42,-176.62,21.69,C15-C14-C12-C10,C14-C12-C10-C9,C16-C15-C14-C12
ARECEI,5,-78.03,-86.79,,C25-C18-C16-C15,C18-C16-C15-C14,
ARESEW,0,159.88,-162.24,,N5-C19-C22-O7,C19-C22-O7-C24,
ARESEW,1,22.19,-7.18,120.42,O7-C24-C33-C34,C24-C33-C34-C14,C22-O7-C24-C33
ARESEW,2,178.18,-178.65,3.35,C34-C14-C35-C37,C14-C35-C37-C38,C33-C34-C14-C35
ARESEW,3,-176.83,135.06,-63.7,C37-C38-C41-C43,C38-C41-C43-O10,C35-C37-C38-C41
ARESEW,4,-101.51,82.69,60.89,C43-O10-O13-S2,O10-O13-S2-N12,C41-C43-O10-O13
ARESEW,5,15.93,19.1,162.61,S2-N12-C53-O15,N12-C53-O15-C11,O13-S2-N12-C53
ARESEW,6,-151.91,-0.22,,C56-N14-O24-O23,N14-O24-O23-C84,
ARESEW,7,-63.95,-32.89,-144.25,O19-C62-C61-O18,C62-C61-O18-C60,C64-O19-C62-C61
ARESEW,8,-77.37,-144.32,54.3,C72-C66-C64-O19,C66-C64-O19-C62,C73-C72-C66-C64
ARESEW,9,51.52,165.19,-131.3,O21-C75-C73-C72,C75-C73-C72-C66,C79-O21-C75-C73
ARESEW,10,-19.24,47.13,-140.42,C80-C58-C79-O21,C58-C79-O21-C75,C81-C80-C58-C79
ARESEW,11,115.99,-26.45,-7.52,S3-C82-C81-C80,C82-C81-C80-C58,N20-S3-C82-C81
ARESEW,12,147.53,117.13,151.35,O23-C84-N20-S3,C84-N20-S3-C82,O24-O23-C84-N20
ASOSAD,0,85.12,-90.86,68.75,C17-C11-C9-C8,C11-C9-C8-C7,C18-C17-C11-C9
ASOSAD,1,85.12,-45.08,68.75,C17-C11-C9-C8,C11-C9-C8-C6,C18-C17-C11-C9
ASOSAD,2,140.86,-90.61,-172.42,C22-C20-C18-C17,C20-C18-C17-C11,C23-C22-C20-C18
ASOSAD,3,75.36,-70.98,,C31-C25-C23-C22,C25-C23-C22-C21,
ASOSAD,4,75.36,-66.22,,C31-C25-C23-C22,C25-C23-C22-C20,
AYUQIV,0,123.49,17.18,-176.59,O5-O4-C48-C47,O4-C48-C47-C40,O6-O5-O4-C48
AYUQIV,1,0.04,-141.45,-80.16,O9-O8-O6-O5,O8-O6-O5-O4,O10-O9-O8-O6
AYUQIV,2,-71.57,114.38,152.91,N9-N1-O10-O9,N1-O10-O9-O8,C1-N9-N1-O10
AYUQIV,3,97.44,60.12,-132.66,C11-C3-C1-N9,C3-C1-N9-N1,C12-C11-C3-C1
AYUQIV,4,-145.42,-5.8,-155.94,C18-C14-C12-C11,C14-C12-C11-C3,C19-C18-C14-C12
AYUQIV,5,-167.09,9.05,-154.86,C25-C21-C19-C18,C21-C19-C18-C17,C26-C25-C21-C19
AYUQIV,6,-167.09,67.23,-154.86,C25-C21-C19-C18,C21-C19-C18-C14,C26-C25-C21-C19
AYUQIV,7,64.04,-65.94,-43.83,C29-C28-C26-C25,C28-C26-C25-C24,C30-C29-C28-C26
AYUQIV,8,64.04,-146.34,-43.83,C29-C28-C26-C25,C28-C26-C25-C21,C30-C29-C28-C26
AYUQIV,9,33.41,-61.66,179.72,C37-C32-C30-C29,C32-C30-C29-C28,C38-C37-C32-C30
AYUQIV,10,-15.74,-115.47,33.54,C47-C40-C38-C37,C40-C38-C37-C32,C48-C47-C40-C38
BAMANT10,0,-158.74,-173.8,-102.19,C5-C4-C23-C22,C4-C23-C22-N6,N2-C5-C4-C23
BAMANT10,1,-176.46,-177.45,-178.62,C8-C7-N2-C5,C7-N2-C5-C4,C9-C8-C7-N2
BAMANT10,2,-93.25,-70.77,20.38,C20-N5-O6-O7,N5-O6-O7-N7,C21-C20-N5-O6
BAMANT10,3,-172.76,-3.48,111.18,C22-N6-C21-C20,N6-C21-C20-N5,C23-C22-N6-C21
BAMANT10,4,-160.95,112.46,-71.01,O7-N7-O9-O10,N7-O9-O10-N8,O6-O7-N7-O9
BAMANT10,5,-160.95,98.82,-71.01,O7-N7-O9-O10,N7-O9-O10-O11,O6-O7-N7-O9
BAMANT10,6,42.89,162.43,7.72,O10-O11-C32-O12,O11-C32-O12-N9,O9-O10-O11-C32
BAMANT10,7,-61.46,-122.95,-147.68,O12-N9-C38-O14,N9-C38-O14-O1,C32-O12-N9-C38
BAMANT10,8,103.29,-177.29,15.4,O14-O1-C9-C8,O1-C9-C8-C7,C38-O14-O1-C9
BASPOD,0,-18.83,44.84,-149.75,C5-C6-C69-C68,C6-C69-C68-C63,O5-C5-C6-C69
BASPOD,1,16.25,117.83,178.1,O3A-N4-O5-C5,N4-O5-C5-C6,C9A-O3A-N4-O5
BASPOD,2,-102.15,61.24,-68.33,C11-N2-C9A-O3A,N2-C9A-O3A-N4,C10-C11-N2-C9A
BASPOD,3,-2.12,128.43,-142.07,C20-C13-C10-C11,C13-C10-C11-N2,C21-C20-C13-C10
BASPOD,4,-23.06,56.37,-127.34,C28-O9-C21-C20,O9-C21-C20-C13,O11-C28-O9-C21
BASPOD,5,16.25,137.23,178.1,O14-N7-O11-C28,N7-O11-C28-O9,C51-O14-N7-O11
BASPOD,6,-102.15,61.24,-68.33,C60-N9-C51-O14,N9-C51-O14-N7,C61-C60-N9-C51
BASPOD,7,-2.12,128.43,-142.07,C68-C63-C61-C60,C63-C61-C60-N9,C69-C68-C63-C61
BASPUJ,0,34.42,64.38,-13.38,N3-O3-O16-O15,O3-O16-O15-C35,C3-N3-O3-O16
BASPUJ,1,-0.78,-8.25,-172.03,C4-C5-C3-N3,C5-C3-N3-O3,N4-C4-C5-C3
BASPUJ,2,10.62,1.34,-11.22,C16-C8-N4-C4,C8-N4-C4-C5,C15-C16-C8-N4
BASPUJ,3,-37.19,147.7,63.09,O4A-C12-C15-C16,C12-C15-C16-C8,O5A-O4A-C12-C15
BASPUJ,4,54.49,44.4,150.19,N8-N6-O5A-O4A,N6-O5A-O4A-C12,C19-N8-N6-O5A
BASPUJ,5,-0.78,171.39,-172.03,C25-C24-C19-N8,C24-C19-N8-N6,N10-C25-C24-C19
BASPUJ,6,10.62,1.34,-11.22,C32-C27-N10-C25,C27-N10-C25-C24,C33-C32-C27-N10
BASPUJ,7,-37.19,147.7,63.09,O15-C35-C33-C32,C35-C33-C32-C27,O16-O15-C35-C33
BAZQAU,0,-122.15,-39.07,,C5-C4-O15-C68,C4-O15-C68-O14,
BAZQAU,1,157.67,-100.24,-107.24,C14-C11-C9-C8,C11-C9-C8-O2,C16-C14-C11-C9
BAZQAU,2,126.31,-57.32,,C17-O4-C16-C14,O4-C16-C14-C11,
BAZQAU,3,28.82,-102.19,94.78,C54-C51-C49-N9,C51-C49-N9-C44,C55-C54-C51-C49
BAZQAU,4,-78.62,-128.81,-151.91,O13-N11-C55-C54,N11-C55-C54-C51,C57-O13-N11-C55
BAZQAU,5,13.39,146.4,72.32,C61-C59-C57-O13,C59-C57-O13-N11,N12-C61-C59-C57
BAZQAU,6,91.61,75.07,50.36,C68-O14-N12-C61,O14-N12-C61-C59,O15-C68-O14-N12
BEHTEN,0,-152.86,10.09,-10.07,C3-O1-C19-C18,O1-C19-C18-C17,C4-C3-O1-C19
BEHTEN,1,-152.86,-48.88,-10.07,C3-O1-C19-C18,O1-C19-C18-C15,C4-C3-O1-C19
BEHTEN,2,142.05,-5.22,83.45,C6-N2-C4-C3,N2-C4-C3-O1,C7-C6-N2-C4
BEHTEN,3,-179.79,33.19,138.06,C9-C8-C7-C6,C8-C7-C6-N2,O3-C9-C8-C7
BEHTEN,4,45.54,179.9,-6.24,N4-C12-O3-C9,C12-O3-C9-C8,C14-N4-C12-O3
BEHTEN,5,131.9,113.57,-0.02,C18-C15-C14-N4,C15-C14-N4-C12,C19-C18-C15-C14
BEJMAI,0,-41.48,56.46,169.17,O6-O5-C36-C35,O5-C36-C35-C34,O7-O6-O5-C36
BEJMAI,1,7.5,1.84,-145.04,N12-O10-O7-O6,O10-O7-O6-O5,N13-N12-O10-O7
BEJMAI,2,-169.67,20.96,98.94,N31-C30-C38-C40,C30-C38-C40-C41,C32-N31-C30-C38
BEJMAI,3,29.29,-16.0,-129.45,C35-C34-C32-N31,C34-C32-N31-C30,C36-C35-C34-C32
BEJMAI,4,-20.67,-62.15,121.64,C40-C41-C47-C49,C41-C47-C49-C50,C38-C40-C41-C47
BEJMAI,5,-20.67,60.82,121.64,C40-C41-C47-C49,C41-C47-C49-C55,C38-C40-C41-C47
BEJMAI,6,-100.81,57.11,51.37,C49-C55-C56-C58,C55-C56-C58-C59,C47-C49-C55-C56
BEJMAI,7,60.01,-133.73,15.8,C58-C59-C6-C2,C59-C6-C2-N15,C56-C58-C59-C6
BEJMAI,8,-117.84,44.46,34.27,C2-N15-N13-N12,N15-N13-N12-O10,C6-C2-N15-N13
BEMVAS,0,55.55,25.13,-119.21,N6-N5-C44-C42,N5-C44-C42-C34,N7-N6-N5-C44
BEMVAS,1,-122.44,91.2,57.61,O3-O2-N7-N6,O2-N7-N6-N5,O4-O3-O2-N7
BEMVAS,2,-40.2,-14.78,57.55,C7-O6-O4-O3,O6-O4-O3-O2,C9-C7-O6-O4
BEMVAS,3,-144.77,-98.07,-133.29,C19-C11-C9-C7,C11-C9-C7-O6,C20-C19-C11-C9
BEMVAS,4,176.93,-79.94,0.31,C23-C22-C20-C19,C22-C20-C19-C11,C25-C23-C22-C20
BEMVAS,5,-64.38,-61.43,-164.58,C31-C27-C25-C23,C27-C25-C23-C22,C32-C31-C27-C25
BEMVAS,6,2.54,11.5,-11.37,C42-C34-C32-C31,C34-C32-C31-C30,C44-C42-C34-C32
BEMVAS,7,2.54,5.76,-11.37,C42-C34-C32-C31,C34-C32-C31-C27,C44-C42-C34-C32
BEPQOD,0,54.36,131.86,-18.51,O2-C4-C48-N10,C4-C48-N10-C47,O3-O2-C4-C48
BEPQOD,1,112.22,-24.68,53.15,C9-O4-O3-O2,O4-O3-O2-C4,C12-C9-O4-O3
BEPQOD,2,-153.33,-119.8,177.83,N2-O5-C12-C9,O5-C12-C9-O4,C14-N2-O5-C12
BEPQOD,3,151.92,153.07,-146.0,N5-C16-C14-N2,C16-C14-N2-O5,C19-N5-C16-C14
BEPQOD,4,154.97,90.23,-16.49,C27-C21-C19-N5,C21-C19-N5-O6,C28-C27-C21-C19
BEPQOD,5,154.97,162.32,-16.49,C27-C21-C19-N5,C21-C19-N5-C16,C28-C27-C21-C19
BEPQOD,6,81.82,-140.02,-165.79,N7-C30-C28-C27,C30-C28-C27-C21,C34-N7-C30-C28
BEPQOD,7,-63.98,-89.13,-41.68,C39-C36-C34-N7,C36-C34-N7-C30,C40-C39-C36-C34
BEPQOD,8,5.64,-17.61,,C43-C42-C40-C39,C42-C40-C39-C36,
BIBWES,0,28.88,-117.28,14.03,O4-O3-C29-C27,O3-C29-C27-C25,O5-O4-O3-C29
BIBWES,1,41.06,-122.78,161.47,N4-O7-O5-O4,O7-O5-O4-O3,N5-N4-O7-O5
BIBWES,2,-90.85,13.12,-55.0,N9-N7-N5-N4,N7-N5-N4-O7,C31-N9-N7-N5
BIBWES,3,-24.7,65.7,-93.61,C14-C13-C31-N9,C13-C31-N9-N7,C15-C14-C13-C31
BIBWES,4,-24.7,3.42,-93.61,C14-C13-C31-N9,C13-C31-N9-C1,C15-C14-C13-C31
BIBWES,5,-57.23,-167.35,-35.88,C22-C17-C15-C14,C17-C15-C14-C13,C23-C22-C17-C15
BIBWES,6,-155.84,-101.47,101.18,C27-C25-C23-C22,C25-C23-C22-C17,C29-C27-C25-C23
BIHTUH,0,105.38,53.4,-94.26,C3-C1-C65-C63,C1-C65-C63-C47,O1-C3-C1-C65
BIHTUH,1,-59.03,-174.7,43.95,C9-C5-O1-C3,C5-O1-C3-C1,C11-C9-C5-O1
BIHTUH,2,128.31,-127.11,-48.39,N11-N7-C11-C9,N7-C11-C9-N5,C21-N11-N7-C11
BIHTUH,3,128.31,-112.32,-48.39,N11-N7-C11-C9,N7-C11-C9-C5,C21-N11-N7-C11
BIHTUH,4,-169.1,45.95,-169.69,C27-O11-C21-N11,O11-C21-N11-N7,C29-C27-O11-C21
BIHTUH,5,61.02,-159.53,-59.12,C41-C33-C29-C27,C33-C29-C27-O11,C43-C41-C33-C29
BIHTUH,6,144.97,55.3,-93.35,C63-C47-C43-C41,C47-C43-C41-C39,C65-C63-C47-C43
BIHTUH,7,144.97,89.98,-93.35,C63-C47-C43-C41,C47-C43-C41-C33,C65-C63-C47-C43
BIVJOG,0,77.45,139.23,-100.55,O3-C8-N6-C28,C8-N6-C28-C29,N4-O3-C8-N6
BIVJOG,1,21.58,168.76,,C12-C11-N4-O3,C11-N4-O3-C8,
BIVJOG,2,-15.76,-89.3,,S6-C46-N10-C48,C46-N10-C48-N2,
BIVJOG,3,-20.59,169.66,-91.71,C48-N2-O1-C3,N2-O1-C3-N1,N10-C48-N2-O1
BIXPAZ10,0,-165.7,-147.64,-146.39,C7-C5-C67-C65,C5-C67-C65-C51,C9-C7-C5-C67
BIXPAZ10,1,2.02,-176.6,-1.18,C15-C13-C9-C7,C13-C9-C7-C5,C17-C15-C13-C9
BIXPAZ10,2,63.16,-76.2,-47.08,C27-C19-C17-C15,C19-C17-C15-C13,C29-C27-C19-C17
BIXPAZ10,3,18.54,-5.86,-8.76,C41-C31-C29-C27,C31-C29-C27-C19,C43-C41-C31-C29
BIXPAZ10,4,96.76,50.77,152.76,C47-N9-C43-C41,N9-C43-C41-C31,C49-C47-N9-C43
BIXPAZ10,5,122.89,-121.34,-78.71,C65-C51-C49-C47,C51-C49-C47-N9,C67-C65-C51-C49
BOHFEJ,0,94.2,-164.16,4.18,C4-C3-O8-C36,C3-O8-C36-C35,N3-C4-C3-O8
BOHFEJ,1,114.04,-123.11,7.22,N6-C6-N3-C4,C6-N3-C4-C3,C12-N6-C6-N3
BOHFEJ,2,-168.63,-8.3,123.23,O1-C13-C12-N6,C13-C12-N6-C6,C16-O1-C13-C12
BOHFEJ,3,150.58,-70.18,106.06,C21-C18-C16-O1,C18-C16-O1-C13,C22-C21-C18-C16
BOHFEJ,4,-92.81,39.07,109.0,C29-O4-C22-C21,O4-C22-C21-C18,O6-C29-O4-C22
BOHFEJ,5,-79.55,-131.34,175.66,C33-C32-O6-C29,C32-O6-C29-O4,O7-C33-C32-O6
BOHFEJ,6,-54.06,6.83,-147.1,C36-C35-O7-C33,C35-O7-C33-C32,O8-C36-C35-O7
BOMQUT,0,111.5,-115.02,18.85,C3-C2-O38-N37,C2-O38-N37-N29,O39-C3-C2-O38
BOMQUT,1,106.29,-103.01,-4.7,C5-C70-O39-C3,C70-O39-C3-C2,O40-C5-C70-O39
BOMQUT,2,-142.52,-12.1,-109.81,C6-C74-O40-C5,C74-O40-C5-C70,C7-C6-C74-O40
BOMQUT,3,27.58,-1.1,-96.89,C10-C80-C7-C6,C80-C7-C6-C74,C11-C10-C80-C7
BOMQUT,4,-17.11,33.65,-174.94,C88-C86-C11-C10,C86-C11-C10-C9,N41-C88-C86-C11
BOMQUT,5,-17.11,27.72,-174.94,C88-C86-C11-C10,C86-C11-C10-C80,N41-C88-C86-C11
BOMQUT,6,54.97,-17.45,-138.09,C42-C77-N41-C88,C77-N41-C88-C86,C71-C42-C77-N41
BOMQUT,7,-28.86,61.07,29.01,C15-C66-C71-C42,C66-C71-C42-C77,C16-C15-C66-C71
BOMQUT,8,-28.24,6.72,,C19-C18-C16-C15,C18-C16-C15-C66,
BOQRUU,0,-127.67,171.87,,C5-C4-C48-N11,C4-C48-N11-O11,
BOQRUU,1,-42.86,144.37,-93.68,C13-C12-N3-O3,C12-N3-O3-C10,C14-C13-C12-N3
BOQRUU,2,161.67,0.4,,C16-N4-C14-C13,N4-C14-C13-C12,
BOQRUU,3,87.07,-24.89,133.97,N6-O5-C23-C22,O5-C23-C22-C21,C25-N6-O5-C23
BOQRUU,4,154.39,59.96,,C27-O6-C25-N6,O6-C25-N6-O5,
BOQRUU,5,-177.12,0.89,179.45,C37-S2-C35-N8,S2-C35-N8-C34,O8-C37-S2-C35
BOQRUU,6,-105.63,-176.64,,C39-C38-O8-C37,C38-O8-C37-S2,
BOQRUU,7,1.69,78.78,129.84,N11-O11-C46-O10,O11-C46-O10-C45,C48-N11-O11-C46
BRAXGU,0,-165.43,-54.23,,O1-C3-C62-C61,C3-C62-C61-C60,
BRAXGU,1,-165.43,-19.38,,O1-C3-C62-C61,C3-C62-C61-C58,
BRAXGU,2,-168.95,32.16,90.33,C32-O9-C30-C28,O9-C30-C28-C26,C33-C32-O9-C30
BRAXGU,3,89.12,8.63,172.48,C37-O10-C33-C32,O10-C33-C32-O9,C38-C37-O10-C33
BRAXGU,4,154.93,-71.5,,O11-C40-C38-C37,C40-C38-C37-C36,
BRAXGU,5,154.93,18.93,,O11-C40-C38-C37,C40-C38-C37-O10,
BRAXGU,6,83.1,-68.9,-11.42,N11-C55-C54-C52,C55-C54-C52-O14,C57-N11-C55-C54
BRAXGU,7,137.29,33.55,-152.14,C61-C58-C57-N11,C58-C57-N11-C55,C62-C61-C58-C57
CACNOJ10,0,38.95,-9.98,-133.4,C2-C1-C38-C37,C1-C38-C37-C36,C3-C2-C1-C38
CACNOJ10,1,-138.86,-107.74,72.5,C9-N2-C3-C2,N2-C3-C2-C1,C10-C9-N2-C3
CACNOJ10,2,-115.85,-80.68,56.71,C14-N4-C10-C9,N4-C10-C9-N2,C15-C14-N4-C10
CACNOJ10,3,0.85,-1.32,-34.52,C18-C17-C15-C14,C17-C15-C14-C13,C19-C18-C17-C15
CACNOJ10,4,0.85,50.67,-34.52,C18-C17-C15-C14,C17-C15-C14-N4,C19-C18-C17-C15
CACNOJ10,5,178.22,-101.39,79.53,C21-N5-C19-C18,N5-C19-C18-C17,C22-C21-N5-C19
CACNOJ10,6,-153.65,-163.04,105.01,C28-N6-C22-C21,N6-C22-C21-N5,C29-C28-N6-C22
CACNOJ10,7,-77.64,-68.35,9.2,C33-N8-C29-C28,N8-C29-C28-N6,C34-C33-N8-C29
CACNOJ10,8,-2.63,-0.18,83.78,C37-C36-C34-C33,C36-C34-C33-C32,C38-C37-C36-C34
CACNOJ10,9,-2.63,-60.84,83.78,C37-C36-C34-C33,C36-C34-C33-N8,C38-C37-C36-C34
CAZFIS,0,131.95,39.81,-112.63,C3-C2-N7-N6,C2-N7-N6-C20,C4-C3-C2-N7
CAZFIS,1,43.08,-1.31,55.11,C7-C6-C4-C3,C6-C4-C3-C2,C8-C7-C6-C4
CAZFIS,2,152.17,-38.28,-69.76,N5-O6-C22-C24,O6-C22-C24-O8,C19-N5-O6-C22
CAZFIS,3,-170.88,103.45,81.95,N6-C20-C19-N5,C20-C19-N5-O6,N7-N6-C20-C19
CAZFIS,4,-96.51,171.67,-8.97,C24-O8-C27-C28,O8-C27-C28-C29,C22-C24-O8-C27
CAZFIS,5,-96.51,7.04,-8.97,C24-O8-C27-C28,O8-C27-C28-N9,C22-C24-O8-C27
CAZFIS,6,135.33,67.58,137.78,C28-N9-C32-O13,N9-C32-O13-C33,C27-C28-N9-C32
CAZFIS,7,108.23,47.67,77.86,O13-C33-C39-O14,C33-C39-O14-O2,C32-O13-C33-C39
CAZFIS,8,53.93,-105.97,-58.12,O14-O2-C8-C7,O2-C8-C7-C6,C39-O14-O2-C8
CAZFIS10,0,-86.44,-45.25,-56.72,C6-C5-C35-C34,C5-C35-C34-C33,C7-C6-C5-C35
CAZFIS10,1,-159.89,171.31,55.77,C10-C9-C7-C6,C9-C7-C6-C5,C11-C10-C9-C7
CAZFIS10,2,163.51,145.21,9.02,C30-C29-C37-C39,C29-C37-C39-C40,C31-C30-C29-C37
CAZFIS10,3,160.02,-18.97,31.03,C34-C33-C31-C30,C33-C31-C30-C29,C35-C34-C33-C31
CAZFIS10,4,16.32,-13.58,179.26,C39-C40-N5-N7,C40-N5-N7-N8,C37-C39-C40-N5
CAZFIS10,5,16.32,35.57,179.26,C39-C40-N5-N7,C40-N5-N7-O2,C37-C39-C40-N5
CAZFIS10,6,119.75,-142.13,-50.45,N7-O2-O3-O5,O2-O3-O5-O6,N5-N7-O2-O3
CAZFIS10,7,-18.01,-2.33,72.44,O5-O6-O13-S1,O6-O13-S1-C13,O3-O5-O6-O13
CAZFIS10,8,-30.61,-157.7,-88.09,S1-C13-C11-C10,C13-C11-C10-C9,O13-S1-C13-C11
CAZFOY,0,32.2,-83.62,114.83,C3-O2-C32-C31,O2-C32-C31-O13,N1-C3-O2-C32
CAZFOY,1,19.48,-60.44,-110.95,C6-C5-N1-C3,C5-N1-C3-O2,C7-C6-C5-N1
CAZFOY,2,106.01,-8.43,146.48,C26-N4-O14-C34,N4-O14-C34-O15,C27-C26-N4-O14
CAZFOY,3,20.6,11.88,-98.7,C31-O13-C27-C26,O13-C27-C26-N4,C32-C31-O13-C27
CAZFOY,4,-111.35,-7.37,64.39,C34-O15-C37-C39,O15-C37-C39-O16,O14-C34-O15-C37
CAZFOY,5,-111.35,-17.25,64.39,C34-O15-C37-C39,O15-C37-C39-N8,O14-C34-O15-C37
CAZFOY,6,-69.92,-108.37,-40.33,C39-N8-C42-C43,N8-C42-C43-C44,C37-C39-N8-C42
CAZFOY,7,74.34,178.87,-156.22,C43-C44-O21-N10,C44-O21-N10-C9,C42-C43-C44-O21
CAZFOY,8,-0.58,104.27,53.14,N10-C9-C7-C6,C9-C7-C6-C5,O21-N10-C9-C7
CAZFOY10,0,91.6,-7.84,-63.82,C6-C5-C36-C35,C5-C36-C35-C34,C7-C6-C5-C36
CAZFOY10,1,-150.96,164.71,68.96,C10-C9-C7-C6,C9-C7-C6-C5,C11-C10-C9-C7
CAZFOY10,2,-162.28,36.06,13.41,C31-C30-C38-C41,C30-C38-C41-N1,C32-C31-C30-C38
CAZFOY10,3,-6.36,-167.53,148.81,C35-C34-C32-C31,C34-C32-C31-C30,C36-C35-C34-C32
CAZFOY10,4,44.38,-50.5,-27.77,C41-N1-N6-N8,N1-N6-N8-N9,C38-C41-N1-N6
CAZFOY10,5,44.38,1.7,-27.77,C41-N1-N6-N8,N1-N6-N8-O3,C38-C41-N1-N6
CAZFOY10,6,138.35,-141.3,-95.67,N8-O3-O4-O6,O3-O4-O6-O7,N6-N8-O3-O4
CAZFOY10,7,-17.88,-2.18,72.37,O6-O7-O14-S1,O7-O14-S1-C13,O4-O6-O7-O14
CAZFOY10,8,-34.59,-158.5,-92.21,S1-C13-C11-C10,C13-C11-C10-C9,O14-S1-C13-C11
CAZSEB,0,-1.68,170.77,-67.36,C2-O1-N1-C4,O1-N1-C4-C5,O2B-C2-O1-N1
CAZSEB,1,-1.68,120.75,-67.36,C2-O1-N1-C4,O1-N1-C4-O2,O2B-C2-O1-N1
CAZSEB,2,7.38,94.69,52.78,C4-O2-N2-C9,O2-N2-C9-O3,N1-C4-O2-N2
CAZSEB,3,174.97,-159.44,150.39,C9-O3-N3-C12,O3-N3-C12-C13,N2-C9-O3-N3
CAZSEB,4,174.97,113.25,150.39,C9-O3-N3-C12,O3-N3-C12-O4,N2-C9-O3-N3
CAZSEB,5,101.7,91.86,-16.28,C12-O4-N4-N4B,O4-N4-N4B-C1B,N3-C12-O4-N4
CAZSEB,6,-88.18,-9.62,85.68,N4B-C1B-C16B-O4B,C1B-C16B-O4B-C2B,N4-N4B-C1B-C16B
CAZSEB,7,-88.18,4.0,85.68,N4B-C1B-C16B-O4B,C1B-C16B-O4B-O1B,N4-N4B-C1B-C16B
CAZSEB,8,10.08,137.77,-145.42,O4B-O1B-N1B-C12B,O1B-N1B-C12B-C3B,C16B-O4B-O1B-N1B
CAZSEB,9,-23.2,103.02,138.08,C12B-C3B-C4B-O3B,C3B-C4B-O3B-C6B,N1B-C12B-C3B-C4B
CAZSEB,10,-23.2,-37.17,138.08,C12B-C3B-C4B-O3B,C3B-C4B-O3B-N2B,N1B-C12B-C3B-C4B
CAZSEB,11,-164.32,-73.6,-47.82,O3B-N2B-O2B-C2,N2B-O2B-C2-O1,C4B-O3B-N2B-O2B
CAZXAD,0,89.44,57.84,,C9-O1-C16-O2,O1-C16-O2-C18,
CAZXAD,1,83.68,106.81,,C26-O3-C33-O4,O3-C33-O4-C35,
CAZXAD,2,83.13,85.74,,C49-O5-C56-O6,O5-C56-O6-C58,
CAZXAD,3,-12.5,31.23,,C66-O7-C74-N2,O7-C74-N2-C1,
CAZXEH,0,-163.14,0.14,,C2-C1-C22A-C21A,C1-C22A-C21A-C19A,
CAZXEH,1,119.03,-58.45,,C13-N3-C11-C10,N3-C11-C10-C8,
CAZXEH,2,158.41,-5.96,,C2A-N1A-C22-C21,N1A-C22-C21-C19,
CAZXEH,3,119.03,-58.45,,C13A-N3A-C11A-C10A,N3A-C11A-C10A-C8A,
CETSAW,0,-54.02,-167.83,,O2-O1-C31-C29,O1-C31-C29-C28,
CETSAW,1,69.39,141.79,,C14-C13-C11-C9,C13-C11-C9-C8,
CEWCIQ10,0,97.46,-123.02,-144.28,C2-C1-C38-C37,C1-C38-C37-C36,C3-C2-C1-C38
CEWCIQ10,1,-134.09,-114.11,65.93,C9-N2-C3-C2,N2-C3-C2-C1,C10-C9-N2-C3
CEWCIQ10,2,-97.81,-75.4,64.12,C14-N4-C10-C9,N4-C10-C9-N2,C15-C14-N4-C10
CEWCIQ10,3,0.5,-0.7,-36.96,C18-C17-C15-C14,C17-C15-C14-C13,C19-C18-C17-C15
CEWCIQ10,4,0.5,58.01,-36.96,C18-C17-C15-C14,C17-C15-C14-N4,C19-C18-C17-C15
CEWCIQ10,5,-159.71,-104.87,58.0,C21-N5-C19-C18,N5-C19-C18-C17,C22-C21-N5-C19
CEWCIQ10,6,129.45,73.9,-88.08,C28-N6-C22-C21,N6-C22-C21-N5,C29-C28-N6-C22
CEWCIQ10,7,-117.22,-68.99,40.64,C33-N8-C29-C28,N8-C29-C28-N6,C34-C33-N8-C29
CEWCIQ10,8,0.13,0.63,-42.15,C37-C36-C34-C33,C36-C34-C33-C32,C38-C37-C36-C34
CEWCIQ10,9,0.13,49.71,-42.15,C37-C36-C34-C33,C36-C34-C33-N8,C38-C37-C36-C34
CGDLLL10,0,-70.52,35.12,-169.02,C5-N2-C30-C29,N2-C30-C29-N6,C6-C5-N2-C30
CGDLLL10,1,-37.02,179.6,31.39,C9-C8-C6-C5,C8-C6-C5-N2,C10-C9-C8-C6
CGDLLL10,2,-68.35,150.45,-113.36,C15-N3-C10-C9,N3-C10-C9-C8,C16-C15-N3-C10
CGDLLL10,3,172.31,-6.44,-11.73,C19-N4-C16-C15,N4-C16-C15-N3,C20-C19-N4-C16
CGDLLL10,4,-43.8,-171.97,33.42,C23-C22-C20-C19,C22-C20-C19-N4,C24-C23-C22-C20
CGDLLL10,5,-66.42,147.07,-112.82,C29-N6-C24-C23,N6-C24-C23-C22,C30-C29-N6-C24
CHPSAR,0,-76.3,40.41,122.17,C2-C3-C4-C6,C3-C4-C6-C8,O6-C2-C3-C4
CHPSAR,1,-42.55,118.12,19.51,C6-C8-C9-C11,C8-C9-C11-C13,C4-C6-C8-C9
CHPSAR,2,-5.02,49.77,-63.37,C11-C13-C14-C16,C13-C14-C16-C18,C9-C11-C13-C14
CHPSAR,3,131.15,-133.7,-103.08,C16-C18-C19-C21,C18-C19-C21-N2,C14-C16-C18-C19
CHPSAR,4,6.68,1.49,-2.49,C21-N2-N3-N5,N2-N3-N5-N7,C19-C21-N2-N3
CHPSAR,5,40.62,-10.25,-33.58,N5-N7-O1-O3,N7-O1-O3-O5,N3-N5-N7-O1
CHPSAR,6,49.43,-113.85,-55.97,O3-O5-O6-C2,O5-O6-C2-C3,O1-O3-O5-O6
CIYNEE,0,-153.88,8.02,52.89,C6-C5-C33-C32,C5-C33-C32-C31,C7-C6-C5-C33
CIYNEE,1,-40.95,22.14,15.97,C11-C10-C7-C6,C10-C7-C6-C5,C12-C11-C10-C7
CIYNEE,2,122.04,26.57,12.91,C28-C27-C35-C37,C27-C35-C37-C38,C29-C28-C27-C35
CIYNEE,3,60.67,157.48,-170.66,C32-C31-C29-C28,C31-C29-C28-C27,C33-C32-C31-C29
CIYNEE,4,-120.25,-21.32,36.2,C37-C38-N3-N5,C38-N3-N5-N6,C35-C37-C38-N3
CIYNEE,5,-120.25,33.2,36.2,C37-C38-N3-N5,C38-N3-N5-N9,C35-C37-C38-N3
CIYNEE,6,21.68,153.96,-68.64,N5-N9-N10-O2,N9-N10-O2-O3,N3-N5-N9-N10
CIYNEE,7,97.31,-24.9,-2.12,O2-O3-O8-S1,O3-O8-S1-C14,N10-O2-O3-O8
CIYNEE,8,-1.48,50.5,-90.38,S1-C14-C12-C11,C14-C12-C11-C10,O8-S1-C14-C12
COSARC10,0,-92.71,71.41,47.86,C2-C3-C4-C6,C3-C4-C6-C8,O11-C2-C3-C4
COSARC10,1,109.23,-60.7,-87.14,C6-C8-C9-C11,C8-C9-C11-C13,C4-C6-C8-C9
COSARC10,2,38.78,-22.37,6.64,C11-C13-C14-C16,C13-C14-C16-C18,C9-C11-C13-C14
COSARC10,3,-14.12,8.78,11.29,C16-C18-C19-C21,C18-C19-C21-C23,C14-C16-C18-C19
COSARC10,4,82.18,-50.85,-73.36,C21-C23-C24-N2,C23-C24-N2-N4,C19-C21-C23-C24
COSARC10,5,-10.93,-22.02,48.77,N2-N4-N5-N7,N4-N5-N7-O1,C24-N2-N4-N5
COSARC10,6,-57.48,69.07,52.2,N7-O1-O6-O8,O1-O6-O8-O10,N5-N7-O1-O6
COSARC10,7,66.75,-71.31,-47.05,O8-O10-O11-C2,O10-O11-C2-C3,O6-O8-O10-O11
CSARLI,0,-0.28,180.0,0.48,N2-C4-C5-C5A,C4-C5-C5A-C4A,C6A-N2-C4-C5
CSARLI,1,-0.85,-179.61,1.17,C5A-C4A-C6A-N2,C4A-C6A-N2-C4,C5-C5A-C4A-C6A
CUDTEC,0,-89.87,-46.52,-11.33,CG2_5-OG1_5-CA_5-N_5,OG1_5-CA_5-N_5-CN_5,C_5-CG2_5-OG1_5-CA_5
CUDTEC,1,170.48,124.84,124.46,CA_6-N_6-C_5-CG2_5,N_6-C_5-CG2_5-OG1_5,CB_6-CA_6-N_6-C_5
CUDTEC,2,64.21,64.27,161.05,CA_8-CG2_6-CB_6-CA_6,CG2_6-CB_6-CA_6-N_6,CG1_8-CA_8-CG2_6-CB_6
CUDTEC,3,146.72,159.29,47.06,CA_9-C_8-CG1_8-CA_8,C_8-CG1_8-CA_8-CG2_6,CG1_9-CA_9-C_8-CG1_8
CUDTEC,4,-150.71,100.9,-143.29,O_9-C_9-CG1_9-CA_9,C_9-CG1_9-CA_9-C_8,CN_10-O_9-C_9-CG1_9
CUDTEC,5,-120.41,-171.8,-120.11,CE2_10-CA_10-CN_10-O_9,CA_10-CN_10-O_9-C_9,CE3_10-CE2_10-CA_10-CN_10
CUDTEC,6,-0.04,156.46,0.67,CZ2_10-CH2_10-CE3_10-CE2_10,CH2_10-CE3_10-CE2_10-CA_10,OZ_10-CZ2_10-CH2_10-CE3_10
CUDTEC,7,166.82,-152.01,,CB_11-C_10-OZ_10-CZ2_10,C_10-OZ_10-CZ2_10-CH2_10,
CUDYAC,0,-1.6,-3.53,,C11-C7-C5-C4,C7-C5-C4-C2,
CUDYAC,1,2.23,34.61,,C26-N3-C23-C22,N3-C23-C22-C21,
CUDYAC,2,33.58,13.66,,C43-N7-C40-C39,N7-C40-C39-C36,
CUDYAC,3,-3.99,-1.87,,C60-N11-C57-C56,N11-C57-C56-C53,
CUJHIY,0,135.62,49.85,52.04,C29-C27-C81-C79,C27-C81-C79-C77,C31-C29-C27-C81
CUJHIY,1,13.05,13.62,109.14,C51-O11-C31-C29,O11-C31-C29-C27,C53-C51-O11-C31
CUJHIY,2,137.76,0.11,69.5,C63-O19-C53-C51,O19-C53-C51-O11,C65-C63-O19-C53
CUJHIY,3,-38.28,-36.35,140.43,C67-N13-C65-C63,N13-C65-C63-O19,C69-C67-N13-C65
CUJHIY,4,-141.27,-122.65,-81.45,C73-C71-C69-C67,C71-C69-C67-N13,C75-C73-C71-C69
CUJHIY,5,-121.31,-115.37,7.99,C79-C77-C75-C73,C77-C75-C73-C71,C81-C79-C77-C75
CUQRUB,0,55.04,-114.44,-101.74,O4-O3-C60-C58,O3-C60-C58-C57,O5-O4-O3-C60
CUQRUB,1,-19.03,56.51,158.07,N7-O7-O5-O4,O7-O5-O4-O3,N9-N7-O7-O5
CUQRUB,2,47.85,-147.33,35.15,C4-N11-N9-N7,N11-N9-N7-O7,C6-C4-N11-N9
CUQRUB,3,28.94,-76.11,-94.51,O13-C8-C6-C4,C8-C6-C4-N11,C14-O13-C8-C6
CUQRUB,4,126.38,-135.91,112.01,C21-C16-C14-O13,C16-C14-O13-C8,C23-C21-C16-C14
CUQRUB,5,109.07,-75.29,-8.01,C27-C25-C23-C21,C25-C23-C21-C16,C28-C27-C25-C23
CUQRUB,6,-61.75,-147.29,-27.03,C32-C30-C28-C27,C30-C28-C27-C25,C33-C32-C30-C28
CUQRUB,7,124.33,174.95,-174.7,C40-C35-C33-C32,C35-C33-C32-C30,C42-C40-C35-C33
CUQRUB,8,158.84,60.01,89.93,C45-C44-C42-C40,C44-C42-C40-C35,C46-C45-C44-C42
CUQRUB,9,157.89,107.16,154.46,C53-C48-C46-C45,C48-C46-C45-C44,C55-C53-C48-C46
CUQRUB,10,71.15,-137.45,-44.78,C58-C57-C55-C53,C57-C55-C53-C48,C60-C58-C57-C55
CUQSAI,0,-29.45,-33.41,-162.92,O3-O2-C60-C58,O2-C60-C58-C57,O4-O3-O2-C60
CUQSAI,1,-128.83,-34.88,-167.41,N6-O6-O4-O3,O6-O4-O3-O2,N8-N6-O6-O4
CUQSAI,2,-22.88,53.79,84.06,C3-N10-N8-N6,N10-N8-N6-O6,C5-C3-N10-N8
CUQSAI,3,-39.84,-60.84,-15.87,C12-C7-C5-C3,C7-C5-C3-N10,C14-C12-C7-C5
CUQSAI,4,-179.82,-69.27,-55.6,C21-C16-C14-C12,C16-C14-C12-C7,C23-C21-C16-C14
CUQSAI,5,8.04,-46.0,-170.54,C27-C25-C23-C21,C25-C23-C21-C16,C28-C27-C25-C23
CUQSAI,6,87.17,7.55,142.56,C32-C30-C28-C27,C30-C28-C27-C25,C33-C32-C30-C28
CUQSAI,7,-141.46,71.74,156.51,C40-C35-C33-C32,C35-C33-C32-C30,C42-C40-C35-C33
CUQSAI,8,86.48,35.49,-85.23,C45-C44-C42-C40,C44-C42-C40-C35,C46-C45-C44-C42
CUQSAI,9,83.01,175.96,73.59,C53-C48-C46-C45,C48-C46-C45-C44,C55-C53-C48-C46
CUQSAI,10,-115.2,-85.73,-152.5,C58-C57-C55-C53,C57-C55-C53-C48,C60-C58-C57-C55
CUQYUI,0,5.25,-69.3,-137.11,O6-O5-C21-C20,O5-C21-C20-C19,O7-O6-O5-C21
CUQYUI,1,99.72,102.62,-148.53,N2-O9-O7-O6,O9-O7-O6-O5,N3-N2-O9-O7
CUQYUI,2,0.07,43.86,10.26,N6-N5-N3-N2,N5-N3-N2-O9,N7-N6-N5-N3
CUQYUI,3,-28.81,11.18,-38.67,C2-C1-N7-N6,C1-N7-N6-N5,C3-C2-C1-N7
CUQYUI,4,-128.28,146.89,-13.34,C6-C5-C3-C2,C5-C3-C2-C1,C7-C6-C5-C3
CUQYUI,5,-89.04,86.88,171.52,C12-C9-C7-C6,C9-C7-C6-C5,C13-C12-C9-C7
CUQYUI,6,68.08,-142.83,-9.58,C16-C15-C13-C12,C15-C13-C12-C9,C17-C16-C15-C13
CUQYUI,7,-49.73,-27.65,-113.99,C20-C19-C17-C16,C19-C17-C16-C15,C21-C20-C19-C17
CYDSAR,0,12.77,105.11,57.88,O2-O3-O4-N1,O3-O4-N1-N3,N3A-O2-O3-O4
CYDSAR,1,-14.05,24.58,-19.26,N1-N3-N4-C1,N3-N4-C1-C3,O4-N1-N3-N4
CYDSAR,2,2.19,-87.28,34.59,C1-C3-C4-C6,C3-C4-C6-C8,N4-C1-C3-C4
CYDSAR,3,-9.76,90.92,44.07,C6-C8-C9-C11,C8-C9-C11-C13,C4-C6-C8-C9
CYDSAR,4,121.12,120.89,-37.69,C11-C13-C14-C10A,C13-C14-C10A-O5A,C9-C11-C13-C14
CYDSAR,5,-13.98,-30.8,129.54,C10A-O5A-N1A-C1A,O5A-N1A-C1A-C9A,C14-C10A-O5A-N1A
CYDSAR,6,-63.07,74.56,-73.7,C1A-C9A-C15A-O4A,C9A-C15A-O4A-O1A,N1A-C1A-C9A-C15A
CYDSAR,7,-23.83,111.57,173.24,O4A-O1A-N2A-C2A,O1A-N2A-C2A-C8A,C15A-O4A-O1A-N2A
CYDSAR,8,9.38,-47.62,58.79,C2A-C8A-C14A-O3A,C8A-C14A-O3A-O2A,N2A-C2A-C8A-C14A
CYDSAR,9,-89.64,-53.82,106.51,O3A-O2A-N3A-O2,O2A-N3A-O2-O3,C14A-O3A-O2A-N3A
DAGPAE,0,164.1,-22.34,-7.5,N3-N1-O1-C7,N1-O1-C7-N5,N4-N3-N1-O1
DAGPAE,1,164.1,-5.36,-7.5,N3-N1-O1-C7,N1-O1-C7-C5,N4-N3-N1-O1
DAGPAE,2,172.38,95.16,-27.04,C7-C5-N4-N3,C5-N4-N3-N2,O1-C7-C5-N4
DAGPAE,3,172.38,-21.72,-27.04,C7-C5-N4-N3,C5-N4-N3-N1,O1-C7-C5-N4
DASXIE,0,-31.87,173.33,-128.14,C2-C1-C38-C37,C1-C38-C37-C36,C3-C2-C1-C38
DASXIE,1,138.57,106.2,-98.78,C9-N2-C3-C2,N2-C3-C2-C1,C10-C9-N2-C3
DASXIE,2,-156.99,101.07,109.83,C14-N4-C10-C9,N4-C10-C9-N2,C15-C14-N4-C10
DASXIE,3,2.94,-3.92,-68.89,C18-C17-C15-C14,C17-C15-C14-C13,C19-C18-C17-C15
DASXIE,4,2.94,15.61,-68.89,C18-C17-C15-C14,C17-C15-C14-N4,C19-C18-C17-C15
DASXIE,5,96.72,-59.01,72.62,C21-N5-C19-C18,N5-C19-C18-C17,C22-C21-N5-C19
DASXIE,6,131.27,72.22,-95.4,C28-N6-C22-C21,N6-C22-C21-N5,C29-C28-N6-C22
DASXIE,7,106.95,106.49,-78.46,C33-N8-C29-C28,N8-C29-C28-N6,C34-C33-N8-C29
DASXIE,8,-0.93,1.02,20.48,C37-C36-C34-C33,C36-C34-C33-C32,C38-C37-C36-C34
DASXIE,9,-0.93,-58.62,20.48,C37-C36-C34-C33,C36-C34-C33-N8,C38-C37-C36-C34
DAXRAZ,0,-8.83,99.9,,"C5-C4-O6""-O5""","C4-O6""-O5""-O4""",
DAXRAZ,1,-8.83,26.29,,"C5-C4-O6""-O5""","C4-O6""-O5""-O1""",
DAXRAZ,2,-134.33,-104.26,107.54,C27'-C26'-C24'-C22',C26'-C24'-C22'-C18',C29'-C27'-C26'-C24'
DAXRAZ,3,-173.48,0.73,163.0,N4'-C31'-C29'-C27',C31'-C29'-C27'-C26',N5'-N4'-C31'-C29'
DAXRAZ,4,-153.66,35.77,,O1'-N7'-N5'-N4',N7'-N5'-N4'-N3',
DAXRAZ,5,-153.66,4.68,,O1'-N7'-N5'-N4',N7'-N5'-N4'-C31',
DAXRAZ,6,-110.33,21.71,93.37,"N2""-N1""-C23""-C21""","N1""-C23""-C21""-C17""","N4""-N2""-N1""-C23"""
DAXRAZ,7,-77.0,-6.05,-172.43,"O5""-O1""-N4""-N2""","O1""-N4""-N2""-N1""","O6""-O5""-O1""-N4"""
DEKSAN,0,-140.43,137.48,-140.15,C3-C2-C59-C57,C2-C59-C57-C56,O1-C3-C2-C59
DEKSAN,1,-160.47,-179.55,45.28,C11-C4-O1-C3,C4-O1-C3-C2,C13-C11-C4-O1
DEKSAN,2,-16.68,99.99,98.61,C17-N4-C13-C11,N4-C13-C11-C4,C19-C17-N4-C13
DEKSAN,3,11.6,66.62,42.92,C24-O4-C19-C17,O4-C19-C17-N4,C26-C24-O4-C19
DEKSAN,4,133.11,93.97,38.65,C30-N6-C26-C24,N6-C26-C24-O4,C32-C30-N6-C26
DEKSAN,5,61.49,-178.76,-87.99,C36-C34-C32-C30,C34-C32-C30-N6,O7-C36-C34-C32
DEKSAN,6,-128.52,-111.91,-147.38,C39-C37-O7-C36,C37-O7-C36-C34,C40-C39-C37-O7
DEKSAN,7,136.38,104.94,71.77,N9-N8-C40-C39,N8-C40-C39-C37,C45-N9-N8-C40
DEKSAN,8,136.44,137.0,128.03,C48-C47-C45-N9,C47-C45-N9-N8,C49-C48-C47-C45
DEKSAN,9,89.31,-46.17,96.42,C54-O10-C49-C48,O10-C49-C48-C47,O11-C54-O10-C49
DEKSAN,10,152.62,54.56,156.86,C57-C56-O11-C54,C56-O11-C54-O10,C59-C57-C56-O11
DETWUU,0,-158.43,-22.14,,C5-C3-O17-O15,C3-O17-O15-C57,
DETWUU,1,-158.43,-11.58,,C5-C3-O17-O15,C3-O17-O15-C55,
DETWUU,2,-17.78,-50.07,6.46,C47-C45-C41-C37,C45-C41-C37-C33,C51-C47-C45-C41
DETWUU,3,9.2,-0.46,175.65,O15-C55-C51-C47,C55-C51-C47-C45,O17-O15-C55-C51
DEWFEQ,0,-38.32,153.52,-22.41,O5-O4-O4B-C8B,O4-O4B-C8B-C10B,O6-O5-O4-O4B
DEWFEQ,1,-38.32,144.63,-22.41,O5-O4-O4B-C8B,O4-O4B-C8B-C21B,O6-O5-O4-O4B
DEWFEQ,2,14.49,-22.81,-33.57,N3-N2-O6-O5,N2-O6-O5-O4,N4-N3-N2-O6
DEWFEQ,3,-95.39,83.05,39.78,C4-N6-N4-N3,N6-N4-N3-N2,C5-C4-N6-N4
DEWFEQ,4,-62.62,-41.69,18.72,C8-C7-C5-C4,C7-C5-C4-C3,C9-C8-C7-C5
DEWFEQ,5,-62.62,-167.34,18.72,C8-C7-C5-C4,C7-C5-C4-N6,C9-C8-C7-C5
DEWFEQ,6,-168.38,-13.58,-3.13,C12-C11-C9-C8,C11-C9-C8-C7,C13-C12-C11-C9
DEWFEQ,7,-141.55,-74.81,54.41,C19-C15-C13-C12,C15-C13-C12-C11,C20-C19-C15-C13
DEWFEQ,8,-35.44,22.43,-143.0,C23-C22-C20-C19,C22-C20-C19-C18,C24-C23-C22-C20
DEWFEQ,9,-35.44,-25.86,-143.0,C23-C22-C20-C19,C22-C20-C19-C15,C24-C23-C22-C20
DEWFEQ,10,9.34,177.26,125.45,O6B-C23B-C24-C23,C23B-C24-C23-C22,N1B-O6B-C23B-C24
DEWFEQ,11,160.57,-172.94,112.55,O5B-C1B-N1B-O6B,C1B-N1B-O6B-C23B,C18B-O5B-C1B-N1B
DEWFEQ,12,-168.62,6.17,179.56,O1B-C4B-C18B-O5B,C4B-C18B-O5B-C5B,N2B-O1B-C4B-C18B
DEWFEQ,13,-168.62,7.91,179.56,O1B-C4B-C18B-O5B,C4B-C18B-O5B-C1B,N2B-O1B-C4B-C18B
DEWFEQ,14,-177.79,162.5,-2.5,C6B-C19B-N2B-O1B,C19B-N2B-O1B-C4B,C9B-C6B-C19B-N2B
DEWFEQ,15,2.68,15.13,-62.15,C8B-C21B-C9B-C6B,C21B-C9B-C6B-C19B,O4B-C8B-C21B-C9B
DONQUU,0,-178.33,0.63,-15.51,O1A-O2A-C3A-C5A,O2A-C3A-C5A-C6A,S2A-O1A-O2A-C3A
DONQUU,1,142.22,17.61,-51.79,C5A-C6A-S2A-O1A,C6A-S2A-O1A-O2A,C3A-C5A-C6A-S2A
DOVXIW,0,-37.0,-84.71,,C2-N4-N2-N1,N4-N2-N1-O4,
DOVXIW,1,-152.38,172.45,,C15-C11-C9-C8,C11-C9-C8-C7,
DUBNOH,0,-36.27,-13.98,,CD2_1-CE1_1-CA_5-N_5,CE1_1-CA_5-N_5-O_4,
DUBNOH,1,-23.78,-107.61,70.37,N_4-O_3-C1_9-O6_8,O_3-C1_9-O6_8-C6_8,CA_4-N_4-O_3-C1_9
DUBNOH,2,-168.36,-86.64,-178.48,CD2_4-CD1_4-CA_4-N_4,CD1_4-CA_4-N_4-O_3,CE1_4-CD2_4-CD1_4-CA_4
DUBNOH,3,179.08,-177.42,178.88,OH_4-CZ_4-CE1_4-CD2_4,CZ_4-CE1_4-CD2_4-CD1_4,OE3_4-OH_4-CZ_4-CE1_4
DUBNOH,4,-137.24,24.79,-98.5,N_5-O_4-OE3_4-OH_4,O_4-OE3_4-OH_4-CZ_4,CA_5-N_5-O_4-OE3_4
DUDQAU,0,-115.14,-79.91,-95.9,O4-O3-C58-C56,O3-C58-C56-C55,O5-O4-O3-C58
DUDQAU,1,-27.21,41.24,27.38,N4-O7-O5-O4,O7-O5-O4-O3,N6-N4-O7-O5
DUDQAU,2,71.19,16.69,-55.16,C1-N8-N6-N4,N8-N6-N4-O7,C3-C1-N8-N6
DUDQAU,3,-88.25,136.34,-52.24,C10-C5-C3-C1,C5-C3-C1-N8,C12-C10-C5-C3
DUDQAU,4,72.34,111.25,118.63,C19-C14-C12-C10,C14-C12-C10-C5,C21-C19-C14-C12
DUDQAU,5,-17.08,-110.55,-171.15,C25-C23-C21-C19,C23-C21-C19-C14,C26-C25-C23-C21
DUDQAU,6,-80.12,-120.15,-47.07,C30-C28-C26-C25,C28-C26-C25-C23,C31-C30-C28-C26
DUDQAU,7,126.19,174.62,156.78,C38-C33-C31-C30,C33-C31-C30-C28,C40-C38-C33-C31
DUDQAU,8,170.34,59.67,92.35,C43-C42-C40-C38,C42-C40-C38-C33,C44-C43-C42-C40
DUDQAU,9,162.09,117.1,156.99,C51-C46-C44-C43,C46-C44-C43-C42,C53-C51-C46-C44
DUDQAU,10,-154.0,-88.73,48.75,C56-C55-C53-C51,C55-C53-C51-C46,C58-C56-C55-C53
DUMCEV,0,-58.24,-38.8,,C103-C102-O111-O110,C102-O111-O110-O109,
DUMCEV,1,125.14,5.91,1.95,C110-C109-N111-N112,C109-N111-N112-N132,C112-C110-C109-N111
DUMCEV,2,-139.88,-61.49,-103.69,C118-C114-C112-C110,C114-C112-C110-C109,C119-C118-C114-C112
DUMCEV,3,-94.46,122.5,-64.57,C130-C121-C119-C118,C121-C119-C118-C117,C131-C130-C121-C119
DUMCEV,4,-94.46,125.5,-64.57,C130-C121-C119-C118,C121-C119-C118-C114,C131-C130-C121-C119
DUMCEV,5,-95.51,11.18,-73.4,N112-N132-N110-N105,N132-N110-N105-N18,N111-N112-N132-N110
DUMCEV,6,-22.63,-44.4,94.73,O105-C133-C131-C130,C133-C131-C130-C121,O106-O105-C133-C131
DUMCEV,7,-122.54,-168.73,-61.81,O110-O109-O106-O105,O109-O106-O105-C133,O111-O110-O109-O106
DUMCIZ,0,157.04,114.51,,C6-C5-O8-O7,C5-O8-O7-O6,
DUMCIZ,1,135.27,-145.94,-59.44,C12-C11-O1-N12,C11-O1-N12-N6,C13-C12-C11-O1
DUMCIZ,2,161.85,-78.03,-103.95,C19-C15-C13-C12,C15-C13-C12-C11,C21-C19-C15-C13
DUMCIZ,3,-38.9,-55.73,-100.73,C33-C23-C21-C19,C23-C21-C19-C18,C34-C33-C23-C21
DUMCIZ,4,-38.9,38.22,-100.73,C33-C23-C21-C19,C23-C21-C19-C15,C34-C33-C23-C21
DUMCIZ,5,120.79,88.73,52.27,N12-N6-N4-N3,N6-N4-N3-N2,O1-N12-N6-N4
DUMCIZ,6,1.79,-156.81,-101.11,O3-C36-C34-C33,C36-C34-C33-C23,O4-O3-C36-C34
DUMCIZ,7,-37.01,149.67,14.91,O7-O6-O4-O3,O6-O4-O3-C36,O8-O7-O6-O4
DUMNOQ,0,28.48,-117.53,,C106-C105-O107-O106,C105-O107-O106-O105,
DUMNOQ,1,-37.76,35.17,42.07,C112-C111-N108-N107,C111-N108-N107-N105,C113-C112-C111-N108
DUMNOQ,2,31.39,-128.54,-103.12,C119-C115-C113-C112,C115-C113-C112-C111,C120-C119-C115-C113
DUMNOQ,3,-10.57,79.74,-171.6,C130-C122-C120-C119,C122-C120-C119-C118,C132-C130-C122-C120
DUMNOQ,4,-10.57,48.88,-171.6,C130-C122-C120-C119,C122-C120-C119-C115,C132-C130-C122-C120
DUMNOQ,5,-48.7,174.37,-47.9,N107-N105-N103-N102,N105-N103-N102-N101,N108-N107-N105-N103
DUMNOQ,6,55.23,-80.98,111.85,O102-C134-C132-C130,C134-C132-C130-C122,O103-O102-C134-C132
DUMNOQ,7,82.99,-25.04,-104.68,O106-O105-O103-O102,O105-O103-O102-C134,O107-O106-O105-O103
DUMNUW,0,92.64,-24.0,,C6-C5-O8-O7,C5-O8-O7-O6,
DUMNUW,1,74.7,109.87,-95.25,C12-C11-O1-N8,C11-O1-N8-N6,C13-C12-C11-O1
DUMNUW,2,-176.61,-69.81,-133.86,C19-C15-C13-C12,C15-C13-C12-C11,C20-C19-C15-C13
DUMNUW,3,-129.13,135.53,-155.3,C32-C22-C20-C19,C22-C20-C19-C18,C33-C32-C22-C20
DUMNUW,4,-129.13,73.77,-155.3,C32-C22-C20-C19,C22-C20-C19-C15,C33-C32-C22-C20
DUMNUW,5,-92.68,-84.13,27.42,N8-N6-N4-N3,N6-N4-N3-N2,O1-N8-N6-N4
DUMNUW,6,-114.55,-92.7,63.97,O3-C35-C33-C32,C35-C33-C32-C22,O4-O3-C35-C33
DUMNUW,7,-168.51,30.36,-1.7,O7-O6-O4-O3,O6-O4-O3-C35,O8-O7-O6-O4
DUMPAE,0,-53.91,77.64,,C6-C5-O55-O7,C5-O55-O7-O6,
DUMPAE,1,98.02,53.4,-92.38,C12-C11-O1-N102,C11-O1-N102-N11,C13-C12-C11-O1
DUMPAE,2,80.34,29.06,-125.24,C19-C15-C13-C12,C15-C13-C12-C11,C20-C19-C15-C13
DUMPAE,3,116.39,-83.79,146.44,C31-C22-C20-C19,C22-C20-C19-C18,C32-C31-C22-C20
DUMPAE,4,116.39,-68.72,146.44,C31-C22-C20-C19,C22-C20-C19-C15,C32-C31-C22-C20
DUMPAE,5,81.84,19.29,-35.74,N102-N11-N5-N4,N11-N5-N4-N3,O1-N102-N11-N5
DUMPAE,6,-20.91,24.13,-46.78,O3-C34-C32-C31,C34-C32-C31-C22,O4-O3-C34-C32
DUMPAE,7,14.52,-40.84,-107.73,O7-O6-O4-O3,O6-O4-O3-C34,O55-O7-O6-O4
DUPFAV,0,53.42,-46.74,137.41,N1-O1-C29-C28,O1-C29-C28-C26,C4-N1-O1-C29
DUPFAV,1,156.45,87.17,,N2-C6-C4-N1,C6-C4-N1-O1,
DUPFAV,2,-10.22,-90.9,-101.75,N5-C22-C20-C19,C22-C20-C19-N3,C24-N5-C22-C20
DUPFAV,3,132.86,133.93,-59.82,C28-C26-C24-N5,C26-C24-N5-C22,C29-C28-C26-C24
DUTLAF10,0,163.61,-39.02,26.85,C3-O1-C62-C61,O1-C62-C61-C60,C4-C3-O1-C62
DUTLAF10,1,163.61,-2.36,26.85,C3-O1-C62-C61,O1-C62-C61-C58,C4-C3-O1-C62
DUTLAF10,2,15.21,-84.63,63.52,C11-N2-C4-C3,N2-C4-C3-O1,C12-C11-N2-C4
DUTLAF10,3,124.7,-172.97,-139.22,C19-C13-C12-C11,C13-C12-C11-N2,C20-C19-C13-C12
DUTLAF10,4,45.01,-88.4,-50.76,C25-C22-C20-C19,C22-C20-C19-C13,C26-C25-C22-C20
DUTLAF10,5,30.17,-125.61,-88.36,C31-C27-C26-C25,C27-C26-C25-N5,C32-C31-C27-C26
DUTLAF10,6,30.17,-124.17,-88.36,C31-C27-C26-C25,C27-C26-C25-C22,C32-C31-C27-C26
DUTLAF10,7,-100.46,15.2,-53.47,C34-N6-C32-C31,N6-C32-C31-C30,C35-C34-N6-C32
DUTLAF10,8,-100.46,17.36,-53.47,C34-N6-C32-C31,N6-C32-C31-C27,C35-C34-N6-C32
DUTLAF10,9,-80.63,-121.49,132.54,C42-C36-C35-C34,C36-C35-C34-N6,C43-C42-C36-C35
DUTLAF10,10,-126.27,-8.27,135.16,C50-C44-C43-C42,C44-C43-C42-C36,O9-C50-C44-C43
DUTLAF10,11,-91.9,83.28,-63.62,C56-C52-O9-C50,C52-O9-C50-C44,C57-C56-C52-O9
DUTLAF10,12,103.56,3.01,10.63,C61-C58-C57-C56,C58-C57-C56-C55,C62-C61-C58-C57
DUTLAF10,13,103.56,9.89,10.63,C61-C58-C57-C56,C58-C57-C56-C52,C62-C61-C58-C57
DUVGOQ10,0,-77.8,9.57,-30.15,C1-N1-S2-C20,N1-S2-C20-N5,C2-C1-N1-S2
DUVGOQ10,1,-77.8,41.79,-30.15,C1-N1-S2-C20,N1-S2-C20-C18,C2-C1-N1-S2
DUVGOQ10,2,-39.19,-36.09,-149.73,C6-N3-C21-O5,N3-C21-O5-N6,C7-C6-N3-C21
DUVGOQ10,3,106.11,-1.66,16.96,C15-C9-C7-C6,C9-C7-C6-N3,C16-C15-C9-C7
DUVGOQ10,4,25.96,-87.36,-10.0,C20-C18-C16-C15,C18-C16-C15-C9,S2-C20-C18-C16
DUVGOQ10,5,155.78,171.23,-150.72,O5-N6-C23-O6,N6-C23-O6-N7,C21-O5-N6-C23
DUVGOQ10,6,155.78,165.1,-150.72,O5-N6-C23-O6,N6-C23-O6-C27,C21-O5-N6-C23
DUVGOQ10,7,47.43,-59.8,12.98,O6-C27-C28-O7,C27-C28-O7-N8,C23-O6-C27-C28
DUVGOQ10,8,88.17,-12.24,104.74,O7-N8-C37-O8,N8-C37-O8-O1,C28-O7-N8-C37
DUVGOQ10,9,20.13,149.08,-85.81,O8-O1-C2-C1,O1-C2-C1-N1,C37-O8-O1-C2
EHEMAG,0,81.62,-19.01,,C2-C1-N7-N6,C1-N7-N6-N5,
EHEMAG,1,-103.59,56.23,,C9-C10-C18-C20,C10-C18-C20-C21,
EHEMAG,2,146.75,-76.73,,C31-C30-C28-C27,C30-C28-C27-C26,
EHEMAG,3,52.13,121.14,,C38-C39-O2-O3,C39-O2-O3-O4,
EJISOJ,0,147.72,53.81,44.03,C012-C00T-N00O-N00N,C00T-N00O-N00N-N00M,C015-C012-C00T-N00O
EJISOJ,1,70.48,-62.48,31.42,C01G-C01A-C015-C012,C01A-C015-C012-C00T,C01I-C01G-C01A-C015
EJISOJ,2,-101.51,19.09,-141.03,C029-C01M-C01I-C01G,C01M-C01I-C01G-C01A,C02B-C029-C01M-C01I
EJISOJ,3,52.99,39.88,,C02M-C02F-C02B-C029,C02F-C02B-C029-C01M,
EJOYEH,0,123.66,-20.11,-86.44,O5-O4-C33-C32,O4-C33-C32-C31,O7-O5-O4-C33
EJOYEH,1,123.66,-35.04,-86.44,O5-O4-C33-C32,O4-C33-C32-C28,O7-O5-O4-C33
EJOYEH,2,141.67,53.51,-54.18,O11-O9-O7-O5,O9-O7-O5-O4,O12-O11-O9-O7
EJOYEH,3,160.76,13.97,29.51,N3-N2-O12-O11,N2-O12-O11-O9,N4-N3-N2-O12
EJOYEH,4,89.63,-37.83,-128.67,N7-N6-N4-N3,N6-N4-N3-N2,N8-N7-N6-N4
EJOYEH,5,-125.44,28.2,48.5,C3-C2-N8-N7,C2-N8-N7-N6,C4-C3-C2-N8
EJOYEH,6,-132.63,-21.14,-3.83,C15-C6-C4-C3,C6-C4-C3-C2,C16-C15-C6-C4
EJOYEH,7,-69.33,9.78,44.2,C24-C18-C16-C15,C18-C16-C15-C6,C26-C24-C18-C16
EJOYEH,8,-73.26,159.17,-3.64,C32-C28-C26-C24,C28-C26-C24-C18,C33-C32-C28-C26
EJOYIL,0,125.28,-20.54,-86.04,O5-O4-C33-C32,O4-C33-C32-C31,O6-O5-O4-C33
EJOYIL,1,125.28,-37.09,-86.04,O5-O4-C33-C32,O4-C33-C32-C27,O6-O5-O4-C33
EJOYIL,2,141.47,53.65,-54.85,O10-O8-O6-O5,O8-O6-O5-O4,O11-O10-O8-O6
EJOYIL,3,161.2,13.96,27.43,N3-N2-O11-O10,N2-O11-O10-O8,N4-N3-N2-O11
EJOYIL,4,89.45,-36.4,-128.66,N7-N6-N4-N3,N6-N4-N3-N2,N8-N7-N6-N4
EJOYIL,5,-122.92,27.1,49.97,C3-C2-N8-N7,C2-N8-N7-N6,C4-C3-C2-N8
EJOYIL,6,-133.39,-19.4,-4.11,C15-C6-C4-C3,C6-C4-C3-C2,C16-C15-C6-C4
EJOYIL,7,-71.31,12.12,41.61,C24-C18-C16-C15,C18-C16-C15-C6,C25-C24-C18-C16
EJOYIL,8,-61.32,162.09,-0.61,C32-C27-C25-C24,C27-C25-C24-C18,C33-C32-C27-C25
ENELIS,0,-165.04,85.44,-149.22,C5-C4-C68-Br2,C4-C68-Br2-C61,O1-C5-C4-C68
ENELIS,1,139.58,-111.73,-178.25,O3-C6-O1-C5,C6-O1-C5-C4,N5-O3-C6-O1
ENELIS,2,-2.68,-134.9,90.5,C19-C18-N5-O3,C18-N5-O3-C6,C20-C19-C18-N5
ENELIS,3,80.44,-176.04,-175.82,O4-C22-C20-C19,C22-C20-C19-C18,N6-O4-C22-C20
ENELIS,4,-107.53,-163.07,70.66,C33-C27-N6-O4,C27-N6-O4-C25,C34-C33-C27-N6
ENELIS,5,-107.53,-84.52,70.66,C33-C27-N6-O4,C27-N6-O4-C22,C34-C33-C27-N6
ENELIS,6,135.03,-38.5,110.33,C39-O6-C34-C33,O6-C34-C33-C27,N9-C39-O6-C34
ENELIS,7,-156.14,-69.94,-157.89,C51-O7-N9-C39,O7-N9-C39-O6,C52-C51-O7-N9
ENELIS,8,36.29,-6.88,-68.84,C55-C54-C52-C51,C54-C52-C51-O7,O9-C55-C54-C52
ENELIS,9,116.13,110.35,133.45,C60-C56-O9-C55,C56-O9-C55-C54,O10-C60-C56-O9
ENELIS,10,119.76,-162.15,-53.32,Br2-C61-O10-C60,C61-O10-C60-C59,C68-Br2-C61-O10
ENELIS,11,119.76,-113.48,-53.32,Br2-C61-O10-C60,C61-O10-C60-C56,C68-Br2-C61-O10
ENELOY,0,177.49,-116.13,-72.77,C5-C4-O11-C59,C4-O11-C59-C51,O1-C5-C4-O11
ENELOY,1,85.81,-107.27,-109.95,C12-C6-O1-C5,C6-O1-C5-C4,O3-C12-C6-O1
ENELOY,2,-96.66,-176.26,-18.53,C14-C13-O3-C12,C13-O3-C12-C6,C15-C14-C13-O3
ENELOY,3,1.89,155.92,6.33,C19-C17-C15-C14,C17-C15-C14-C13,C20-C19-C17-C15
ENELOY,4,46.03,147.25,-169.09,C28-C22-C20-C19,C22-C20-C19-N5,C29-C28-C22-C20
ENELOY,5,46.03,136.12,-169.09,C28-C22-C20-C19,C22-C20-C19-C17,C29-C28-C22-C20
ENELOY,6,56.13,45.1,-167.48,C34-C31-C29-C28,C31-C29-C28-C22,C35-C34-C31-C29
ENELOY,7,-170.47,91.36,-178.07,Cl4-C37-C35-C34,C37-C35-C34-C31,Cl5-Cl4-C37-C35
ENELOY,8,91.22,10.93,-108.53,O9-C44-Cl5-Cl4,C44-Cl5-Cl4-C37,N10-O9-C44-Cl5
ENELOY,9,-108.43,-148.53,-113.08,C50-C46-N10-O9,C46-N10-O9-C44,O10-C50-C46-N10
ENELOY,10,-119.88,-158.73,99.6,C59-C51-O10-C50,C51-O10-C50-C49,O11-C59-C51-O10
ENELOY,11,-119.88,-159.8,99.6,C59-C51-O10-C50,C51-O10-C50-C46,O11-C59-C51-O10
ESUPUE,0,-5.51,30.7,-40.8,C4-C3-N10-O10,C3-N10-O10-C41,C5-C4-C3-N10
ESUPUE,1,-152.3,67.07,-42.89,C7-C6-C5-C4,C6-C5-C4-C3,O2-C7-C6-C5
ESUPUE,2,-11.16,-20.28,-53.89,N3-C9-O2-C7,C9-O2-C7-C6,C12-N3-C9-O2
ESUPUE,3,-106.55,-124.19,17.64,C19-C14-C12-N3,C14-C12-N3-O3,C20-C19-C14-C12
ESUPUE,4,-106.55,146.61,17.64,C19-C14-C12-N3,C14-C12-N3-C9,C20-C19-C14-C12
ESUPUE,5,-135.07,-49.39,-92.91,O6-C22-C20-C19,C22-C20-C19-C14,C25-O6-C22-C20
ESUPUE,6,-88.77,-31.21,-108.3,C31-O7-C25-O6,O7-C25-O6-C22,C32-C31-O7-C25
ESUPUE,7,173.93,-25.96,,O8-C34-C32-C31,C34-C32-C31-O7,
ESUPUE,8,48.66,-68.94,-14.51,O10-C41-N8-O9,C41-N8-O9-C39,N10-O10-C41-N8
EVAPUM,0,-131.78,-5.19,-121.33,C3-C2-O9-C35,C2-O9-C35-C34,C4-C3-C2-O9
EVAPUM,1,-98.52,56.46,58.81,O3-C6-C4-C3,C6-C4-C3-C2,N2-O3-C6-C4
EVAPUM,2,-7.18,178.78,-57.75,O4-C11-N2-O3,C11-N2-O3-C9,N3-O4-C11-N2
EVAPUM,3,-7.18,148.93,-57.75,O4-C11-N2-O3,C11-N2-O3-C6,N3-O4-C11-N2
EVAPUM,4,-32.89,165.04,178.66,C23-C16-N3-O4,C16-N3-O4-C14,C24-C23-C16-N3
EVAPUM,5,-32.89,-151.47,178.66,C23-C16-N3-O4,C16-N3-O4-C11,C24-C23-C16-N3
EVAPUM,6,53.19,-80.11,73.03,C26-O6-C24-C23,O6-C24-C23-C16,C27-C26-O6-C24
EVAPUM,7,16.86,177.09,97.52,C29-N6-C27-C26,N6-C27-C26-O6,C30-C29-N6-C27
EVAPUM,8,52.98,62.83,-0.07,O8-C32-C30-C29,C32-C30-C29-N6,N7-O8-C32-C30
EVAPUM,9,-141.13,175.13,120.76,C35-C34-N7-O8,C34-N7-O8-C32,O9-C35-C34-N7
EVITEK,0,89.13,-160.1,,C1-C2-C3-C5,C2-C3-C5-C6,
EVITEK,1,-35.85,160.69,-7.64,C5-C6-C10-C12,C6-C10-C12-C13,C3-C5-C6-C10
EVITEK,2,-112.69,80.07,-38.84,C12-C13-C18-C20,C13-C18-C20-C21,C10-C12-C13-C18
EVITEK,3,156.44,-128.41,151.97,C20-C21-C23-C25,C21-C23-C25-C26,C18-C20-C21-C23
EZUKIU,0,-146.0,83.93,56.25,O4-O3-C34-C33,O3-C34-C33-C28,O5-O4-O3-C34
EZUKIU,1,42.2,-68.69,93.14,C3-O7-O5-O4,O7-O5-O4-O3,C4-C3-O7-O5
EZUKIU,2,155.77,-160.57,-69.63,C11-C6-C4-C3,C6-C4-C3-N4,C12-C11-C6-C4
EZUKIU,3,155.77,121.64,-69.63,C11-C6-C4-C3,C6-C4-C3-O7,C12-C11-C6-C4
EZUKIU,4,-125.57,-19.22,-111.13,C16-C14-C12-C11,C14-C12-C11-C6,C18-C16-C14-C12
EZUKIU,5,-129.0,-133.46,152.26,C25-C20-C18-C16,C20-C18-C16-C14,C26-C25-C20-C18
EZUKIU,6,149.7,-131.61,-118.9,C33-C28-C26-C25,C28-C26-C25-C20,C34-C33-C28-C26
FADQOQ,0,154.12,59.39,-106.6,N1-O2-C8E-C7E,O2-C8E-C7E-C12E,C3-N1-O2-C8E
FADQOQ,1,45.29,48.79,-88.54,C13-C5-C3-N1,C5-C3-N1-O2,C14-C13-C5-C3
FADQOQ,2,-142.07,168.4,-54.64,N1E-C11E-C14-C13,C11E-C14-C13-C5,N2E-N1E-C11E-C14
FADQOQ,3,-13.8,93.81,-104.29,C11A-C11C-N2E-N1E,C11C-N2E-N1E-C11E,O2A-C11A-C11C-N2E
FADQOQ,4,-15.29,128.7,-125.73,O1A-C1A-O2A-C11A,C1A-O2A-C11A-C11C,C13A-O1A-C1A-O2A
FADQOQ,5,-50.56,77.6,-156.22,C12C-C15A-C13A-O1A,C15A-C13A-O1A-C1A,C13C-C12C-C15A-C13A
FADQOQ,6,-107.79,-21.58,12.31,C4C-C15C-C13C-C12C,C15C-C13C-C12C-C15A,C8C-C4C-C15C-C13C
FADQOQ,7,18.3,111.05,169.74,C7E-C12E-C8C-C4C,C12E-C8C-C4C-C15C,C8E-C7E-C12E-C8C
FADQUW,0,-64.03,114.19,-142.32,N2-C1-C3-C5,C1-C3-C5-C6,C8A-N2-C1-C3
FADQUW,1,120.6,-170.56,-94.35,C5-C6-C14-C11A,C6-C14-C11A-C2A,C3-C5-C6-C14
FADQUW,2,113.5,-165.13,-33.95,C11A-C2A-N2A-C11C,C2A-N2A-C11C-O2C,C14-C11A-C2A-N2A
FADQUW,3,-37.75,-46.09,118.48,C11C-O2C-O2E-C1E,O2C-O2E-C1E-C10E,N2A-C11C-O2C-O2E
FADQUW,4,129.3,-135.82,-47.58,C1E-C10E-C13E-C15E,C10E-C13E-C15E-C3E,O2E-C1E-C10E-C13E
FADQUW,5,17.26,145.2,146.0,C15E-C3E-C13C-C15C,C3E-C13C-C15C-C6C,C13E-C15E-C3E-C13C
FADQUW,6,63.5,-59.87,-7.52,C15C-C6C-C8C-C12A,C6C-C8C-C12A-C13A,C13C-C15C-C6C-C8C
FADQUW,7,119.9,-54.22,175.41,C12A-C13A-C8A-N2,C13A-C8A-N2-C1,C8C-C12A-C13A-C8A
FADTEJ,0,-70.07,-11.7,-16.45,N2-N1-C45-C43,N1-C45-C43-C41,N3-N2-N1-C45
FADTEJ,1,1.84,10.33,0.79,C3-C1-N3-N2,C1-N3-N2-N1,C5-C3-C1-N3
FADTEJ,2,176.79,-150.27,-78.09,C15-C7-C5-C3,C7-C5-C3-C1,C16-C15-C7-C5
FADTEJ,3,89.8,-117.42,-129.91,C20-C18-C16-C15,C18-C16-C15-C7,C22-C20-C18-C16
FADTEJ,4,156.43,12.98,-71.18,N6-O5-C22-C20,O5-C22-C20-C18,N7-N6-O5-C22
FADTEJ,5,-3.34,11.18,4.63,C26-C24-N7-N6,C24-N7-N6-O5,C28-C26-C24-N7
FADTEJ,6,173.38,-155.49,-73.79,C38-C30-C28-C26,C30-C28-C26-C24,C39-C38-C30-C28
FADTEJ,7,8.29,-107.06,120.18,C43-C41-C39-C38,C41-C39-C38-C30,C45-C43-C41-C39
FERCRN10,0,-125.37,-15.02,-133.45,C6-O2-C28-N9,O2-C28-N9-C23,O3-C6-O2-C28
FERCRN10,1,38.28,36.03,-82.86,N3-C8-O3-C6,C8-O3-C6-O2,C9-N3-C8-O3
FERCRN10,2,43.11,32.11,4.33,N4-C10-C9-N3,C10-C9-N3-C8,O5-N4-C10-C9
FERCRN10,3,0.5,123.99,-39.69,C14-O6-O5-N4,O6-O5-N4-C10,C15-C14-O6-O5
FERCRN10,4,-65.01,54.5,-179.28,C21-C16-C15-C14,C16-C15-C14-O6,C22-C21-C16-C15
FERCRN10,5,49.64,-91.82,-34.15,N9-C23-C22-C21,C23-C22-C21-C16,C28-N9-C23-C22
FILPEW,0,9.17,-128.27,-108.09,C3-O1-N11-C37,O1-N11-C37-C36,N2-C3-O1-N11
FILPEW,1,-54.96,-56.69,-57.19,O2-C5-N2-C3,C5-N2-C3-O1,C6-O2-C5-N2
FILPEW,2,-20.36,109.72,-128.98,O3-C8-C6-O2,C8-C6-O2-C5,N4-O3-C8-C6
FILPEW,3,101.35,144.49,-167.11,C13-C12-N4-O3,C12-N4-O3-C10,C14-C13-C12-N4
FILPEW,4,101.35,-178.89,-167.11,C13-C12-N4-O3,C12-N4-O3-C8,C14-C13-C12-N4
FILPEW,5,-166.39,-23.87,57.34,C16-N5-C14-C13,N5-C14-C13-C12,C17-C16-N5-C14
FILPEW,6,179.43,-124.73,-109.02,C18-N6-C17-C16,N6-C17-C16-N5,C19-C18-N6-C17
FILPEW,7,126.69,-118.87,-154.06,C21-C20-C19-C18,C20-C19-C18-N6,C22-C21-C20-C19
FILPEW,8,-106.24,-0.48,-62.38,C24-C23-C22-C21,C23-C22-C21-C20,O7-C24-C23-C22
FILPEW,9,-176.47,-179.86,135.91,C28-N8-O7-C24,N8-O7-C24-C23,C29-C28-N8-O7
FILPEW,10,118.35,-58.16,-129.88,C32-N9-C29-C28,N9-C29-C28-O8,O9-C32-N9-C29
FILPEW,11,118.35,-31.12,-129.88,C32-N9-C29-C28,N9-C29-C28-N8,O9-C32-N9-C29
FILPEW,12,75.37,175.89,76.37,C34-C33-O9-C32,C33-O9-C32-N9,O10-C34-C33-O9
FILPEW,13,110.72,21.55,-35.84,C37-C36-O10-C34,C36-O10-C34-C33,N11-C37-C36-O10
FIQBIU,0,146.04,-35.49,50.46,OE1_10-CA_10-CD2_9-CD1_9,CA_10-CD2_9-CD1_9-CG_9,NE1_10-OE1_10-CA_10-CD2_9
FIQBIU,1,178.17,-4.4,-105.11,CD1_11-CA_11-NE1_10-OE1_10,CA_11-NE1_10-OE1_10-CA_10,CD2_11-CD1_11-CA_11-NE1_10
FIQBIU,2,-40.48,-19.51,145.54,CD1_12-CA_12-CD2_11-CD1_11,CA_12-CD2_11-CD1_11-CA_11,CD2_12-CD1_12-CA_12-CD2_11
FIQBIU,3,-7.42,-0.6,122.86,OE1_13-CA_13-CD2_12-CD1_12,CA_13-CD2_12-CD1_12-CA_12,NE1_13-OE1_13-CA_13-CD2_12
FIQBIU,4,-66.63,3.57,74.62,CD1_14-CA_14-NE1_13-OE1_13,CA_14-NE1_13-OE1_13-CA_13,CG2_14-CD1_14-CA_14-NE1_13
FIQBIU,5,159.02,110.92,,O_15-C_15-CG2_14-CD1_14,C_15-CG2_14-CD1_14-CA_14,
FOHDIS,0,123.5,-173.7,6.65,CB_1-CG_1-CG_2-CD2_2,CG_1-CG_2-CD2_2-CE1_2,CA_1-CB_1-CG_1-CG_2
FOHDIS,1,-26.05,-7.72,27.75,CD2_2-CE1_2-CA_1-CB_1,CE1_2-CA_1-CB_1-CG_1,CG_2-CD2_2-CE1_2-CA_1
FOLPIJ,0,102.43,-18.2,,O00G-N00D-C02G-C02E,N00D-C02G-C02E-C026,
FOLPIJ,1,102.43,-74.48,,O00G-N00D-C02G-C02E,N00D-C02G-C02E-C01O,
FOLPIJ,2,99.63,-163.33,-5.31,C01L-C01K-C01I-C01G,C01K-C01I-C01G-C01E,C01M-C01L-C01K-C01I
FOLPIJ,3,62.57,-14.01,83.43,C02E-C01O-C01M-C01L,C01O-C01M-C01L-C01K,C02G-C02E-C01O-C01M
FOLWOT,0,-1.11,15.05,-10.76,C6-C5-N5-N4,C5-N5-N4-N3,C7-C6-C5-N5
FOLWOT,1,-94.7,18.73,61.81,C13-C9-C7-C6,C9-C7-C6-C5,C14-C13-C9-C7
FOLWOT,2,47.99,-13.59,-45.65,C17-C16-C14-C13,C16-C14-C13-C12,C18-C17-C16-C14
FOLWOT,3,47.99,102.68,-45.65,C17-C16-C14-C13,C16-C14-C13-C9,C18-C17-C16-C14
FOLWOT,4,-37.39,138.48,-21.23,C24-C20-C18-C17,C20-C18-C17-C16,C25-C24-C20-C18
FOLWOT,5,-172.65,-23.4,-112.09,C31-C27-C25-C24,C27-C25-C24-C23,C32-C31-C27-C25
FOLWOT,6,-172.65,73.3,-112.09,C31-C27-C25-C24,C27-C25-C24-C20,C32-C31-C27-C25
FOLWOT,7,-61.49,3.54,139.83,C39-C34-C32-C31,C34-C32-C31-C30,C40-C39-C34-C32
FOLWOT,8,-61.49,-40.81,139.83,C39-C34-C32-C31,C34-C32-C31-C27,C40-C39-C34-C32
FOLWOT,9,-114.83,-5.07,88.25,C43-C42-C40-C39,C42-C40-C39-C34,N1-C43-C42-C40
FOLWOT,10,-75.04,117.66,-57.54,N4-N3-N1-C43,N3-N1-C43-C42,N5-N4-N3-N1
FUBRAV,0,-48.95,178.47,-123.87,C31-C30-C50-N14,C30-C50-N14-C49,O6-C31-C30-C50
FUBRAV,1,-148.78,159.04,,C36-C32-O6-C31,C32-O6-C31-C30,
FUBRAV,2,174.59,-147.25,-136.97,N14-C49-N13-O9,C49-N13-O9-C47,C50-N14-C49-N13
FUBXUX,0,130.5,12.54,128.68,O11-O5-C26-C25A,O5-C26-C25A-C16,O14-O11-O5-C26
FUBXUX,1,-23.49,25.2,-14.19,N7-N4-O14-O11,N4-O14-O11-O5,N10-N7-N4-O14
FUBXUX,2,-0.69,-9.08,1.25,C3-C2-N10-N7,C2-N10-N7-N4,C5-C3-C2-N10
FUBXUX,3,-18.23,32.3,12.52,C12-C8-C5-C3,C8-C5-C3-C2,C14-C12-C8-C5
FUBXUX,4,12.05,-25.39,-19.87,C25A-C16-C14-C12,C16-C14-C12-C8,C26-C25A-C16-C14
FUBYAE,0,-109.51,53.56,30.83,O11-O5-C34-C33,O5-C34-C33-C25,O14-O11-O5-C34
FUBYAE,1,-103.79,-2.38,161.58,C2-N4-O14-O11,N4-O14-O11-O5,C3-C2-N4-O14
FUBYAE,2,38.9,65.38,-79.49,C18-C6-C3-C2,C6-C3-C2-N13,C19-C18-C6-C3
FUBYAE,3,38.9,10.92,-79.49,C18-C6-C3-C2,C6-C3-C2-N4,C19-C18-C6-C3
FUBYAE,4,78.44,-49.96,138.98,C22-C21-C19-C18,C21-C19-C18-C6,C23-C22-C21-C19
FUBYAE,5,-128.57,67.22,-58.94,C33-C25-C23-C22,C25-C23-C22-C21,C34-C33-C25-C23
FULJIH,0,-64.99,54.57,,C6A-C4A-C2A-C1A,C4A-C2A-C1A-N3A,
FULJIH,1,-64.99,-122.25,,C22-C20-C18-C17,C20-C18-C17-O3,
GABWOW,0,42.22,-13.91,93.42,O5-O4-C59-C57,O4-C59-C57-C56,O6-O5-O4-C59
GABWOW,1,2.69,-159.73,-30.46,N5-O8-O6-O5,O8-O6-O5-O4,N7-N5-O8-O6
GABWOW,2,38.52,-20.97,45.91,C2-N9-N7-N5,N9-N7-N5-O8,C4-C2-N9-N7
GABWOW,3,-38.82,-61.8,47.88,C11-C6-C4-C2,C6-C4-C2-N9,C13-C11-C6-C4
GABWOW,4,-36.67,-174.13,127.56,C20-C15-C13-C11,C15-C13-C11-C6,C22-C20-C15-C13
GABWOW,5,-14.43,-49.12,-178.88,C26-C24-C22-C20,C24-C22-C20-C15,C27-C26-C24-C22
GABWOW,6,-86.62,-148.02,-11.42,C31-C29-C27-C26,C29-C27-C26-C24,C32-C31-C29-C27
GABWOW,7,134.23,148.75,154.08,C39-C34-C32-C31,C34-C32-C31-C29,C41-C39-C34-C32
GABWOW,8,164.7,104.38,81.45,C44-C43-C41-C39,C43-C41-C39-C34,C45-C44-C43-C41
GABWOW,9,98.63,96.9,-74.03,C52-C47-C45-C44,C47-C45-C44-C43,C54-C52-C47-C45
GABWOW,10,-42.41,-22.3,-3.14,C57-C56-C54-C52,C56-C54-C52-C47,C59-C57-C56-C54
GABWUC,0,42.8,-15.06,92.73,O5-O4-C59-C57,O4-C59-C57-C56,O6-O5-O4-C59
GABWUC,1,3.05,-159.54,-31.44,N5-O8-O6-O5,O8-O6-O5-O4,N7-N5-O8-O6
GABWUC,2,38.09,-21.19,46.6,C2-N9-N7-N5,N9-N7-N5-O8,C4-C2-N9-N7
GABWUC,3,-38.16,-61.84,46.56,C11-C6-C4-C2,C6-C4-C2-N9,C13-C11-C6-C4
GABWUC,4,-35.28,-174.18,129.38,C20-C15-C13-C11,C15-C13-C11-C6,C22-C20-C15-C13
GABWUC,5,-13.83,-50.58,-179.57,C26-C24-C22-C20,C24-C22-C20-C15,C27-C26-C24-C22
GABWUC,6,-86.54,-148.08,-11.38,C31-C29-C27-C26,C29-C27-C26-C24,C32-C31-C29-C27
GABWUC,7,133.27,149.45,153.69,C39-C34-C32-C31,C34-C32-C31-C29,C41-C39-C34-C32
GABWUC,8,163.15,105.36,81.7,C44-C43-C41-C39,C43-C41-C39-C34,C45-C44-C43-C41
GABWUC,9,97.83,96.5,-74.72,C52-C47-C45-C44,C47-C45-C44-C43,C54-C52-C47-C45
GABWUC,10,-41.13,-25.6,-3.78,C57-C56-C54-C52,C56-C54-C52-C47,C59-C57-C56-C54
GABXAJ,0,-141.76,-17.88,27.24,N4-N3-C58-C56,N3-C58-C56-C55,N5-N4-N3-C58
GABXAJ,1,-77.13,74.44,55.21,O5-N7-N5-N4,N7-N5-N4-N3,O7-O5-N7-N5
GABXAJ,2,-3.7,108.09,72.32,C2-O9-O7-O5,O9-O7-O5-N7,C4-C2-O9-O7
GABXAJ,3,-120.65,116.28,-144.28,C11-C6-C4-C2,C6-C4-C2-O9,C13-C11-C6-C4
GABXAJ,4,-1.76,-21.2,-35.28,C20-C15-C13-C11,C15-C13-C11-C6,C22-C20-C15-C13
GABXAJ,5,-104.88,-150.28,160.04,C26-C24-C22-C20,C24-C22-C20-C15,C27-C26-C24-C22
GABXAJ,6,-114.95,5.07,-47.8,C31-C29-C27-C26,C29-C27-C26-C24,C32-C31-C29-C27
GABXAJ,7,-128.34,-59.19,-53.18,C39-C34-C32-C31,C34-C32-C31-C29,C41-C39-C34-C32
GABXAJ,8,71.24,-95.53,177.18,C44-C43-C41-C39,C43-C41-C39-C34,C45-C44-C43-C41
GABXAJ,9,-92.34,99.21,68.03,C52-C47-C45-C44,C47-C45-C44-C43,O18-C52-C47-C45
GABXAJ,10,66.93,142.62,36.05,C56-C55-O18-C52,C55-O18-C52-C47,C58-C56-C55-O18
GABXEN,0,-60.02,105.88,-13.26,N4-N3-C58-C56,N3-C58-C56-C55,N5-N4-N3-C58
GABXEN,1,-88.05,83.39,59.05,O5-N7-N5-N4,N7-N5-N4-N3,O7-O5-N7-N5
GABXEN,2,-16.53,110.22,136.91,C1-O9-O7-O5,O9-O7-O5-N7,C3-C1-O9-O7
GABXEN,3,-111.55,173.45,-21.45,C10-C5-C3-C1,C5-C3-C1-O9,C12-C10-C5-C3
GABXEN,4,-147.48,-170.81,-139.69,C19-C14-C12-C10,C14-C12-C10-C5,C21-C19-C14-C12
GABXEN,5,-176.67,-15.54,107.65,C25-C23-C21-C19,C23-C21-C19-C14,C26-C25-C23-C21
GABXEN,6,-99.22,-150.94,-28.37,C30-C28-C26-C25,C28-C26-C25-C23,C31-C30-C28-C26
GABXEN,7,145.34,-55.76,-87.9,C38-C33-C31-C30,C33-C31-C30-C28,C40-C38-C33-C31
GABXEN,8,148.22,89.33,108.54,C43-C42-C40-C38,C42-C40-C38-C33,C44-C43-C42-C40
GABXEN,9,88.65,111.66,-80.78,C51-C46-C44-C43,C46-C44-C43-C42,C53-C51-C46-C44
GABXEN,10,41.49,-130.2,-44.19,C56-C55-C53-C51,C55-C53-C51-C46,C58-C56-C55-C53
GACCOH,0,-35.15,63.67,-14.63,C7B-C6B-C41B-C40B,C6B-C41B-C40B-C37B,C9B-C7B-C6B-C41B
GACCOH,1,-86.11,101.93,11.7,C13B-C11B-C9B-C7B,C11B-C9B-C7B-C6B,C14B-C13B-C11B-C9B
GACCOH,2,-115.65,-49.34,150.48,C18B-C16B-C14B-C13B,C16B-C14B-C13B-C11B,C19B-C18B-C16B-C14B
GACCOH,3,105.01,-1.0,-161.65,C33B-C32B-C43B-C45B,C32B-C43B-C45B-C21B,C35B-C33B-C32B-C43B
GACCOH,4,-82.09,-0.89,108.05,C40B-C37B-C35B-C33B,C37B-C35B-C33B-C32B,C41B-C40B-C37B-C35B
GACCOH,5,-71.43,-1.1,-156.73,C45B-C21B-C19B-C18B,C21B-C19B-C18B-C16B,C43B-C45B-C21B-C19B
GAJFAY,0,-60.58,49.89,33.6,O5-O4-C63-C62,O4-C63-C62-C54,O6-O5-O4-C63
GAJFAY,1,-146.42,168.48,-173.08,C2-N1-O6-O5,N1-O6-O5-O4,C3-C2-N1-O6
GAJFAY,2,80.84,157.27,176.07,C9-C5-C3-C2,C5-C3-C2-N1,C10-C9-C5-C3
GAJFAY,3,72.53,-125.22,174.17,C37-C12-C10-C9,C12-C10-C9-C8,C38-C37-C12-C10
GAJFAY,4,72.53,48.53,174.17,C37-C12-C10-C9,C12-C10-C9-C5,C38-C37-C12-C10
GAJFAY,5,-106.79,-73.79,-5.68,C51-C40-C38-C37,C40-C38-C37-C12,C52-C51-C40-C38
GAJFAY,6,86.3,-109.87,165.01,C62-C54-C52-C51,C54-C52-C51-C40,C63-C62-C54-C52
GEJTAU,0,17.55,132.07,,O005-O004-C029-C026,O004-C029-C026-C021,
GEJTAU,1,-143.51,-85.02,,C01G-C01D-C017-C010,C01D-C017-C010-C00X,
GENTOM,0,7.27,-18.76,15.32,C39-C25-C42-C44,C25-C42-C44-C19,C40-C39-C25-C42
GENTOM,1,-30.27,-149.9,-45.22,C44-C19-C40-C39,C19-C40-C39-C38,C42-C44-C19-C40
GENTOM,2,-30.27,13.71,-45.22,C44-C19-C40-C39,C19-C40-C39-C25,C42-C44-C19-C40
GIPKAR10,0,-151.25,45.32,-84.84,C5-C4-C52-C51,C4-C52-C51-C50,O1-C5-C4-C52
GIPKAR10,1,-41.93,-158.36,-48.57,O2-C6-O1-C5,C6-O1-C5-C4,N3-O2-C6-O1
GIPKAR10,2,-67.07,-150.75,-64.33,O3-C12-N3-O2,C12-N3-O2-C6,N4-O3-C12-N3
GIPKAR10,3,-84.17,-121.01,29.68,O4-C21-N4-O3,C21-N4-O3-C12,N5-O4-C21-N4
GIPKAR10,4,-40.8,-175.82,138.93,C34-C30-N5-O4,C30-N5-O4-C21,O5-C34-C30-N5
GIPKAR10,5,166.95,146.14,-34.53,C39-C35-O5-C34,C35-O5-C34-C33,C40-C39-C35-O5
GIPKAR10,6,166.95,145.23,-34.53,C39-C35-O5-C34,C35-O5-C34-C30,C40-C39-C35-O5
GIPKAR10,7,-114.8,-29.91,117.27,C41-N7-C40-C39,N7-C40-C39-C38,C42-C41-N7-C40
GIPKAR10,8,-114.8,-103.96,117.27,C41-N7-C40-C39,N7-C40-C39-C35,C42-C41-N7-C40
GIPKAR10,9,-2.61,-66.57,-105.99,C47-C44-C42-C41,C44-C42-C41-N7,C48-C47-C44-C42
GIPKAR10,10,159.45,-119.01,2.89,C51-C50-C48-C47,C50-C48-C47-C44,C52-C51-C50-C48
GOGZOU,0,-142.3,-145.36,-78.41,CD1_DPN_1_B-CG_DPN_1_B-O_LYS_5_B-C_LYS_5_B,CG_DPN_1_B-O_LYS_5_B-C_LYS_5_B-CA_LYS_5_B,CD2_DPN_1_B-CD1_DPN_1_B-CG_DPN_1_B-O_LYS_5_B
GOGZOU,1,-51.84,179.7,-39.68,O_PHE_3_B-CE2_DPN_1_B-CD2_DPN_1_B-CD1_DPN_1_B,CE2_DPN_1_B-CD2_DPN_1_B-CD1_DPN_1_B-CG_DPN_1_B,CB_PHE_3_B-O_PHE_3_B-CE2_DPN_1_B-CD2_DPN_1_B
GOGZOU,2,25.04,-128.66,,O_DTR_4_B-CD1_PHE_3_B-CB_PHE_3_B-O_PHE_3_B,CD1_PHE_3_B-CB_PHE_3_B-O_PHE_3_B-CE2_DPN_1_B,
GOGZOU,3,40.56,67.84,34.54,C_LYS_5_B-CA_LYS_5_B-CH2_DTR_4_B-CZ3_DTR_4_B,CA_LYS_5_B-CH2_DTR_4_B-CZ3_DTR_4_B-CZ2_DTR_4_B,O_LYS_5_B-C_LYS_5_B-CA_LYS_5_B-CH2_DTR_4_B
GOKSEE,0,-40.52,3.14,112.25,O5-O4-C24-C23,O4-C24-C23-C22,O6-O5-O4-C24
GOKSEE,1,145.99,-160.91,-16.65,O10-O8-O6-O5,O8-O6-O5-O4,O11-O10-O8-O6
GOKSEE,2,-8.15,89.97,-117.41,C1-O13-O11-O10,O13-O11-O10-O8,C3-C1-O13-O11
GOKSEE,3,117.79,-44.34,1.74,C6-C5-C3-C1,C5-C3-C1-O13,C7-C6-C5-C3
GOKSEE,4,2.43,177.14,-1.38,C10-C9-C7-C6,C9-C7-C6-C5,C11-C10-C9-C7
GOKSEE,5,-167.31,-176.21,174.78,C18-C13-C11-C10,C13-C11-C10-C9,C20-C18-C13-C11
GOKSEE,6,145.53,-70.11,14.54,C23-C22-C20-C18,C22-C20-C18-C13,C24-C23-C22-C20
GUHGIZ,0,-39.68,25.87,106.66,C40-C39-C37-C36,C39-C37-C36-N4,C41-C40-C39-C37
GUHGIZ,1,118.24,-27.4,-31.46,C49-C46-C41-C40,C46-C41-C40-C39,O11-C49-C46-C41
GUHGIZ,2,-30.53,-139.89,169.83,C54-O12-O11-C49,O12-O11-C49-C46,C55-C54-O12-O11
GUHGIZ,3,-52.25,37.95,119.99,C60-N8-C55-C54,N8-C55-C54-O12,C61-C60-N8-C55
GUHGIZ,4,56.25,-97.3,31.03,C63-N9-C61-C60,N9-C61-C60-N8,O16-C63-N9-C61
GUHGIZ,5,5.22,101.71,-163.72,C69-C65-O16-C63,C65-O16-C63-N9,O17-C69-C65-O16
GUHGIZ,6,-59.18,-45.84,,C75-C71-O17-C69,C71-O17-C69-C65,
GUVCUX,0,-82.04,-143.3,,CD_11-CG_11-C_18-CD1_18,CG_11-C_18-CD1_18-CD2_17,
GUVCUX,1,-105.85,158.65,,CD_13-N_13-C_12-CD1_12,N_13-C_12-CD1_12-CB_12,
GUVCUX,2,-110.32,-154.7,,CD_15-N_15-C_14-CD1_14a,N_15-C_14-CD1_14a-CD2_13,
GUVCUX,3,-107.2,166.0,,CD_17-N_17-C_16-CD1_16,N_17-C_16-CD1_16-CB_16,
HAXMOI,0,-139.9,-22.12,5.88,N2-N1-O7-O5,N1-O7-O5-O4,N4-N2-N1-O7
HAXMOI,1,82.93,-18.42,-126.61,C2-C1-N4-N2,C1-N4-N2-N1,C3-C2-C1-N4
HAXMOI,2,-170.02,65.91,,C10-C5-C3-C2,C5-C3-C2-C1,
HAXMOI,3,-167.12,-144.11,129.85,O8B-C25B-C24-C22,C25B-C24-C22-C18,C24B-O8B-C25B-C24
HAXMOI,4,-121.03,8.29,-28.27,O7B-C7B-C24B-O8B,C7B-C24B-O8B-C25B,C20B-O7B-C7B-C24B
HAXMOI,5,-101.23,5.33,,O2B-O3B-C20B-O7B,O3B-C20B-O7B-C7B,
HAXMOI10,0,-139.9,-22.12,5.88,N2-N1-O7-O5,N1-O7-O5-O4,N4-N2-N1-O7
HAXMOI10,1,82.93,-18.42,-126.61,C2-C1-N4-N2,C1-N4-N2-N1,C3-C2-C1-N4
HAXMOI10,2,-170.02,65.91,,C10-C5-C3-C2,C5-C3-C2-C1,
HAXMOI10,3,-167.12,-144.11,129.85,O8A-C25A-C24-C22,C25A-C24-C22-C18,C24A-O8A-C25A-C24
HAXMOI10,4,-121.03,8.29,-28.27,O7A-C7A-C24A-O8A,C7A-C24A-O8A-C25A,C20A-O7A-C7A-C24A
HAXMOI10,5,-101.23,5.33,,O2A-O3A-C20A-O7A,O3A-C20A-O7A-C7A,
HEBKUU,0,1.59,13.67,-60.81,C2-C1-C61-C60,C1-C61-C60-N10,O1-C2-C1-C61
HEBKUU,1,-166.14,-33.61,179.98,C8-C4-O1-C2,C4-O1-C2-C1,C9-C8-C4-O1
HEBKUU,2,-154.39,-14.65,-31.01,C13-C10-C9-C8,C10-C9-C8-C7,C14-C13-C10-C9
HEBKUU,3,-154.39,-14.65,-31.01,C13-C10-C9-C8,C10-C9-C8-C4,C14-C13-C10-C9
HEBKUU,4,-159.31,22.37,126.6,C21-C15-C14-C13,C15-C14-C13-C12,O4-C21-C15-C14
HEBKUU,5,-159.31,3.0,126.6,C21-C15-C14-C13,C15-C14-C13-C10,O4-C21-C15-C14
HEBKUU,6,111.44,-119.32,-52.67,C29-N5-O4-C21,N5-O4-C21-C15,C30-C29-N5-O4
HEBKUU,7,22.59,10.69,-68.71,C33-N6-C30-C29,N6-C30-C29-N5,O6-C33-N6-C30
HEBKUU,8,158.92,-48.33,-150.85,C39-C35-O6-C33,C35-O6-C33-N6,C40-C39-C35-O6
HEBKUU,9,-153.33,-1.24,-23.98,C44-C41-C40-C39,C41-C40-C39-C38,C45-C44-C41-C40
HEBKUU,10,-153.33,-1.25,-23.98,C44-C41-C40-C39,C41-C40-C39-C35,C45-C44-C41-C40
HEBKUU,11,-165.14,26.17,134.23,C52-C46-C45-C44,C46-C45-C44-C43,O9-C52-C46-C45
HEBKUU,12,-165.14,2.42,134.23,C52-C46-C45-C44,C46-C45-C44-C41,O9-C52-C46-C45
HEBKUU,13,111.86,-121.32,-51.41,C60-N10-O9-C52,N10-O9-C52-C46,C61-C60-N10-O9
HEGNEO,0,-65.65,-137.75,,C29-C33-C37-C45,C33-C37-C45-C49,
HEGNEO,1,-175.68,41.94,26.44,C45-C49-C69-O9,C49-C69-O9-O13,C37-C45-C49-C69
HEGNIS,0,-40.32,90.72,,C29-C33-C41-C49,C33-C41-C49-C53,
HEGNIS,1,-4.64,44.73,153.65,C49-C53-C73-O9,C53-C73-O9-O13,C41-C49-C53-C73
HEWGOG,0,110.6,-9.77,41.82,O12-O11-C67-C66,O11-C67-C66-C65,N6-O12-O11-C67
HEWGOG,1,110.6,162.67,41.82,O12-O11-C67-C66,O11-C67-C66-C61,N6-O12-O11-C67
HEWGOG,2,-103.03,165.19,14.23,C45-N8-N6-O12,N8-N6-O12-O11,C46-C45-N8-N6
HEWGOG,3,63.46,-54.15,17.74,C58-C48-C46-C45,C48-C46-C45-N8,C59-C58-C48-C46
HEWGOG,4,-124.38,-159.72,169.54,C66-C61-C59-C58,C61-C59-C58-C48,C67-C66-C61-C59
HEYZAN,0,-164.64,-56.65,-60.25,O5-O6-O7-O9,O6-O7-O9-O10,C27-O5-O6-O7
HEYZAN,1,-27.29,-76.97,98.16,O9-O10-O11-N1,O10-O11-N1-N6,O7-O9-O10-O11
HEYZAN,2,-9.15,-68.4,176.81,N1-N6-N7-C1,N6-N7-C1-C2,O11-N1-N6-N7
HEYZAN,3,168.39,-126.04,-21.14,C1-C2-C3-C5,C2-C3-C5-C10,N7-C1-C2-C3
HEYZAN,4,148.67,-107.61,-66.17,C5-C10-C11-C13,C10-C11-C13-C14,C3-C5-C10-C11
HEYZAN,5,-116.76,21.59,96.19,C13-C14-C15-C17,C14-C15-C17-C22,C11-C13-C14-C15
HEYZAN,6,11.01,-39.47,22.46,C17-C22-C23-C25,C22-C23-C25-C26,C15-C17-C22-C23
HEYZAN,7,62.88,-99.0,-15.4,C25-C26-C27-O5,C26-C27-O5-O6,C23-C25-C26-C27
HEZDID,0,23.15,-11.23,157.73,C14-C13-N101-C99,C13-N101-C99-C92,C15-C14-C13-N101
HEZDID,1,-152.56,-40.89,-151.95,C25-C21-C15-C14,C21-C15-C14-C13,C26-C25-C21-C15
HEZDID,2,-115.8,-44.94,-98.06,C32-C31-C26-C25,C31-C26-C25-C21,O32-C32-C31-C26
HEZDID,3,12.38,-16.33,119.72,C42-C34-O32-C32,C34-O32-C32-C31,O42-C42-C34-O32
HEZDID,4,45.25,61.09,102.63,C52-C44-O42-C42,C44-O42-C42-C41,O52-C52-C44-O42
HEZDID,5,45.25,124.14,102.63,C52-C44-O42-C42,C44-O42-C42-C34,O52-C52-C44-O42
HEZDID,6,15.61,60.38,-162.57,C62-C54-O52-C52,C54-O52-C52-C44,O62-C62-C54-O52
HEZDID,7,-45.74,-50.64,44.48,O72-C64-O62-C62,C64-O62-C62-C54,C73-O72-C64-O62
HEZDID,8,-99.6,-127.88,45.2,C76-C75-C73-O72,C75-C73-O72-C64,N81-C76-C75-C73
HEZDID,9,-171.21,100.49,73.17,C86'-C82-N81-C76,C82-N81-C76-C75,N91-C86'-C82-N81
HEZDID,10,-165.29,173.8,129.65,C99-C92-N91-C86',C92-N91-C86'-C85',N101-C99-C92-N91
HEZDID,11,-165.29,143.76,129.65,C99-C92-N91-C86',C92-N91-C86'-C82,N101-C99-C92-N91
HEZDOJ,0,77.86,-46.35,162.69,C14-C13-N101-C99,C13-N101-C99-C92,C15-C14-C13-N101
HEZDOJ,1,-131.59,-44.36,-147.14,C25-C21-C15-C14,C21-C15-C14-C13,C26-C25-C21-C15
HEZDOJ,2,-101.6,-46.72,-115.8,C32-C31-C26-C25,C31-C26-C25-C21,O32-C32-C31-C26
HEZDOJ,3,43.41,-5.62,156.79,C42-C34-O32-C32,C34-O32-C32-C31,O42-C42-C34-O32
HEZDOJ,4,43.85,61.65,109.37,C52-C44-O42-C42,C44-O42-C42-C41,O52-C52-C44-O42
HEZDOJ,5,43.85,130.21,109.37,C52-C44-O42-C42,C44-O42-C42-C34,O52-C52-C44-O42
HEZDOJ,6,23.63,68.81,-146.07,C62-C54-O52-C52,C54-O52-C52-C44,O62-C62-C54-O52
HEZDOJ,7,-36.66,-46.76,37.08,O72-C64-O62-C62,C64-O62-C62-C54,C73-O72-C64-O62
HEZDOJ,8,-110.26,-123.3,38.43,C76-C75-C73-O72,C75-C73-O72-C64,N81-C76-C75-C73
HEZDOJ,9,-173.14,91.82,-108.08,C86-C82-N81-C76,C82-N81-C76-C75,N91-C86-C82-N81
HEZDOJ,10,-141.01,157.36,134.34,C99-C92-N91-C86,C92-N91-C86-C85,N101-C99-C92-N91
HEZDOJ,11,-141.01,-31.05,134.34,C99-C92-N91-C86,C92-N91-C86-C82,N101-C99-C92-N91
HEZDUP,0,125.47,-94.65,131.14,C14-C13-C101-N101,C13-C101-N101-O92,C15-C14-C13-C101
HEZDUP,1,121.23,-44.16,117.99,C25-C21-C15-C14,C21-C15-C14-C13,C26-C25-C21-C15
HEZDUP,2,73.1,41.75,-133.25,C32-C31-C26-C25,C31-C26-C25-C21,O32-C32-C31-C26
HEZDUP,3,36.15,-33.5,-86.81,O42-C34-O32-C32,C34-O32-C32-C31,C43-O42-C34-O32
HEZDUP,4,-12.78,56.03,-163.06,O52-C45-C43-O42,C45-C43-O42-C42,C53-O52-C45-C43
HEZDUP,5,-12.78,113.63,-163.06,O52-C45-C43-O42,C45-C43-O42-C34,C53-O52-C45-C43
HEZDUP,6,-5.38,45.54,-162.52,C62-C55-C53-O52,C55-C53-O52-C45,O62-C62-C55-C53
HEZDUP,7,-66.11,-93.75,31.27,O72-C64-O62-C62,C64-O62-C62-C55,C73-O72-C64-O62
HEZDUP,8,-92.25,-118.46,46.44,C76-C75-C73-O72,C75-C73-O72-C64,N81-C76-C75-C73
HEZDUP,9,28.24,101.43,-140.97,N91-C82-N81-C76,C82-N81-C76-C75,C91-N91-C82-N81
HEZDUP,10,-124.39,129.96,179.56,N101-O92-C91-N91,O92-C91-N91-C86,C101-N101-O92-C91
HEZDUP,11,-124.39,85.7,179.56,N101-O92-C91-N91,O92-C91-N91-C82,C101-N101-O92-C91
HICHUW,0,150.74,-5.39,96.53,C48-C47-O5-O4,C47-O5-O4-O3,C49-C48-C47-O5
HICHUW,1,-149.27,-87.2,-55.06,C52-C51-C49-C48,C51-C49-C48-C47,C53-C52-C51-C49
HICHUW,2,-54.99,58.98,72.94,C56-C55-C53-C52,C55-C53-C52-C51,C57-C56-C55-C53
HICHUW,3,-80.42,42.08,,C64-C59-C57-C56,C59-C57-C56-C55,
HIPCOB,0,161.4,82.47,,N4-C1-C9-C11,C1-C9-C11-C12,
HIPCOB,1,50.62,-0.09,,C29-C21-C19-C18,C21-C19-C18-C17,
HIYHOM,0,-72.97,-114.3,,N1-C3-C70-C68,C3-C70-C68-C65,
HIYHOM,1,-42.4,-0.3,-36.34,C13-C9-C8-C7,C9-C8-C7-C6,C15-C13-C9-C8
HIYHOM,2,-63.18,0.68,,O6-C16-C15-C13,C16-C15-C13-C9,
HIYHOM,3,-155.43,40.56,,N11-C52-C51-C49,C52-C51-C49-N9,
HIYHOM,4,93.29,87.81,41.27,C62-O15-C59-N12,O15-C59-N12-C58,C64-C62-O15-C59
HIYHOM,5,74.92,14.99,-61.49,C68-C65-C64-C62,C65-C64-C62-O15,C70-C68-C65-C64
HOZXON,0,132.46,149.1,0.08,C6_1-C5_1-O2_1-O1_1,C5_1-O2_1-O1_1-N7_1,C7_1-C6_1-C5_1-O2_1
HOZXON,1,-64.62,0.04,-144.81,C20_1-C9_1-C7_1-C6_1,C9_1-C7_1-C6_1-C5_1,C21_1-C20_1-C9_1-C7_1
HOZXON,2,3.72,-134.4,-83.73,N3_1-C23_1-C21_1-C20_1,C23_1-C21_1-C20_1-C9_1,N4_1-N3_1-C23_1-C21_1
HOZXON,3,-72.86,-8.77,-26.46,O5_1-O4_1-N4_1-N3_1,O4_1-N4_1-N3_1-N2_1,O6_1-O5_1-O4_1-N4_1
HOZXON,4,-72.86,-11.23,-26.46,O5_1-O4_1-N4_1-N3_1,O4_1-N4_1-N3_1-C23_1,O6_1-O5_1-O4_1-N4_1
HOZXON,5,-1.9,89.98,59.98,C36_1-C27_1-O6_1-O5_1,C27_1-O6_1-O5_1-O4_1,C37_1-C36_1-C27_1-O6_1
HOZXON,6,58.37,10.05,-124.73,C40_1-C39_1-C37_1-C36_1,C39_1-C37_1-C36_1-C27_1,C41_1-C40_1-C39_1-C37_1
HOZXON,7,159.57,9.57,-162.29,C31_1-C43_1-C41_1-C40_1,C43_1-C41_1-C40_1-C39_1,N1_1-C31_1-C43_1-C41_1
HOZXON,8,90.29,18.85,-156.52,O1_1-N7_1-N1_1-C31_1,N7_1-N1_1-C31_1-C43_1,O2_1-O1_1-N7_1-N1_1
HUCVIK,0,106.93,-114.5,-101.39,O4-O3-C59-C58,O3-C59-C58-C56,O5-O4-O3-C59
HUCVIK,1,24.41,56.78,-45.52,O12-O7-O5-O4,O7-O5-O4-O3,N2-O12-O7-O5
HUCVIK,2,-59.94,68.03,75.3,N5-N4-N2-O12,N4-N2-O12-O7,N6-N5-N4-N2
HUCVIK,3,40.02,-94.32,36.05,C2-N8-N6-N5,N8-N6-N5-N4,C4-C2-N8-N6
HUCVIK,4,170.7,27.07,17.36,C7-C6-C4-C2,C6-C4-C2-N8,C9-C7-C6-C4
HUCVIK,5,93.97,42.02,-67.4,C14-C11-C9-C7,C11-C9-C7-C6,C15-C14-C11-C9
HUCVIK,6,65.37,-88.8,144.69,C26-C17-C15-C14,C17-C15-C14-C11,C28-C26-C17-C15
HUCVIK,7,155.02,-113.62,166.33,C34-C30-C28-C26,C30-C28-C26-C17,C36-C34-C30-C28
HUCVIK,8,-67.65,-143.18,175.02,C43-C38-C36-C34,C38-C36-C34-C30,C45-C43-C38-C36
HUCVIK,9,67.34,145.17,170.66,C52-C47-C45-C43,C47-C45-C43-C38,C54-C52-C47-C45
HUCVIK,10,-86.55,140.92,-13.26,C58-C56-C54-C52,C56-C54-C52-C47,C59-C58-C56-C54
HUCVOQ,0,47.23,-37.01,-11.78,O10-O9-C58-C57,O9-C58-C57-C54,O12-O10-O9-C58
HUCVOQ,1,150.08,-147.14,-27.82,N6-N2-O12-O10,N2-O12-O10-O9,N8-N6-N2-O12
HUCVOQ,2,-23.38,70.64,80.52,C4-N10-N8-N6,N10-N8-N6-N2,C6-C4-N10-N8
HUCVOQ,3,16.57,127.61,-158.64,C13-C8-C6-C4,C8-C6-C4-N10,C15-C13-C8-C6
HUCVOQ,4,56.96,-52.58,-49.25,C19-C17-C15-C13,C17-C15-C13-C8,C20-C19-C17-C15
HUCVOQ,5,162.29,-173.16,-3.85,C24-C22-C20-C19,C22-C20-C19-C17,C25-C24-C22-C20
HUCVOQ,6,165.34,-81.12,3.07,C32-C27-C25-C24,C27-C25-C24-C22,C34-C32-C27-C25
HUCVOQ,7,-23.91,-88.48,-81.83,C37-C36-C34-C32,C36-C34-C32-C27,C38-C37-C36-C34
HUCVOQ,8,-72.38,3.14,175.54,C45-C40-C38-C37,C40-C38-C37-C36,C47-C45-C40-C38
HUCVOQ,9,9.47,146.6,19.09,C50-C49-C47-C45,C49-C47-C45-C40,C52-C50-C49-C47
HUCVOQ,10,-93.95,54.1,-30.26,C57-C54-C52-C50,C54-C52-C50-C49,C58-C57-C54-C52
HUNSAK,0,-54.32,49.58,104.32,O6-O5-C67-C65,O5-C67-C65-C57,O7-O6-O5-C67
HUNSAK,1,-56.55,-84.16,-126.84,N7-O9-O7-O6,O9-O7-O6-O5,N9-N7-O9-O7
HUNSAK,2,1.39,-66.02,34.07,N12-N11-N9-N7,N11-N9-N7-O9,C1-N12-N11-N9
HUNSAK,3,17.77,127.59,147.03,C7-C3-C1-N12,C3-C1-N12-N11,C8-C7-C3-C1
HUNSAK,4,43.42,91.94,-14.22,C18-C10-C8-C7,C10-C8-C7-C6,C20-C18-C10-C8
HUNSAK,5,43.42,164.87,-14.22,C18-C10-C8-C7,C10-C8-C7-C3,C20-C18-C10-C8
HUNSAK,6,120.42,-172.38,-173.49,C27-C22-C20-C18,C22-C20-C18-C10,C28-C27-C22-C20
HUNSAK,7,-8.36,61.6,-179.15,C42-C30-C28-C27,C30-C28-C27-C22,C44-C42-C30-C28
HUNSAK,8,-12.12,-173.06,-86.4,C47-C46-C44-C42,C46-C44-C42-C30,C48-C47-C46-C44
HUNSAK,9,88.8,-111.15,-87.28,C54-C50-C48-C47,C50-C48-C47-C46,C55-C54-C50-C48
HUNSAK,10,-74.01,-0.85,-142.96,C65-C57-C55-C54,C57-C55-C54-C53,C67-C65-C57-C55
HUNSAK,11,-74.01,56.12,-142.96,C65-C57-C55-C54,C57-C55-C54-C50,C67-C65-C57-C55
HUQGEH,0,8.27,-11.75,94.76,C24-C23-C28-C27,C23-C28-C27-O5,O4-C24-C23-C28
HUQGEH,1,34.07,54.55,-39.39,C27-O5-O4-C24,O5-O4-C24-C23,C28-C27-O5-O4
HUQGEH,2,34.07,20.62,-39.39,C27-O5-O4-C24,O5-O4-C24-C25,C28-C27-O5-O4
IBAFEA,0,-162.23,-28.58,-36.07,O104-C104-C129-C128,C104-C129-C128-C120,N105-O104-C104-C129
IBAFEA,1,-94.86,125.06,149.5,C110-C107-N105-O104,C107-N105-O104-C104,O110-C110-C107-N105
IBAFEA,2,26.97,175.23,129.76,C117-C112-O110-C110,C112-O110-C110-C109,C118-C117-C112-O110
IBAFEA,3,26.97,-139.56,129.76,C117-C112-O110-C110,C112-O110-C110-C107,C118-C117-C112-O110
IBAFEA,4,94.79,-48.4,141.59,C128-C120-C118-C117,C120-C118-C117-C112,C129-C128-C120-C118
IBAFUQ,0,103.47,-55.31,29.91,C103-C102-C112-C136,C102-C112-C136-C129,O103-C103-C102-C112
IBAFUQ,1,-54.41,-173.38,167.21,C119-C105-O103-C103,C105-O103-C103-C102,C106-C119-C105-O103
IBAFUQ,2,-112.04,56.17,-104.55,C126-N107-C106-C119,N107-C106-C119-C118,C127-C126-N107-C106
IBAFUQ,3,-112.04,-114.2,-104.55,C126-N107-C106-C119,N107-C106-C119-C105,C127-C126-N107-C106
IBAFUQ,4,-166.46,-23.0,-121.23,C136-C129-C127-C126,C129-C127-C126-N107,C112-C136-C129-C127
ICYSPA,0,124.79,94.34,74.78,C4-C3-O8-O6,C3-O8-O6-O5,C5-C4-C3-O8
ICYSPA,1,-8.57,-59.17,-146.62,C17-C7-C5-C4,C7-C5-C4-C3,C19-C17-C7-C5
ICYSPA,2,-69.89,3.55,107.12,C25-C21-C19-C17,C21-C19-C17-C7,C27-C25-C21-C19
ICYSPA,3,-21.73,-115.38,152.28,C34-C29-C27-C25,C29-C27-C25-C21,C36-C34-C29-C27
ICYSPA,4,-120.1,-61.93,-129.61,C43-C38-C36-C34,C38-C36-C34-C29,C45-C43-C38-C36
ICYSPA,5,70.61,133.15,32.7,C49-C47-C45-C43,C47-C45-C43-C38,C50-C49-C47-C45
ICYSPA,6,80.09,20.63,51.56,C54-C52-C50-C49,C52-C50-C49-C47,C55-C54-C52-C50
ICYSPA,7,134.49,167.15,-82.34,C62-C57-C55-C54,C57-C55-C54-C52,N1-C62-C57-C55
ICYSPA,8,103.48,-14.61,,N4-N3-N1-C62,N3-N1-C62-C57,
ICYSPA,9,-62.36,21.71,-45.84,O6-O5-O3-O1,O5-O3-O1-N7,O8-O6-O5-O3
IGIWIF,0,80.09,-15.87,99.97,C5-C4-C86-C85,C4-C86-C85-C79,O1-C5-C4-C86
IGIWIF,1,62.48,150.13,3.22,C24-C6-O1-C5,C6-O1-C5-C4,C25-C24-C6-O1
IGIWIF,2,-64.25,-49.05,4.04,C28-C27-C25-C24,C27-C25-C24-C6,C29-C28-C27-C25
IGIWIF,3,102.74,33.73,-166.47,C33-C31-C29-C28,C31-C29-C28-C27,C34-C33-C31-C29
IGIWIF,4,75.08,-178.67,93.51,C42-C36-C34-C33,C36-C34-C33-C32,C43-C42-C36-C34
IGIWIF,5,75.08,163.56,93.51,C42-C36-C34-C33,C36-C34-C33-C31,C43-C42-C36-C34
IGIWIF,6,-69.04,145.62,-13.29,C48-C45-C43-C42,C45-C43-C42-C36,C49-C48-C45-C43
IGIWIF,7,-61.61,123.7,-39.66,C67-C51-C49-C48,C51-C49-C48-C45,C68-C67-C51-C49
IGIWIF,8,35.4,15.66,72.87,C71-C70-C68-C67,C70-C68-C67-C51,C72-C71-C70-C68
IGIWIF,9,-15.19,134.44,-68.9,O8-C74-C72-C71,C74-C72-C71-C70,N9-O8-C74-C72
IGIWIF,10,-61.07,-165.67,-100.72,C85-C79-N9-O8,C79-N9-O8-C77,C86-C85-C79-N9
IGIWIF,11,-61.07,-150.72,-100.72,C85-C79-N9-O8,C79-N9-O8-C74,C86-C85-C79-N9
IJAQIV,0,17.48,-33.57,-68.06,N1A-N2A-N3A-C2A,N2A-N3A-C2A-C6A,C29-N1A-N2A-N3A
IJAQIV,1,157.08,89.25,63.56,C2A-C6A-C7A-C9A,C6A-C7A-C9A-C13A,N3A-C2A-C6A-C7A
IJAQIV,2,89.18,160.2,-75.24,C9A-C13A-C14A-O5,C13A-C14A-O5-N5,C7A-C9A-C13A-C14A
IJAQIV,3,-15.94,33.57,93.58,O5-N5-N6-C17,N5-N6-C17-C21,C14A-O5-N5-N6
IJAQIV,4,-157.08,-89.25,-63.56,C17-C21-C22-C24,C21-C22-C24-C28,N6-C17-C21-C22
IJAQIV,5,-127.13,145.19,75.24,C24-C28-C29-N1A,C28-C29-N1A-N2A,C22-C24-C28-C29
IKEREY,0,-177.03,122.89,-141.7,N4-C5-O5-N7,C5-O5-N7-C11,C39-N4-C5-O5
IKEREY,1,-103.49,-128.78,138.9,N7-C11-O11-N13,C11-O11-N13-C14,O5-N7-C11-O11
IKEREY,2,167.38,-116.97,60.32,N13-C14-O14-N16,C14-O14-N16-C17,O11-N13-C14-O14
IKEREY,3,-175.85,120.65,59.49,N16-C17-O17-N19,C17-O17-N19-C23,O14-N16-C17-O17
IKEREY,4,-74.66,150.4,140.78,N19-C23-O23-C25,C23-O23-C25-C30,O17-N19-C23-O23
IKEREY,5,-85.45,-169.42,-142.05,C25-C30-C31-C33,C30-C31-C33-C34,O23-C25-C30-C31
IKEREY,6,-1.95,0.89,113.87,C33-C34-C35-C37,C34-C35-C37-C38,C31-C33-C34-C35
IKEREY,7,-150.51,-121.3,42.42,C37-C38-C39-N4,C38-C39-N4-C5,C35-C37-C38-C39
IKEYEF,0,-133.95,145.17,85.8,N114-N115-N116-O2,N115-N116-O2-C5,C162-N114-N115-N116
IKEYEF,1,105.33,-109.39,60.96,O2-C5-O5-N7,C5-O5-N7-C71,N116-O2-C5-O5
IKEYEF,2,177.27,0.28,151.61,N7-C71-C72-C74,C71-C72-C74-C75,O5-N7-C71-C72
IKEYEF,3,-47.95,-50.68,0.11,C74-C75-C76-O8,C75-C76-O8-C103,C72-C74-C75-C76
IKEYEF,4,1.03,-35.34,-122.36,O8-C103-C104-C106,C103-C104-C106-C133,C76-O8-C103-C104
IKEYEF,5,150.66,-21.86,116.95,C106-C133-N134-N136,C133-N134-N136-C14,C104-C106-C133-N134
IKEYEF,6,120.44,110.96,160.43,N136-C14-O14-N16,C14-O14-N16-C161,N134-N136-C14-O14
IKEYEF,7,-35.89,138.75,-148.5,N16-C161-C162-N114,C161-C162-N114-N115,O14-N16-C161-C162
ILAMYC,0,-35.63,-9.95,-3.18,C5-C4-O10-O9,C4-O10-O9-N2,C6-C5-C4-O10
ILAMYC,1,49.91,149.35,22.26,C13-C8-C6-C5,C8-C6-C5-C4,C14-C13-C8-C6
ILAMYC,2,89.42,-36.76,112.37,C21-C16-C14-C13,C16-C14-C13-C8,C23-C21-C16-C14
ILAMYC,3,65.02,121.62,-151.3,C27-C25-C23-C21,C25-C23-C21-C16,C28-C27-C25-C23
ILAMYC,4,-17.89,4.08,152.57,C51-C30-C28-C27,C30-C28-C27-C25,C52-C51-C30-C28
ILAMYC,5,-64.46,-21.32,125.18,C59-C54-C52-C51,C54-C52-C51-C30,C61-C59-C54-C52
ILAMYC,6,103.86,170.97,65.45,O9-N2-C61-C59,N2-C61-C59-C54,O10-O9-N2-C61
ILOWAJ,0,156.38,-15.81,-132.89,C6-N5-C81-C79,N5-C81-C79-C77,C7-C6-N5-C81
ILOWAJ,1,141.7,110.41,-153.69,N17-N9-C7-C6,N9-C7-C6-N5,C19-N17-N9-C7
ILOWAJ,2,107.58,-126.41,-125.06,C25-C21-C19-N17,C21-C19-N17-N9,C26-C25-C21-C19
ILOWAJ,3,121.77,22.42,128.62,C33-N28-C26-C25,N28-C26-C25-N24,C34-C33-N28-C26
ILOWAJ,4,121.77,2.3,128.62,C33-N28-C26-C25,N28-C26-C25-C21,C34-C33-N28-C26
ILOWAJ,5,124.77,108.67,-8.45,C38-N36-C34-C33,N36-C34-C33-N28,N40-C38-N36-C34
ILOWAJ,6,-6.43,79.43,-138.26,C47-C42-N40-C38,C42-N40-C38-N36,C48-C47-C42-N40
ILOWAJ,7,114.27,-31.36,-30.07,C58-C50-C48-C47,C50-C48-C47-C42,C60-C58-C50-C48
ILOWAJ,8,-53.64,137.33,-156.34,C66-C62-C60-C58,C62-C60-C58-C50,C67-C66-C62-C60
ILOWAJ,9,99.51,88.96,-169.75,C74-C69-C67-C66,C69-C67-C66-C65,C75-C74-C69-C67
ILOWAJ,10,99.51,84.23,-169.75,C74-C69-C67-C66,C69-C67-C66-C62,C75-C74-C69-C67
ILOWAJ,11,135.21,74.52,0.5,C79-C77-C75-C74,C77-C75-C74-C69,C81-C79-C77-C75
IMIHAP02,0,162.74,-54.08,42.19,C3-C2-C11-C10,C2-C11-C10-C9,C4-C3-C2-C11
IMIHAP02,1,162.74,28.02,42.19,C3-C2-C11-C10,C2-C11-C10-C6,C4-C3-C2-C11
IMIHAP02,2,-43.41,4.98,-109.99,C10-C6-C4-C3,C6-C4-C3-C2,C11-C10-C6-C4
ISAQEA,0,-18.08,101.48,-63.28,C147-N145-C128-C126,N145-C128-C126-C111,C153-C147-N145-C128
ISAQEA,1,29.46,-161.3,,C178-N158-C153-C147,N158-C153-C147-N145,
IWINUA,0,-13.0,-43.9,,N2-N1-O2-C22,N1-O2-C22-C21,
IWINUA,1,1.97,18.26,,N2-N3-N4-C2,N3-N4-C2-C3,
IWINUA,2,166.6,-162.03,,C12-C11-C9-C8,C11-C9-C8-C7,
IWINUA,3,-3.03,58.58,,C12-C13-C14-C16,C13-C14-C16-C17,
JAMROI,0,167.96,128.67,-68.64,O006-O005-C023-C022,O005-C023-C022-C01Z,O007-O006-O005-C023
JAMROI,1,-24.62,-132.11,172.85,O00A-O009-O007-O006,O009-O007-O006-O005,O00B-O00A-O009-O007
JAMROI,2,98.3,-30.55,-84.34,N00L-O00D-O00B-O00A,O00D-O00B-O00A-O009,N00N-N00L-O00D-O00B
JAMROI,3,-44.68,111.69,23.78,C00Q-C00P-N00N-N00L,C00P-N00N-N00L-O00D,O00R-C00Q-C00P-N00N
JAMROI,4,114.89,-12.31,88.43,C00X-C00T-O00R-C00Q,C00T-O00R-C00Q-C00P,C00Z-C00X-C00T-O00R
JAMROI,5,8.97,-26.61,,C016-C011-C00Z-C00X,C011-C00Z-C00X-C00T,
JAMROI,6,67.6,96.71,-98.65,C01W-C01R-C01P-C01N,C01R-C01P-C01N-C01J,C01X-C01W-C01R-C01P
JAMROI,7,-20.09,137.82,-136.14,C022-C01Z-C01X-C01W,C01Z-C01X-C01W-C01R,C023-C022-C01Z-C01X
JAWTIK,0,-39.83,1.38,99.13,C4-C3-C20-C19,C3-C20-C19-C18,O2-C4-C3-C20
JAWTIK,1,-1.62,10.2,175.0,N3-O3-O2-C4,O3-O2-C4-C3,C5-N3-O3-O2
JAWTIK,2,-85.84,-126.73,34.5,N5-O7-N6-C23,O7-N6-C23-C24,C16-N5-O7-N6
JAWTIK,3,170.17,-140.96,-128.7,C19-C18-C16-N5,C18-C16-N5-O7,C20-C19-C18-C16
JAWTIK,4,-120.54,-153.58,81.99,C23-C24-C27-O9,C24-C27-O9-N8,N6-C23-C24-C27
JAWTIK,5,-120.54,-146.55,81.99,C23-C24-C27-O9,C24-C27-O9-C32,N6-C23-C24-C27
JAWTIK,6,33.42,24.23,-178.51,O9-C32-C33-O10,C32-C33-O10-N9,C27-O9-C32-C33
JAWTIK,7,71.64,112.75,-155.0,O10-N9-C38-S1,N9-C38-S1-C7,C33-O10-N9-C38
JAWTIK,8,13.15,-130.77,-104.99,S1-C7-C5-N3,C7-C5-N3-O3,C38-S1-C7-C5
JEBQOA,0,-52.84,93.2,-5.01,O6-O5-C44-C43,O5-C44-C43-C38,O7-O6-O5-C44
JEBQOA,1,-33.7,20.43,65.18,N4-O9-O7-O6,O9-O7-O6-O5,N5-N4-O9-O7
JEBQOA,2,28.58,-152.26,-172.35,C3-N7-N5-N4,N7-N5-N4-N3,C4-C3-N7-N5
JEBQOA,3,28.58,-42.26,-172.35,C3-N7-N5-N4,N7-N5-N4-O9,C4-C3-N7-N5
JEBQOA,4,23.54,-157.94,-95.8,C7-C6-C4-C3,C6-C4-C3-N7,C8-C7-C6-C4
JEBQOA,5,-166.43,-163.93,-75.12,C15-C10-C8-C7,C10-C8-C7-C6,C16-C15-C10-C8
JEBQOA,6,81.05,92.49,82.4,C19-C18-C16-C15,C18-C16-C15-C10,C20-C19-C18-C16
JEBQOA,7,37.94,164.97,81.93,C27-C22-C20-C19,C22-C20-C19-C18,C28-C27-C22-C20
JEBQOA,8,106.04,21.67,-137.03,C35-C30-C28-C27,C30-C28-C27-C22,C36-C35-C30-C28
JEBQOA,9,-129.5,174.83,-78.8,C43-C38-C36-C35,C38-C36-C35-C30,C44-C43-C38-C36
JETLAY,0,142.91,1.43,31.03,N2-N1-C7-C6,N1-C7-C6-C5,N3-N2-N1-C7
JETLAY,1,142.91,1.6,31.03,N2-N1-C7-C6,N1-C7-C6-C2,N3-N2-N1-C7
JETLAY,2,-18.27,20.22,114.75,C6-C2-N3-N2,C2-N3-N2-N1,C7-C6-C2-N3
JINGAO,0,-62.13,-118.87,156.2,C2-C1-C38-C37,C1-C38-C37-C36,C3-C2-C1-C38
JINGAO,1,-145.42,-71.18,79.2,C9-N2-C3-C2,N2-C3-C2-C1,C10-C9-N2-C3
JINGAO,2,-68.93,-72.57,5.86,C14-N4-C10-C9,N4-C10-C9-N2,C15-C14-N4-C10
JINGAO,3,0.7,-1.33,58.96,C18-C17-C15-C14,C17-C15-C14-C13,C19-C18-C17-C15
JINGAO,4,0.7,-85.15,58.96,C18-C17-C15-C14,C17-C15-C14-N4,C19-C18-C17-C15
JINGAO,5,-112.03,-36.86,-125.04,C21-N5-C19-C18,N5-C19-C18-C17,C22-C21-N5-C19
JINGAO,6,-147.09,-89.98,136.87,C28-N6-C22-C21,N6-C22-C21-N5,C29-C28-N6-C22
JINGAO,7,127.64,89.76,-84.36,C33-N8-C29-C28,N8-C29-C28-N6,C34-C33-N8-C29
JINGAO,8,1.92,-0.5,-51.55,C37-C36-C34-C33,C36-C34-C33-C32,C38-C37-C36-C34
JINGAO,9,1.92,40.75,-51.55,C37-C36-C34-C33,C36-C34-C33-N8,C38-C37-C36-C34
JOKMAX,0,111.99,-70.52,63.97,C3-C2-C59-C57,C2-C59-C57-N11,O1-C3-C2-C59
JOKMAX,1,3.56,-122.3,-44.43,C12-C5-O1-C3,C5-O1-C3-C2,C14-C12-C5-O1
JOKMAX,2,-140.17,116.56,-78.03,O4-N3-C14-C12,N3-C14-C12-C5,C18-O4-N3-C14
JOKMAX,3,-77.65,173.4,-4.17,S1-C20-C18-O4,C20-C18-O4-N3,C25-S1-C20-C18
JOKMAX,4,-102.01,-41.83,-43.0,C30-C27-C25-S1,C27-C25-S1-C20,C32-C30-C27-C25
JOKMAX,5,113.77,-166.04,,C36-C34-C32-C30,C34-C32-C30-C27,
JOKMAX,6,-127.77,-176.6,178.02,C43-C40-S2-C39,C40-S2-C39-C37,C45-C43-C40-S2
JOKMAX,7,107.69,25.45,,C48-C47-C45-C43,C47-C45-C43-C40,
JOKMAX,8,-39.95,89.21,-160.85,C57-N11-C56-C54,N11-C56-C54-N10,C59-C57-N11-C56
JUJHUR,0,-133.33,-118.37,-61.01,C5-C4-C47-C46,C4-C47-C46-O8,O1-C5-C4-C47
JUJHUR,1,-171.17,-158.04,102.5,C9-C6-O1-C5,C6-O1-C5-C4,C10-C9-C6-O1
JUJHUR,2,-93.17,-160.62,-32.25,C13-N3-C10-C9,N3-C10-C9-C6,C14-C13-N3-C10
JUJHUR,3,12.88,115.96,151.11,C22-C16-C14-C13,C16-C14-C13-N3,C23-C22-C16-C14
JUJHUR,4,34.41,-112.89,-153.23,C31-C25-C23-C22,C25-C23-C22-C16,C32-C31-C25-C23
JUJHUR,5,139.35,-24.78,93.88,C36-N6-C32-C31,N6-C32-C31-C25,O6-C36-N6-C32
JUJHUR,6,-71.51,-169.69,167.25,C41-C37-O6-C36,C37-O6-C36-C35,C42-C41-C37-O6
JUJHUR,7,-71.51,-161.45,167.25,C41-C37-O6-C36,C37-O6-C36-N6,C42-C41-C37-O6
JUJHUR,8,-114.79,-48.85,-159.64,C43-N8-C42-C41,N8-C42-C41-C40,C44-C43-N8-C42
JUJHUR,9,-114.79,-101.29,-159.64,C43-N8-C42-C41,N8-C42-C41-C37,C44-C43-N8-C42
JUJHUR,10,78.59,-152.04,-127.26,C46-O8-C44-C43,O8-C44-C43-N8,C47-C46-O8-C44
JUVJAL10,0,134.53,62.09,160.05,O2-C3-C35-O7,C3-C35-O7-C32,C4-O2-C3-C35
JUVJAL10,1,22.24,-105.65,177.03,N2-C6-C4-O2,C6-C4-O2-C3,C7-N2-C6-C4
JUVJAL10,2,86.73,18.41,68.79,C10-O3-C7-N2,O3-C7-N2-C6,C12-C10-O3-C7
JUVJAL10,3,-169.58,1.97,18.48,O4-C15-C12-C10,C15-C12-C10-O3,C18-O4-C15-C12
JUVJAL10,4,-108.64,56.78,-28.03,C23-C19-C18-O4,C19-C18-O4-C15,C24-C23-C19-C18
JUVJAL10,5,136.99,-38.17,-150.93,C29-N5-C24-C23,N5-C24-C23-C19,C31-C29-N5-C24
JUVJAL10,6,-59.46,-54.28,-25.97,O7-C32-C31-C29,C32-C31-C29-N5,C35-O7-C32-C31
JUXHAL,0,72.39,-63.69,-42.72,C4-C3-O7-C41,C3-O7-C41-O5,N3-C4-C3-O7
JUXHAL,1,-168.48,140.16,26.0,N5-C6-N3-C4,C6-N3-C4-C3,C9-N5-C6-N3
JUXHAL,2,139.39,-120.67,-75.34,C11-N6-C9-N5,N6-C9-N5-C8,C12-C11-N6-C9
JUXHAL,3,139.39,-35.41,-75.34,C11-N6-C9-N5,N6-C9-N5-C6,C12-C11-N6-C9
JUXHAL,4,91.31,-35.95,-41.45,C17-C13-C12-C11,C13-C12-C11-N6,C18-C17-C13-C12
JUXHAL,5,-56.93,-0.68,-43.32,C27-C20-C18-C17,C20-C18-C17-C16,C28-C27-C20-C18
JUXHAL,6,-56.93,53.53,-43.32,C27-C20-C18-C17,C20-C18-C17-C13,C28-C27-C20-C18
JUXHAL,7,9.52,-93.88,-101.67,C32-O3-C28-C27,O3-C28-C27-C20,C33-C32-O3-C28
JUXHAL,8,-69.97,-2.75,158.4,C41-O5-C33-C32,O5-C33-C32-O4,O7-C41-O5-C33
JUXHAL,9,-69.97,107.52,158.4,C41-O5-C33-C32,O5-C33-C32-O3,O7-C41-O5-C33
KADFOL,0,66.72,-124.4,-100.51,O4-O3-C58-C56,O3-C58-C56-C55,O5-O4-O3-C58
KADFOL,1,-26.16,58.75,61.55,N4-O7-O5-O4,O7-O5-O4-O3,N6-N4-O7-O5
KADFOL,2,68.82,29.28,-41.09,C1-N8-N6-N4,N8-N6-N4-O7,C3-C1-N8-N6
KADFOL,3,-142.08,98.77,-28.65,C10-C5-C3-C1,C5-C3-C1-N8,C12-C10-C5-C3
KADFOL,4,55.25,95.84,131.51,C19-C14-C12-C10,C14-C12-C10-C5,C21-C19-C14-C12
KADFOL,5,-13.39,-117.01,-158.89,C25-C23-C21-C19,C23-C21-C19-C14,C26-C25-C23-C21
KADFOL,6,-60.91,-133.59,-25.4,C30-C28-C26-C25,C28-C26-C25-C23,C31-C30-C28-C26
KADFOL,7,117.23,168.51,-170.36,C38-C33-C31-C30,C33-C31-C30-C28,C40-C38-C33-C31
KADFOL,8,156.54,67.54,96.49,C43-C42-C40-C38,C42-C40-C38-C33,C44-C43-C42-C40
KADFOL,9,156.02,101.23,157.07,C51-C46-C44-C43,C46-C44-C43-C42,C53-C51-C46-C44
KADFOL,10,57.65,-125.69,-38.56,C56-C55-C53-C51,C55-C53-C51-C46,C58-C56-C55-C53
KANZOR,0,15.0,61.24,,O6B-O5B-C52B-C50B,O5B-C52B-C50B-C49B,
KANZOR,1,15.0,-62.4,,O6B-O5B-C52B-C50B,O5B-C52B-C50B-C51B,
KANZOR,2,31.07,16.27,,C1B-C2B-C7B-C9B,C2B-C7B-C9B-C10B,
KANZOR,3,31.07,160.43,,C1B-C2B-C7B-C9B,C2B-C7B-C9B-C14B,
KANZOR,4,-124.45,0.45,,C25B-C20B-C18B-C16B,C20B-C18B-C16B-C15B,
KANZOR,5,-124.45,-179.8,,C25B-C20B-C18B-C16B,C20B-C18B-C16B-C17B,
KANZOR,6,-140.03,-104.58,,C36B-C37B-C42B-C44B,C37B-C42B-C44B-C45B,
KANZOR,7,-140.03,-115.02,,C36B-C37B-C42B-C44B,C37B-C42B-C44B-C54B,
KAQWEG,0,11.31,-160.59,105.08,C5-C3-O2-C10,C3-O2-C10-N2,S1-C5-C3-O2
KAQWEG,1,11.31,-179.11,105.08,C5-C3-O2-C10,C3-O2-C10-C7,S1-C5-C3-O2
KAQWEG,2,30.15,104.22,113.68,C10-C7-S1-C5,C7-S1-C5-O1,O2-C10-C7-S1
KAQWEG,3,30.15,153.51,113.68,C10-C7-S1-C5,C7-S1-C5-C3,O2-C10-C7-S1
KAQWEG,4,-178.81,-166.4,172.06,C15-C12-N4-C20,C12-N4-C20-C19,O3-C15-C12-N4
KAQWEG,5,-178.81,130.99,172.06,C15-C12-N4-C20,C12-N4-C20-S2,O3-C15-C12-N4
KAQWEG,6,-32.49,-133.35,37.55,C20-S2-O3-C15,S2-O3-C15-N3,N4-C20-S2-O3
KAQWEG,7,-32.49,-124.14,37.55,C20-S2-O3-C15,S2-O3-C15-C12,N4-C20-S2-O3
KARPIE,0,133.11,82.75,-84.89,O6-O5-C31-C30,O5-C31-C30-C29,O7-O6-O5-C31
KARPIE,1,-94.0,-57.4,75.61,C3-O9-O7-O6,O9-O7-O6-O5,C4-C3-O9-O7
KARPIE,2,170.95,-7.95,-109.14,C9-C6-C4-C3,C6-C4-C3-O9,C10-C9-C6-C4
KARPIE,3,100.28,-79.41,1.95,C16-C12-C10-C9,C12-C10-C9-C6,C17-C16-C12-C10
KARPIE,4,133.42,-21.7,98.55,C22-C19-C17-C16,C19-C17-C16-C15,C23-C22-C19-C17
KARPIE,5,133.42,-22.22,98.55,C22-C19-C17-C16,C19-C17-C16-C12,C23-C22-C19-C17
KARPIE,6,134.23,58.11,-60.54,C26-C25-C23-C22,C25-C23-C22-C19,C27-C26-C25-C23
KARPIE,7,25.23,71.31,109.81,C30-C29-C27-C26,C29-C27-C26-C25,C31-C30-C29-C27
KEBKOR,0,-7.05,-10.71,,N2-N3-C2-C4,N3-C2-C4-C5,
KEBKOR,1,154.65,2.1,,C19-C16-C14-C13,C16-C14-C13-C10,
KEPNAU,0,-137.78,-116.77,-103.72,C3-C2-C59-C57,C2-C59-C57-N11,O1-C3-C2-C59
KEPNAU,1,-32.19,-14.37,77.59,C12-O2-O1-C3,O2-O1-C3-C2,C13-C12-O2-O1
KEPNAU,2,34.61,-104.15,-95.2,O4-N3-C13-C12,N3-C13-C12-O2,C18-O4-N3-C13
KEPNAU,3,57.73,125.58,-104.67,C24-C20-C18-O4,C20-C18-O4-N3,C25-C24-C20-C18
KEPNAU,4,101.86,178.84,137.79,C30-O6-C25-C24,O6-C25-C24-C20,C32-C30-O6-C25
KEPNAU,5,145.81,101.1,87.24,C35-C33-C32-C30,C33-C32-C30-O6,C36-C35-C33-C32
KEPNAU,6,-86.98,-57.89,-121.15,O8-C37-C36-C35,C37-C36-C35-C33,C39-O8-C37-C36
KEPNAU,7,17.52,4.63,81.76,C43-C40-C39-O8,C40-C39-O8-C37,C45-C43-C40-C39
KEPNAU,8,-84.87,93.93,177.02,C47-C46-C45-C43,C46-C45-C43-C40,C48-C47-C46-C45
KEPNAU,9,57.96,9.12,168.63,C53-N10-C48-C47,N10-C48-C47-C46,C55-C53-N10-C48
KEPNAU,10,56.14,51.74,117.51,C57-N11-C55-C53,N11-C55-C53-N10,C59-C57-N11-C55
KEQTAE,0,-0.12,-92.11,,C15A-C14A-N71A-O64A,C14A-N71A-O64A-C64A,
KEQTAE,1,-0.12,-118.35,,C15A-C14A-N71A-O64A,C14A-N71A-O64A-C62A,
KEQTAE,2,-120.86,-109.4,-132.21,C41A-C33A-C31A-N31A,C33A-C31A-N31A-O24A,C42A-C41A-C33A-C31A
KEQTAE,3,1.5,-0.73,,C44A-C43A-C42A-C41A,C43A-C42A-C41A-N41A,
KEQTAE,4,1.5,7.29,,C44A-C43A-C42A-C41A,C43A-C42A-C41A-C33A,
KEQTAE,5,-43.23,172.44,94.27,O64A-C62A-N61A-O56A,C62A-N61A-O56A-C56A,N71A-O64A-C62A-N61A
KEQTEI,0,-43.77,-72.32,,C15_1-C14_1-N70_1-O66_1,C14_1-N70_1-O66_1-C66_1,
KEQTEI,1,-43.77,-65.72,,C15_1-C14_1-N70_1-O66_1,C14_1-N70_1-O66_1-C62_1,
KEQTEI,2,-70.05,123.22,-158.02,N40_1-C31_1-O26_1-C26_1,C31_1-O26_1-C26_1-C25_1,C41_1-N40_1-C31_1-O26_1
KEQTEI,3,165.64,-0.16,,C44_1-S42_1-C41_1-N40_1,S42_1-C41_1-N40_1-C43_1,
KEQTEI,4,165.64,-4.22,,C44_1-S42_1-C41_1-N40_1,S42_1-C41_1-N40_1-C31_1,
KEQTEI,5,-114.99,-151.27,10.51,O66_1-C62_1-N60_1-O56_1,C62_1-N60_1-O56_1-C56_1,N70_1-O66_1-C62_1-N60_1
KEXZAQ,0,-33.99,-8.37,97.01,O5-N1-N2-N4,N1-N2-N4-C1,C27-O5-N1-N2
KEXZAQ,1,-124.52,-120.94,173.37,N4-C1-C2-C4,C1-C2-C4-C5,N2-N4-C1-C2
KEXZAQ,2,-2.73,110.71,76.34,C4-C5-C6-C8,C5-C6-C8-C12,C2-C4-C5-C6
KEXZAQ,3,172.29,-99.68,87.59,C8-C12-C13-C15,C12-C13-C15-C20,C6-C8-C12-C13
KEXZAQ,4,155.57,-2.09,-100.32,C15-C20-C21-C23,C20-C21-C23-C24,C13-C15-C20-C21
KEXZAQ,5,96.92,131.69,1.48,C23-C24-C25-O7,C24-C25-O7-O8,C21-C23-C24-C25
KEXZAQ,6,-24.96,28.92,-158.01,O7-O8-O9-O11,O8-O9-O11-N8,C25-O7-O8-O9
KEXZAQ,7,-13.03,47.01,16.2,O11-N8-C27-O5,N8-C27-O5-N1,O9-O11-N8-C27
KEXZEU,0,-33.95,-8.07,93.64,O5-N1-N2-N4,N1-N2-N4-C1,C27-O5-N1-N2
KEXZEU,1,-125.2,-122.33,174.29,N4-C1-C2-C4,C1-C2-C4-C5,N2-N4-C1-C2
KEXZEU,2,-2.66,109.65,76.07,C4-C5-C6-C8,C5-C6-C8-C12,C2-C4-C5-C6
KEXZEU,3,175.85,-94.8,84.94,C8-C12-C13-C15,C12-C13-C15-C20,C6-C8-C12-C13
KEXZEU,4,154.82,-1.72,-100.12,C15-C20-C21-C23,C20-C21-C23-C24,C13-C15-C20-C21
KEXZEU,5,98.01,127.04,0.99,C23-C24-C25-O6,C24-C25-O6-O7,C21-C23-C24-C25
KEXZEU,6,-25.09,26.87,-156.01,O6-O7-O8-O10,O7-O8-O10-N8,C25-O6-O7-O8
KEXZEU,7,-14.67,48.3,15.92,O10-N8-C27-O5,N8-C27-O5-N1,O8-O10-N8-C27
KEXZEU01,0,-34.1,-8.39,97.01,O5-N1-N2-N4,N1-N2-N4-C1,C27-O5-N1-N2
KEXZEU01,1,-124.56,-121.25,173.36,N4-C1-C2-C4,C1-C2-C4-C5,N2-N4-C1-C2
KEXZEU01,2,-2.8,110.77,76.71,C4-C5-C6-C8,C5-C6-C8-C12,C2-C4-C5-C6
KEXZEU01,3,171.95,-99.65,87.55,C8-C12-C13-C15,C12-C13-C15-C20,C6-C8-C12-C13
KEXZEU01,4,155.61,-2.14,-100.31,C15-C20-C21-C23,C20-C21-C23-C24,C13-C15-C20-C21
KEXZEU01,5,96.96,131.24,1.43,C23-C24-C25-O6,C24-C25-O6-O7,C21-C23-C24-C25
KEXZEU01,6,-25.07,28.85,-157.93,O6-O7-O8-O10,O7-O8-O10-N8,C25-O6-O7-O8
KEXZEU01,7,-13.14,46.7,16.23,O10-N8-C27-O5,N8-C27-O5-N1,O8-O10-N8-C27
KEXZEU02,0,-33.9,-8.04,93.57,O5-N1-N2-N4,N1-N2-N4-C1,C27-O5-N1-N2
KEXZEU02,1,-125.25,-122.74,174.35,N4-C1-C2-C4,C1-C2-C4-C5,N2-N4-C1-C2
KEXZEU02,2,-2.7,109.66,76.48,C4-C5-C6-C8,C5-C6-C8-C12,C2-C4-C5-C6
KEXZEU02,3,176.47,-94.37,84.73,C8-C12-C13-C15,C12-C13-C15-C20,C6-C8-C12-C13
KEXZEU02,4,154.8,-1.73,-100.07,C15-C20-C21-C23,C20-C21-C23-C24,C13-C15-C20-C21
KEXZEU02,5,98.15,127.08,0.92,C23-C24-C25-O6,C24-C25-O6-O7,C21-C23-C24-C25
KEXZEU02,6,-25.07,26.82,-156.1,O6-O7-O8-O10,O7-O8-O10-N8,C25-O6-O7-O8
KEXZEU02,7,-14.63,48.46,15.91,O10-N8-C27-O5,N8-C27-O5-N1,O8-O10-N8-C27
KEXZIY,0,-33.89,-8.27,96.73,O5-N1-N2-N4,N1-N2-N4-C1,C27-O5-N1-N2
KEXZIY,1,-124.56,-121.15,173.58,N4-C1-C2-C4,C1-C2-C4-C5,N2-N4-C1-C2
KEXZIY,2,-2.88,110.8,76.62,C4-C5-C6-C8,C5-C6-C8-C12,C2-C4-C5-C6
KEXZIY,3,172.94,-99.45,87.62,C8-C12-C13-C15,C12-C13-C15-C20,C6-C8-C12-C13
KEXZIY,4,155.54,-2.11,-100.27,C15-C20-C21-C23,C20-C21-C23-C24,C13-C15-C20-C21
KEXZIY,5,96.84,132.22,1.51,C23-C24-C25-O7,C24-C25-O7-O8,C21-C23-C24-C25
KEXZIY,6,-24.74,28.96,-157.88,O7-O8-O9-O11,O8-O9-O11-N8,C25-O7-O8-O9
KEXZIY,7,-12.97,47.65,16.16,O11-N8-C27-O5,N8-C27-O5-N1,O9-O11-N8-C27
KEXZOE,0,-33.93,-8.04,93.6,O5-N1-N2-N4,N1-N2-N4-C1,C27-O5-N1-N2
KEXZOE,1,-125.24,-122.75,174.38,N4-C1-C2-C4,C1-C2-C4-C5,N2-N4-C1-C2
KEXZOE,2,-2.63,109.67,76.39,C4-C5-C6-C8,C5-C6-C8-C12,C2-C4-C5-C6
KEXZOE,3,176.15,-94.59,84.81,C8-C12-C13-C15,C12-C13-C15-C20,C6-C8-C12-C13
KEXZOE,4,154.86,-1.75,-100.04,C15-C20-C21-C23,C20-C21-C23-C24,C13-C15-C20-C21
KEXZOE,5,98.12,127.15,0.89,C23-C24-C25-O6,C24-C25-O6-O7,C21-C23-C24-C25
KEXZOE,6,-25.1,26.84,-156.07,O6-O7-O8-O10,O7-O8-O10-N8,C25-O6-O7-O8
KEXZOE,7,-14.65,48.35,15.92,O10-N8-C27-O5,N8-C27-O5-N1,O8-O10-N8-C27
KEXZUK,0,-33.91,-8.2,96.69,O5-N1-N2-N4,N1-N2-N4-C1,C27-O5-N1-N2
KEXZUK,1,-124.66,-121.49,173.62,N4-C1-C2-C4,C1-C2-C4-C5,N2-N4-C1-C2
KEXZUK,2,-2.94,110.79,77.01,C4-C5-C6-C8,C5-C6-C8-C12,C2-C4-C5-C6
KEXZUK,3,172.99,-99.44,87.61,C8-C12-C13-C15,C12-C13-C15-C20,C6-C8-C12-C13
KEXZUK,4,155.55,-2.09,-100.27,C15-C20-C21-C23,C20-C21-C23-C24,C13-C15-C20-C21
KEXZUK,5,96.91,132.04,1.53,C23-C24-C25-O7,C24-C25-O7-O8,C21-C23-C24-C25
KEXZUK,6,-24.74,28.93,-157.88,O7-O8-O9-O11,O8-O9-O11-N8,C25-O7-O8-O9
KEXZUK,7,-13.02,47.68,16.12,O11-N8-C27-O5,N8-C27-O5-N1,O9-O11-N8-C27
KEYBAT,0,-33.97,-8.29,96.76,O5-N1-N2-N4,N1-N2-N4-C1,C27-O5-N1-N2
KEYBAT,1,-124.61,-121.56,173.53,N4-C1-C2-C4,C1-C2-C4-C5,N2-N4-C1-C2
KEYBAT,2,-2.78,110.67,76.95,C4-C5-C6-C8,C5-C6-C8-C12,C2-C4-C5-C6
KEYBAT,3,172.34,-99.67,87.69,C8-C12-C13-C15,C12-C13-C15-C20,C6-C8-C12-C13
KEYBAT,4,155.57,-2.16,-100.21,C15-C20-C21-C23,C20-C21-C23-C24,C13-C15-C20-C21
KEYBAT,5,96.99,131.72,1.52,C23-C24-C25-O7,C24-C25-O7-O8,C21-C23-C24-C25
KEYBAT,6,-24.89,28.91,-157.95,O7-O8-O9-O11,O8-O9-O11-N8,C25-O7-O8-O9
KEYBAT,7,-13.09,47.29,16.15,O11-N8-C27-O5,N8-C27-O5-N1,O9-O11-N8-C27
KEYBOH,0,-33.99,-8.35,96.89,O5-N1-N2-N4,N1-N2-N4-C1,C27-O5-N1-N2
KEYBOH,1,-124.55,-121.43,173.42,N4-C1-C2-C4,C1-C2-C4-C5,N2-N4-C1-C2
KEYBOH,2,-2.79,110.71,76.86,C4-C5-C6-C8,C5-C6-C8-C12,C2-C4-C5-C6
KEYBOH,3,172.35,-99.64,87.66,C8-C12-C13-C15,C12-C13-C15-C20,C6-C8-C12-C13
KEYBOH,4,155.6,-2.13,-100.29,C15-C20-C21-C23,C20-C21-C23-C24,C13-C15-C20-C21
KEYBOH,5,96.88,131.77,1.5,C23-C24-C25-O7,C24-C25-O7-O8,C21-C23-C24-C25
KEYBOH,6,-24.93,28.91,-157.95,O7-O8-O9-O11,O8-O9-O11-N8,C25-O7-O8-O9
KEYBOH,7,-13.02,47.14,16.21,O11-N8-C27-O5,N8-C27-O5-N1,O9-O11-N8-C27
KIDFAI,0,128.23,-162.5,31.24,C4A-C3A-O62A-C62A,C3A-O62A-C62A-C61A,C5A-C4A-C3A-O62A
KIDFAI,1,95.41,-75.2,-39.17,N11A-C11A-C5A-C4A,C11A-C5A-C4A-C3A,C12A-N11A-C11A-C5A
KIDFAI,2,-154.5,35.37,78.28,C21A-C13A-C12A-N11A,C13A-C12A-N11A-C11A,N21A-C21A-C13A-C12A
KIDFAI,3,174.59,-127.41,150.06,N31A-O22A-N21A-C21A,O22A-N21A-C21A-C13A,C32A-N31A-O22A-N21A
KIDFAI,4,85.25,101.65,-178.77,C42A-C33A-C32A-N31A,C33A-C32A-N31A-O22A,O42A-C42A-C33A-C32A
KIDFAI,5,-23.18,-93.96,-170.81,C45A-C44A-O42A-C42A,C44A-O42A-C42A-C33A,C46A-C45A-C44A-O42A
KIDFAI,6,122.79,9.96,-40.43,C52A-N51A-C46A-C45A,N51A-C46A-C45A-C44A,O52A-C52A-N51A-C46A
KIDFAI,7,-109.88,157.37,-136.6,C62A-C61A-O52A-C52A,C61A-O52A-C52A-N51A,O62A-C62A-C61A-O52A
KIFKUJ,0,-115.32,-71.29,-125.78,CA_2-N_2-ND1_8-CE1_8,N_2-ND1_8-CE1_8-N_8,C_2-CA_2-N_2-ND1_8
KIFKUJ,1,119.57,124.6,-11.93,NE2_2-CB_2-C_2-CA_2,CB_2-C_2-CA_2-N_2,N_3-NE2_2-CB_2-C_2
KIFKUJ,2,-134.32,111.37,111.09,O_5-C_5-N_9-C_9,C_5-N_9-C_9-O_9,CB_5-O_5-C_5-N_9
KIFKUJ,3,-26.11,89.37,133.38,CA_6-CD2_5-CB_5-O_5,CD2_5-CB_5-O_5-C_5,C_6-CA_6-CD2_5-CB_5
KIFKUJ,4,111.26,118.16,159.58,CB_7-CB_6-C_6-CA_6,CB_6-C_6-CA_6-CD2_5,CG_7-CB_7-CB_6-C_6
KIFKUJ,5,38.47,8.14,172.36,CE1_8-N_8-CG_7-CB_7,N_8-CG_7-CB_7-CB_6,ND1_8-CE1_8-N_8-CG_7
KIFKUJ,6,51.85,-66.02,-119.92,C_9-O_9-SD_3-CE_6,O_9-SD_3-CE_6-SD_6,N_9-C_9-O_9-SD_3
KIFKUJ,7,-13.31,-52.75,64.56,CE_6-SD_6-ND1_5-Zn01_10,SD_6-ND1_5-Zn01_10-C_3,SD_3-CE_6-SD_6-ND1_5
KIFKUJ,8,-33.72,134.09,-17.35,Zn01_10-C_3-N_3-NE2_2,C_3-N_3-NE2_2-CB_2,ND1_5-Zn01_10-C_3-N_3
KIFLAQ,0,169.03,-9.19,156.48,CG_1-CB_1-CG_9-CB_9,CB_1-CG_9-CB_9-CB_8,CD_1-CG_1-CB_1-CG_9
KIFLAQ,1,93.74,20.26,90.35,O_2-N_2-CD_1-CG_1,N_2-CD_1-CG_1-CB_1,CB_2-O_2-N_2-CD_1
KIFLAQ,2,54.48,-84.6,107.52,CB_3-CD2_2-CB_2-O_2,CD2_2-CB_2-O_2-C_2,CG_3-CB_3-CD2_2-CB_2
KIFLAQ,3,54.48,-44.59,107.52,CB_3-CD2_2-CB_2-O_2,CD2_2-CB_2-O_2-N_2,CG_3-CB_3-CD2_2-CB_2
KIFLAQ,4,106.81,-30.08,-127.39,CD_4-N_4-CG_3-CB_3,N_4-CG_3-CB_3-CD2_2,O1_4-CD_4-N_4-CG_3
KIFLAQ,5,-176.19,22.89,55.42,CB_5-N_5-O1_4-CD_4,N_5-O1_4-CD_4-N_4,CG_5-CB_5-N_5-O1_4
KIFLAQ,6,98.03,-157.95,157.54,CB_6-NE2_5-CG_5-CB_5,NE2_5-CG_5-CB_5-O_5,CG_6-CB_6-NE2_5-CG_5
KIFLAQ,7,98.03,-74.72,157.54,CB_6-NE2_5-CG_5-CB_5,NE2_5-CG_5-CB_5-N_5,CG_6-CB_6-NE2_5-CG_5
KIFLAQ,8,-134.56,17.81,-150.0,CD_7-N_7-CG_6-CB_6,N_7-CG_6-CB_6-NE2_5,OE1_7-CD_7-N_7-CG_6
KIFLAQ,9,-118.52,-4.36,-161.62,C1_8-N_8-OE1_7-CD_7,N_8-OE1_7-CD_7-N_7,C_8-C1_8-N_8-OE1_7
KIFLAQ,10,-22.26,79.72,176.42,CB_9-CB_8-C_8-C1_8,CB_8-C_8-C1_8-N1_8,CG_9-CB_9-CB_8-C_8
KIFLAQ,11,-22.26,87.06,176.42,CB_9-CB_8-C_8-C1_8,CB_8-C_8-C1_8-N_8,CG_9-CB_9-CB_8-C_8
KIFLEU,0,176.81,18.89,150.23,C_2-CA_2-C45-O11,CA_2-C45-O11-C44,O_2-C_2-CA_2-C45
KIFLEU,1,29.74,61.79,84.85,N_3-CG_2-O_2-C_2,CG_2-O_2-C_2-CA_2,CA_3-N_3-CG_2-O_2
KIFLEU,2,-131.44,57.44,176.75,N_4-O_3-CA_3-N_3,O_3-CA_3-N_3-NZ_2,CA_4-N_4-O_3-CA_3
KIFLEU,3,-131.44,62.99,176.75,N_4-O_3-CA_3-N_3,O_3-CA_3-N_3-CG_2,CA_4-N_4-O_3-CA_3
KIFLEU,4,-10.07,166.07,-121.26,Zn_7-CD_5-N12-C48,CD_5-N12-C48-C49,N7-Zn_7-CD_5-N12
KIFLEU,5,-125.2,6.02,-84.63,C31-C28-N7-Zn_7,C28-N7-Zn_7-CD_5,N8-C31-C28-N7
KIFLEU,6,176.13,125.68,-117.24,C36-C33-N8-C31,C33-N8-C31-C30,C37-C36-C33-N8
KIFLEU,7,176.13,13.19,-117.24,C36-C33-N8-C31,C33-N8-C31-C28,C37-C36-C33-N8
KIFLEU,8,-157.52,-25.04,6.53,C42-N10-C37-C36,N10-C37-C36-C35,N11-C42-N10-C37
KIFLEU,9,-157.52,9.44,6.53,C42-N10-C37-C36,N10-C37-C36-C33,N11-C42-N10-C37
KIFLEU,10,-69.64,-151.68,-58.52,O11-C44-N11-C42,C44-N11-C42-N10,C45-O11-C44-N11
KIFLEU,11,163.99,126.66,-27.46,C48-C49-N9-Zn_7,C49-N9-Zn_7-O_4,N12-C48-C49-N9
KIFLEU,12,-46.24,43.86,-28.59,Zn_7-O_4-CA_4-N_4,O_4-CA_4-N_4-CG2_3,N9-Zn_7-O_4-CA_4
KIFLEU,13,-46.24,119.94,-28.59,Zn_7-O_4-CA_4-N_4,O_4-CA_4-N_4-O_3,N9-Zn_7-O_4-CA_4
KIFLIY,0,-93.05,-22.64,48.73,C_1-CA_1-OE1_12-CD_12,CA_1-OE1_12-CD_12-CA_12,O_1-C_1-CA_1-OE1_12
KIFLIY,1,-168.81,173.46,178.8,OD1_2-N_2-O_1-C_1,N_2-O_1-C_1-CA_1,ND2_2-OD1_2-N_2-O_1
KIFLIY,2,16.65,51.2,-145.13,CG_3-CA_3-ND2_2-OD1_2,CA_3-ND2_2-OD1_2-N_2,CD_3-CG_3-CA_3-ND2_2
KIFLIY,3,118.15,-122.23,-79.31,ND1_4-NZ_3-CD_3-CG_3,NZ_3-CD_3-CG_3-CB_3,CD2_4-ND1_4-NZ_3-CD_3
KIFLIY,4,118.15,-133.16,-79.31,ND1_4-NZ_3-CD_3-CG_3,NZ_3-CD_3-CG_3-CA_3,CD2_4-ND1_4-NZ_3-CD_3
KIFLIY,5,47.5,-38.65,167.62,CG_5-CE1_4-CD2_4-ND1_4,CE1_4-CD2_4-ND1_4-NZ_3,CD_5-CG_5-CE1_4-CD2_4
KIFLIY,6,-1.74,96.23,119.53,CD_6-CA_6-CD_5-CG_5,CA_6-CD_5-CG_5-CE1_4,OE1_6-CD_6-CA_6-CD_5
KIFLIY,7,95.13,14.87,-43.41,C_7-N_7-OE1_6-CD_6,N_7-OE1_6-CD_6-CA_6,O_7-C_7-N_7-OE1_6
KIFLIY,8,162.98,165.59,-172.74,OD1_8-N_8-O_7-C_7,N_8-O_7-C_7-N_7,ND2_8-OD1_8-N_8-O_7
KIFLIY,9,-13.47,-48.83,130.85,CG_9-CA_9-ND2_8-OD1_8,CA_9-ND2_8-OD1_8-N_8,CD_9-CG_9-CA_9-ND2_8
KIFLIY,10,-73.99,92.76,116.99,ND1_10-NZ_9-CD_9-CG_9,NZ_9-CD_9-CG_9-CB_9,CE1_10-ND1_10-NZ_9-CD_9
KIFLIY,11,-73.99,108.87,116.99,ND1_10-NZ_9-CD_9-CG_9,NZ_9-CD_9-CG_9-CA_9,CE1_10-ND1_10-NZ_9-CD_9
KIFLIY,12,69.6,-161.39,-21.66,CG_11-CD2_10-CE1_10-ND1_10,CD2_10-CE1_10-ND1_10-NZ_9,CD_11-CG_11-CD2_10-CE1_10
KIFLIY,13,4.13,-106.71,-139.01,CD_12-CA_12-CD_11-CG_11,CA_12-CD_11-CG_11-CD2_10,OE1_12-CD_12-CA_12-CD_11
KIQYUE,0,81.54,-45.68,,O3-O4-N3-C1,O4-N3-C1-C2,
KIQYUE,1,5.81,34.45,11.65,C1-C2-C7-C9,C2-C7-C9-C10,N3-C1-C2-C7
KIQYUE,2,-50.12,160.89,-34.79,C9-C10-C15-C17,C10-C15-C17-C18,C7-C9-C10-C15
KUKHOR,0,-167.81,142.17,97.77,C9-C8-O2-N4,C8-O2-N4-N2,C11-C9-C8-O2
KUKHOR,1,31.18,-119.35,-62.26,C19-C13-C11-C9,C13-C11-C9-C8,C20-C19-C13-C11
KUKHOR,2,176.33,32.37,-153.72,C24-C22-C20-C19,C22-C20-C19-C13,C25-C24-C22-C20
KUKHOR,3,25.79,-93.32,-48.51,C43-C42-O4-O6,C42-O4-O6-C27,C45-C43-C42-O4
KUKHOR,4,134.42,72.14,-104.94,N4-N2-C45-C43,N2-C45-C43-C42,O2-N4-N2-C45
KUKHOR,5,-122.81,161.2,133.61,O6-C27-C25-C24,C27-C25-C24-C22,O4-O6-C27-C25
KUPDIM,0,-83.47,18.8,-171.09,C11-C3-O7-O6,C3-O7-O6-O5,C13-C11-C3-O7
KUPDIM,1,-83.47,55.34,-171.09,C11-C3-O7-O6,C3-O7-O6-C15,C13-C11-C3-O7
KUPDIM,2,-120.3,35.09,178.99,O6-C15-C13-C11,C15-C13-C11-C3,O7-O6-C15-C13
LACSUD,0,110.16,-64.14,150.2,C4-C3-C36-C35,C3-C36-C35-C34,N3-C4-C3-C36
LACSUD,1,110.16,-65.22,150.2,C4-C3-C36-C35,C3-C36-C35-C32,N3-C4-C3-C36
LACSUD,2,-61.73,152.12,86.16,C7-C6-N3-C4,C6-N3-C4-C3,C8-C7-C6-N3
LACSUD,3,59.77,-54.95,-51.96,N7-C9-C8-C7,C9-C8-C7-C6,C13-N7-C9-C8
LACSUD,4,-38.89,-52.16,-75.13,C18-C15-C13-N7,C15-C13-N7-C9,C19-C18-C15-C13
LACSUD,5,-8.71,-1.95,92.58,N8-C21-C19-C18,C21-C19-C18-C15,O3-N8-C21-C19
LACSUD,6,45.18,163.45,45.35,O7-O4-O3-N8,O4-O3-N8-C21,C30-O7-O4-O3
LACSUD,7,-125.6,15.13,157.48,C35-C32-C30-O7,C32-C30-O7-O4,C36-C35-C32-C30
LERHAV,0,-77.5,122.79,-40.3,CD2_1-CD1_1-C_8-CD2_8,CD1_1-C_8-CD2_8-CG_8,C_1-CD2_1-CD1_1-C_8
LERHAV,1,49.43,49.19,94.19,CD1_2-N_2-C_1-CD2_1,N_2-C_1-CD2_1-CD1_1,C_2-CD1_2-N_2-C_1
LERHAV,2,115.9,123.85,73.58,CA_3-N_3-C_2-CD1_2,N_3-C_2-CD1_2-N_2,C_3-CA_3-N_3-C_2
LERHAV,3,122.91,-113.13,104.77,CD1_4-N_4-C_3-CA_3,N_4-C_3-CA_3-CB_3,C_4-CD1_4-N_4-C_3
LERHAV,4,122.91,4.62,104.77,CD1_4-N_4-C_3-CA_3,N_4-C_3-CA_3-N_3,C_4-CD1_4-N_4-C_3
LERHAV,5,-130.29,33.43,-115.49,CD2_5-N_5-C_4-CD1_4,N_5-C_4-CD1_4-N_4,C_5-CD2_5-N_5-C_4
LERHAV,6,175.3,72.02,-97.22,N_7-N_6-C_5-CD2_5,N_6-C_5-CD2_5-N_5,CD_7-N_7-N_6-C_5
LERHAV,7,-44.42,-177.77,-165.7,N_8-CB_7-CD_7-N_7,CB_7-CD_7-N_7-N_6,CA_8-N_8-CB_7-CD_7
LERHAV,8,-93.89,143.9,-10.35,CD2_8-CG_8-CA_8-N_8,CG_8-CA_8-N_8-O_7,C_8-CD2_8-CG_8-CA_8
LERHAV,9,-93.89,126.45,-10.35,CD2_8-CG_8-CA_8-N_8,CG_8-CA_8-N_8-CB_7,C_8-CD2_8-CG_8-CA_8
LERHEZ,0,106.03,-24.54,-56.68,CD2_1-CD1_1-CG_8-CB_8,CD1_1-CG_8-CB_8-CA_8,C_1-CD2_1-CD1_1-CG_8
LERHEZ,1,106.03,-16.95,-56.68,CD2_1-CD1_1-CG_8-CB_8,CD1_1-CG_8-CB_8-O_7,C_1-CD2_1-CD1_1-CG_8
LERHEZ,2,89.39,130.14,-130.39,C_2-N_2-C_1-CD2_1,N_2-C_1-CD2_1-CD1_1,O_2-C_2-N_2-C_1
LERHEZ,3,-93.92,139.89,-74.21,O_3-CA_3-O_2-C_2,CA_3-O_2-C_2-N_2,CN_4-O_3-CA_3-O_2
LERHEZ,4,-70.67,-154.12,-145.06,C_4-CB_4-CN_4-O_3,CB_4-CN_4-O_3-CA_3,O_4-C_4-CB_4-CN_4
LERHEZ,5,-64.23,-171.77,-20.05,CB_5-CA_5-O_4-C_4,CA_5-O_4-C_4-CD2_4,CG_5-CB_5-CA_5-O_4
LERHEZ,6,-64.23,165.31,-20.05,CB_5-CA_5-O_4-C_4,CA_5-O_4-C_4-CB_4,CG_5-CB_5-CA_5-O_4
LERHEZ,7,6.29,-76.74,154.09,C_6-CD2_5-CG_5-CB_5,CD2_5-CG_5-CB_5-CA_5,O_6-C_6-CD2_5-CG_5
LERHEZ,8,3.86,-88.04,-7.66,CB_7-CG1_6-O_6-C_6,CG1_6-O_6-C_6-CD2_5,CD_7-CB_7-CG1_6-O_6
LERHEZ,9,-20.2,-52.69,-37.91,CB_8-O_7-CD_7-CB_7,O_7-CD_7-CB_7-CG1_6,CG_8-CB_8-O_7-CD_7
LERHOJ,0,-108.07,136.1,-163.31,C_1-CA_1-C_8-CA_8,CA_1-C_8-CA_8-CG_7,O_1-C_1-CA_1-C_8
LERHOJ,1,94.94,-174.81,129.0,CD1_2-CA_2-O_1-C_1,CA_2-O_1-C_1-CA_1,C_2-CD1_2-CA_2-O_1
LERHOJ,2,-114.16,-13.97,-0.54,CD2_3-N_3-C_2-CD1_2,N_3-C_2-CD1_2-CG1_2,CE2_3-CD2_3-N_3-C_2
LERHOJ,3,-114.16,67.11,-0.54,CD2_3-N_3-C_2-CD1_2,N_3-C_2-CD1_2-CA_2,CE2_3-CD2_3-N_3-C_2
LERHOJ,4,13.96,0.31,153.51,N_4-OH_3-CE2_3-CD2_3,OH_3-CE2_3-CD2_3-CG_3,C10_4-N_4-OH_3-CE2_3
LERHOJ,5,13.96,-84.48,153.51,N_4-OH_3-CE2_3-CD2_3,OH_3-CE2_3-CD2_3-N_3,C10_4-N_4-OH_3-CE2_3
LERHOJ,6,-69.22,118.05,68.61,CE1_4-CB_4-C10_4-N_4,CB_4-C10_4-N_4-OH_3,C_4-CE1_4-CB_4-C10_4
LERHOJ,7,21.91,137.36,80.08,CA_5-N_5-C_4-CE1_4,N_5-C_4-CE1_4-CB_4,C_5-CA_5-N_5-C_4
LERHOJ,8,164.36,72.98,-77.14,O_6-N_6-C_5-CA_5,N_6-C_5-CA_5-CB_5,CA_7-O_6-N_6-C_5
LERHOJ,9,164.36,-176.13,-77.14,O_6-N_6-C_5-CA_5,N_6-C_5-CA_5-N_5,CA_7-O_6-N_6-C_5
LERHOJ,10,-150.16,-56.19,-88.24,CA_8-CG_7-CA_7-O_6,CG_7-CA_7-O_6-N_6,C_8-CA_8-CG_7-CA_7
LERHUP,0,-142.28,-179.97,-147.07,CG1_1-CB_1-N_8-CD_7,CB_1-N_8-CD_7-CG_7,CG2_1-CG1_1-CB_1-N_8
LERHUP,1,21.46,34.52,-38.83,CB_2-CA_2-CG2_1-CG1_1,CA_2-CG2_1-CG1_1-CB_1,CG_2-CB_2-CA_2-CG2_1
LERHUP,2,34.79,-122.24,-42.61,CB_3-CD2_2-CG_2-CB_2,CD2_2-CG_2-CB_2-CN_2,CD_3-CB_3-CD2_2-CG_2
LERHUP,3,34.79,-65.98,-42.61,CB_3-CD2_2-CG_2-CB_2,CD2_2-CG_2-CB_2-CA_2,CD_3-CB_3-CD2_2-CG_2
LERHUP,4,79.08,-29.18,-168.57,C_4-CA_4-CD_3-CB_3,CA_4-CD_3-CB_3-CD2_2,O_4-C_4-CA_4-CD_3
LERHUP,5,29.45,8.79,-164.06,C_5-CG_4-O_4-C_4,CG_4-O_4-C_4-CA_4,O_5-C_5-CG_4-O_4
LERHUP,6,12.36,69.92,154.56,C_6-CG1_5-O_5-C_5,CG1_5-O_5-C_5-CG_4,O_6-C_6-CG1_5-O_5
LERHUP,7,-1.72,-12.48,-108.76,CA_7-CB_6-O_6-C_6,CB_6-O_6-C_6-CA_6,O_7-CA_7-CB_6-O_6
LERHUP,8,-1.72,-52.95,-108.76,CA_7-CB_6-O_6-C_6,CB_6-O_6-C_6-CG1_5,O_7-CA_7-CB_6-O_6
LERHUP,9,-74.34,122.22,27.78,CD_7-CG_7-O_7-CA_7,CG_7-O_7-CA_7-CB_6,N_8-CD_7-CG_7-O_7
LERJEB,0,79.53,-43.51,-114.89,CB_1-CN_1-CE2_10-CE1_10,CN_1-CE2_10-CE1_10-N_10,CG_1-CB_1-CN_1-CE2_10
LERJEB,1,-53.07,96.14,-84.21,CN_2-CD2_1-CG_1-CB_1,CD2_1-CG_1-CB_1-CN_1,CG_2-CN_2-CD2_1-CG_1
LERJEB,2,-30.41,-98.37,-53.47,O_3-CD2_2-CG_2-CN_2,CD2_2-CG_2-CN_2-CD2_1,CB_3-O_3-CD2_2-CG_2
LERJEB,3,-53.91,109.54,40.95,CN_4-CD_3-CB_3-O_3,CD_3-CB_3-O_3-C_3,CG_4-CN_4-CD_3-CB_3
LERJEB,4,-53.91,35.2,40.95,CN_4-CD_3-CB_3-O_3,CD_3-CB_3-O_3-CD2_2,CG_4-CN_4-CD_3-CB_3
LERJEB,5,45.46,22.07,165.69,CA_5-CD2_4-CG_4-CN_4,CD2_4-CG_4-CN_4-CD_3,C_5-CA_5-CD2_4-CG_4
LERJEB,6,91.1,142.29,-23.94,CN_6-CB_5-C_5-CA_5,CB_5-C_5-CA_5-CD2_4,CG_6-CN_6-CB_5-C_5
LERJEB,7,-69.94,179.29,60.36,O_7-CD2_6-CG_6-CN_6,CD2_6-CG_6-CN_6-CB_5,CB_7-O_7-CD2_6-CG_6
LERJEB,8,-36.7,132.83,85.76,CN_8-CD_7-CB_7-O_7,CD_7-CB_7-O_7-C_7,CG_8-CN_8-CD_7-CB_7
LERJEB,9,-36.7,16.24,85.76,CN_8-CD_7-CB_7-O_7,CD_7-CB_7-O_7-CD2_6,CG_8-CN_8-CD_7-CB_7
LERJEB,10,40.02,26.38,171.02,CB_9-CD2_8-CG_8-CN_8,CD2_8-CG_8-CN_8-CD_7,CD1_9-CB_9-CD2_8-CG_8
LERJEB,11,-153.48,139.34,-76.62,CE1_10-N_10-CD1_9-CB_9,N_10-CD1_9-CB_9-CD2_8,CE2_10-CE1_10-N_10-CD1_9
LERJIF,0,77.42,61.67,156.45,CB_1-CG_1-CA_8-N_8,CG_1-CA_8-N_8-CA_7,CE2_1-CB_1-CG_1-CA_8
LERJIF,1,-24.12,0.82,16.26,N_2-CZ_1-CE2_1-CB_1,CZ_1-CE2_1-CB_1-CG_1,C_2-N_2-CZ_1-CE2_1
LERJIF,2,104.79,19.55,20.04,CA_3-CN_2-C_2-N_2,CN_2-C_2-N_2-O_2,CG_3-CA_3-CN_2-C_2
LERJIF,3,104.79,-47.86,20.04,CA_3-CN_2-C_2-N_2,CN_2-C_2-N_2-CZ_1,CG_3-CA_3-CN_2-C_2
LERJIF,4,2.81,86.18,126.86,O_4-CD1_3-CG_3-CA_3,CD1_3-CG_3-CA_3-CN_2,C_4-O_4-CD1_3-CG_3
LERJIF,5,-146.77,41.49,-152.26,CG_5-CA_4-C_4-O_4,CA_4-C_4-O_4-CD1_3,CD1_5-CG_5-CA_4-C_4
LERJIF,6,-83.33,131.41,-127.86,N_6-O_6-CD1_5-CG_5,O_6-CD1_5-CG_5-CA_4,C_6-N_6-O_6-CD1_5
LERJIF,7,158.15,-117.03,30.3,O_7-CB_6-C_6-N_6,CB_6-C_6-N_6-O_6,N_7-O_7-CB_6-C_6
LERJIF,8,48.97,175.24,-80.26,N_8-CA_7-N_7-O_7,CA_7-N_7-O_7-CD2_6,CA_8-N_8-CA_7-N_7
LERJIF,9,48.97,-167.16,-80.26,N_8-CA_7-N_7-O_7,CA_7-N_7-O_7-CB_6,CA_8-N_8-CA_7-N_7
LERPIL,0,139.53,84.42,111.3,CG2_1-CB_1-C_8-N_8,CB_1-C_8-N_8-O_7,CG1_1-CG2_1-CB_1-C_8
LERPIL,1,-23.88,-46.41,0.75,CB_2-N_2-CG1_1-CG2_1,N_2-CG1_1-CG2_1-CB_1,CG_2-CB_2-N_2-CG1_1
LERPIL,2,-10.0,-143.3,-96.68,CN_3-CD2_2-CG_2-CB_2,CD2_2-CG_2-CB_2-N_2,CB_3-CN_3-CD2_2-CG_2
LERPIL,3,-77.68,-148.31,4.92,C_4-CD1_3-CB_3-CN_3,CD1_3-CB_3-CN_3-CD2_2,O_4-C_4-CD1_3-CB_3
LERPIL,4,-49.56,-58.47,-96.57,CA_5-CG2_4-O_4-C_4,CG2_4-O_4-C_4-CA_4,C_5-CA_5-CG2_4-O_4
LERPIL,5,-49.56,-123.69,-96.57,CA_5-CG2_4-O_4-C_4,CG2_4-O_4-C_4-CD1_3,C_5-CA_5-CG2_4-O_4
LERPIL,6,103.17,-113.35,-79.94,CGA_5-CB_5-C_5-CA_5,CB_5-C_5-CA_5-N_5,CD_5-CGA_5-CB_5-C_5
LERPIL,7,103.17,-117.96,-79.94,CGA_5-CB_5-C_5-CA_5,CB_5-C_5-CA_5-CG2_4,CD_5-CGA_5-CB_5-C_5
LERPIL,8,-80.15,57.16,-73.39,CD_6-CA_6-CD_5-CGA_5,CA_6-CD_5-CGA_5-CB_5,CA_7-CD_6-CA_6-CD_5
LERPIL,9,-46.16,-131.15,-149.65,N_8-O_7-CA_7-CD_6,O_7-CA_7-CD_6-CA_6,C_8-N_8-O_7-CA_7
LERPOR,0,31.42,94.77,-24.14,CG_1-CB_1-CD2_6-CD2_8,CB_1-CD2_6-CD2_8-CD1_8,CD_1-CG_1-CB_1-CD2_6
LERPOR,1,31.42,-6.35,-24.14,CG_1-CB_1-CD2_6-CD2_8,CB_1-CD2_6-CD2_8-O_8,CD_1-CG_1-CB_1-CD2_6
LERPOR,2,-112.53,5.84,-27.85,N_3-CA_2-CD_1-CG_1,CA_2-CD_1-CG_1-CB_1,C_3-N_3-CA_2-CD_1
LERPOR,3,139.53,-95.44,-24.2,O_4-CN_3-C_3-N_3,CN_3-C_3-N_3-CA_2,CG_4-O_4-CN_3-C_3
LERPOR,4,143.39,-27.66,-0.34,CE2_4-CD2_4-CG_4-O_4,CD2_4-CG_4-O_4-CN_3,CZ_4-CE2_4-CD2_4-CG_4
LERPOR,5,149.03,-15.86,-58.97,CN_6-CA_5-CZ_4-CE2_4,CA_5-CZ_4-CE2_4-CD2_4,CB_6-CN_6-CA_5-CZ_4
LERPOR,6,-114.38,74.32,146.11,CA_7-CD1_6-CB_6-CN_6,CD1_6-CB_6-CN_6-CA_5,O_7-CA_7-CD1_6-CB_6
LERPOR,7,-4.3,93.11,-4.26,N_8-CB_7-O_7-CA_7,CB_7-O_7-CA_7-CD1_6,CA_8-N_8-CB_7-O_7
LERPOR,8,149.71,147.98,-51.64,CD2_8-O_8-CA_8-N_8,O_8-CA_8-N_8-CD2_7,CD2_6-CD2_8-O_8-CA_8
LERPOR,9,149.71,144.45,-51.64,CD2_8-O_8-CA_8-N_8,O_8-CA_8-N_8-CB_7,CD2_6-CD2_8-O_8-CA_8
LERPUX,0,-48.54,-75.91,174.15,CG_1-CB_1-CD_7-CG_7,CB_1-CD_7-CG_7-CB_7,CD1_1-CG_1-CB_1-CD_7
LERPUX,1,-126.19,-16.49,16.57,CB_2-N_2-CD1_1-CG_1,N_2-CD1_1-CG_1-CB_1,CG1_2-CB_2-N_2-CD1_1
LERPUX,2,-99.43,-73.26,-14.73,CB_3-N_3-CG1_2-CB_2,N_3-CG1_2-CB_2-O_2,CG_3-CB_3-N_3-CG1_2
LERPUX,3,-99.43,-77.1,-14.73,CB_3-N_3-CG1_2-CB_2,N_3-CG1_2-CB_2-N_2,CG_3-CB_3-N_3-CG1_2
LERPUX,4,-54.93,50.59,-97.2,CA_4-N_4-CG_3-CB_3,N_4-CG_3-CB_3-O_3,C_4-CA_4-N_4-CG_3
LERPUX,5,-54.93,20.52,-97.2,CA_4-N_4-CG_3-CB_3,N_4-CG_3-CB_3-N_3,C_4-CA_4-N_4-CG_3
LERPUX,6,128.37,-114.94,111.73,C_5-CB_4-C_4-CA_4,CB_4-C_4-CA_4-N_4,O_5-C_5-CB_4-C_4
LERPUX,7,-19.26,-93.62,-139.75,CA_6-CG_5-O_5-C_5,CG_5-O_5-C_5-CB_4,C_6-CA_6-CG_5-O_5
LERPUX,8,-146.65,-122.75,3.17,CA_7-CB_6-C_6-CA_6,CB_6-C_6-CA_6-N_6,C_7-CA_7-CB_6-C_6
LERPUX,9,-146.65,-132.75,3.17,CA_7-CB_6-C_6-CA_6,CB_6-C_6-CA_6-CG_5,C_7-CA_7-CB_6-C_6
LERPUX,10,-95.33,114.54,71.92,CG_7-CB_7-C_7-CA_7,CB_7-C_7-CA_7-N_7,CD_7-CG_7-CB_7-C_7
LERPUX,11,-95.33,136.73,71.92,CG_7-CB_7-C_7-CA_7,CB_7-C_7-CA_7-CB_6,CD_7-CG_7-CB_7-C_7
LERQAE,0,-112.62,130.16,-72.12,CG_1-CB_1-O_8-C_8,CB_1-O_8-C_8-N_8,CD1_1-CG_1-CB_1-O_8
LERQAE,1,-127.05,3.64,-54.42,CB_2-N_2-CD1_1-CG_1,N_2-CD1_1-CG_1-CB_1,CG_2-CB_2-N_2-CD1_1
LERQAE,2,56.58,-45.36,-41.82,CB_3-N_3-CG_2-CB_2,N_3-CG_2-CB_2-O_2,CD1_3-CB_3-N_3-CG_2
LERQAE,3,56.58,-7.09,-41.82,CB_3-N_3-CG_2-CB_2,N_3-CG_2-CB_2-N_2,CD1_3-CB_3-N_3-CG_2
LERQAE,4,161.93,71.57,18.41,C_4-N_4-CD1_3-CB_3,N_4-CD1_3-CB_3-N_3,O_4-C_4-N_4-CD1_3
LERQAE,5,-172.92,134.9,81.31,CB_5-N_5-O_4-C_4,N_5-O_4-C_4-N_4,CD1_5-CB_5-N_5-O_4
LERQAE,6,-26.17,-48.99,74.17,CB_6-N_6-CD1_5-CB_5,N_6-CD1_5-CB_5-N_5,CG_6-CB_6-N_6-CD1_5
LERQAE,7,97.4,11.66,86.57,CG_7-N_7-CG_6-CB_6,N_7-CG_6-CB_6-O_6,CD1_7-CG_7-N_7-CG_6
LERQAE,8,97.4,37.82,86.57,CG_7-N_7-CG_6-CB_6,N_7-CG_6-CB_6-N_6,CD1_7-CG_7-N_7-CG_6
LERQAE,9,174.78,40.35,-112.81,C_8-N_8-CD1_7-CG_7,N_8-CD1_7-CG_7-N_7,O_8-C_8-N_8-CD1_7
LERQEI,0,-44.36,-86.62,65.35,CG1_1-CB_1-N_8-CD_7,CB_1-N_8-CD_7-CG_7,CG2_1-CG1_1-CB_1-N_8
LERQEI,1,37.59,-1.74,161.56,CB_2-CA_2-CG2_1-CG1_1,CA_2-CG2_1-CG1_1-CB_1,CG_2-CB_2-CA_2-CG2_1
LERQEI,2,47.87,-23.88,166.02,O_3-CD2_2-CG_2-CB_2,CD2_2-CG_2-CB_2-CN_2,CN_3-O_3-CD2_2-CG_2
LERQEI,3,47.87,-74.75,166.02,O_3-CD2_2-CG_2-CB_2,CD2_2-CG_2-CB_2-CA_2,CN_3-O_3-CD2_2-CG_2
LERQEI,4,20.62,10.09,99.81,CA_4-N_4-CN_3-O_3,N_4-CN_3-O_3-C_3,C_4-CA_4-N_4-CN_3
LERQEI,5,20.62,-36.77,99.81,CA_4-N_4-CN_3-O_3,N_4-CN_3-O_3-CD2_2,C_4-CA_4-N_4-CN_3
LERQEI,6,-127.95,30.91,-79.14,N_5-CN_4-C_4-CA_4,CN_4-C_4-CA_4-N_4,C_5-N_5-CN_4-C_4
LERQEI,7,163.93,-76.81,0.2,CG2_5-CB_5-C_5-N_5,CB_5-C_5-N_5-CN_4,CA_6-CG2_5-CB_5-C_5
LERQEI,8,102.66,4.11,-148.34,CA_7-O_6-CA_6-CG2_5,O_6-CA_6-CG2_5-CB_5,O_7-CA_7-O_6-CA_6
LERQEI,9,-36.8,140.5,-25.3,CD_7-CG_7-O_7-CA_7,CG_7-O_7-CA_7-O_6,N_8-CD_7-CG_7-O_7
LERQIM,0,-29.61,-34.25,136.06,N_2-CB_1-CD2_7-CD1A_7,CB_1-CD2_7-CD1A_7-CGA_7,C_2-N_2-CB_1-CD2_7
LERQIM,1,108.58,169.02,-61.37,CA_3-CB_2-C_2-N_2,CB_2-C_2-N_2-CB_1,C_3-CA_3-CB_2-C_2
LERQIM,2,24.28,29.07,122.54,CG_3-CN_3-C_3-CA_3,CN_3-C_3-CA_3-N_3,CD1_3-CG_3-CN_3-C_3
LERQIM,3,24.28,92.66,122.54,CG_3-CN_3-C_3-CA_3,CN_3-C_3-CA_3-CB_2,CD1_3-CG_3-CN_3-C_3
LERQIM,4,-138.81,-41.23,102.22,CA_4-N_4-CD1_3-CG_3,N_4-CD1_3-CG_3-CN_3,C_4-CA_4-N_4-CD1_3
LERQIM,5,-100.37,125.54,-93.6,C_5-CB_4-C_4-CA_4,CB_4-C_4-CA_4-N_4,CB_5-C_5-CB_4-C_4
LERQIM,6,-64.74,-173.4,14.25,CG_6-CA_6-CB_5-C_5,CA_6-CB_5-C_5-CB_4,CD_6-CG_6-CA_6-CB_5
LERQIM,7,157.54,-24.65,112.11,O_7-CA_7-CD_6-CG_6,CA_7-CD_6-CG_6-CB_6,CN_7-O_7-CA_7-CD_6
LERQIM,8,157.54,-2.34,112.11,O_7-CA_7-CD_6-CG_6,CA_7-CD_6-CG_6-CA_6,CN_7-O_7-CA_7-CD_6
LERQIM,9,-54.87,33.21,169.12,CD1A_7-CGA_7-CN_7-O_7,CGA_7-CN_7-O_7-CA_7,CD2_7-CD1A_7-CGA_7-CN_7
LERQUY,0,-142.15,50.67,47.7,CG_1-CB_1-CD1_7-CG_7,CB_1-CD1_7-CG_7-N_7,CD_1-CG_1-CB_1-CD1_7
LERQUY,1,-64.43,-13.29,5.28,CG_2-CA_2-CD_1-CG_1,CA_2-CD_1-CG_1-CB_1,CD_2-CG_2-CA_2-CD_1
LERQUY,2,-76.49,-75.83,-121.46,CG_3-CA_3-CD_2-CG_2,CA_3-CD_2-CG_2-CB_2,CD1_3-CG_3-CA_3-CD_2
LERQUY,3,-76.49,-51.53,-121.46,CG_3-CA_3-CD_2-CG_2,CA_3-CD_2-CG_2-CA_2,CD1_3-CG_3-CA_3-CD_2
LERQUY,4,-1.58,4.74,89.82,CG_4-N_4-CD1_3-CG_3,N_4-CD1_3-CG_3-CB_3,CD1_4-CG_4-N_4-CD1_3
LERQUY,5,-1.58,9.41,89.82,CG_4-N_4-CD1_3-CG_3,N_4-CD1_3-CG_3-CA_3,CD1_4-CG_4-N_4-CD1_3
LERQUY,6,-144.03,72.92,-128.33,C_5-N_5-CD1_4-CG_4,N_5-CD1_4-CG_4-N_4,CB_5-C_5-N_5-CD1_4
LERQUY,7,-9.39,17.66,-43.54,O_6-CD_5-CB_5-C_5,CD_5-CB_5-C_5-N_5,CN_6-O_6-CD_5-CB_5
LERQUY,8,-92.38,-34.24,115.74,CG_7-N_7-CN_6-O_6,N_7-CN_6-O_6-C_6,CD1_7-CG_7-N_7-CN_6
LERQUY,9,-92.38,-33.75,115.74,CG_7-N_7-CN_6-O_6,N_7-CN_6-O_6-CD_5,CD1_7-CG_7-N_7-CN_6
LERRAF,0,-160.62,86.51,-178.18,CG1_1-CB_1-O_6-C_6,CB_1-O_6-C_6-CA_6,CG2_1-CG1_1-CB_1-O_6
LERRAF,1,-160.62,32.64,-178.18,CG1_1-CB_1-O_6-C_6,CB_1-O_6-C_6-CG1_5,CG2_1-CG1_1-CB_1-O_6
LERRAF,2,48.06,0.46,-49.9,CA_3-CA_2-CG2_1-CG1_1,CA_2-CG2_1-CG1_1-CB_1,C_3-CA_3-CA_2-CG2_1
LERRAF,3,120.94,124.08,3.54,CA_4-CB_3-C_3-CA_3,CB_3-C_3-CA_3-CA_2,C_4-CA_4-CB_3-C_3
LERRAF,4,-2.98,-120.79,-50.42,CG_4-CB_4-C_4-CA_4,CB_4-C_4-CA_4-N_4,CD1_4-CG_4-CB_4-C_4
LERRAF,5,-2.98,-149.79,-50.42,CG_4-CB_4-C_4-CA_4,CB_4-C_4-CA_4-CB_3,CD1_4-CG_4-CB_4-C_4
LERRAF,6,0.31,-177.74,-179.06,CE2_4-CE1_4-CD1_4-CG_4,CE1_4-CD1_4-CG_4-CB_4,CZ_4-CE2_4-CE1_4-CD1_4
LERRAF,7,150.11,9.74,-122.78,O_5-CA_5-CZ_4-CE2_4,CA_5-CZ_4-CE2_4-CE1_4,CB_5-O_5-CA_5-CZ_4
LERRAF,8,-44.37,50.52,3.09,C_6-CG1_5-CB_5-O_5,CG1_5-CB_5-O_5-CA_5,O_6-C_6-CG1_5-CB_5
LERREJ,0,54.29,-139.86,125.55,C_1-CA_1-CB_8-CA_8,CA_1-CB_8-CA_8-N_8,O_1-C_1-CA_1-CB_8
LERREJ,1,54.29,165.85,125.55,C_1-CA_1-CB_8-CA_8,CA_1-CB_8-CA_8-CD1_7,O_1-C_1-CA_1-CB_8
LERREJ,2,95.81,179.28,95.22,N_3-CA_2-O_1-C_1,CA_2-O_1-C_1-CA_1,CA_3-N_3-CA_2-O_1
LERREJ,3,-144.37,-63.54,-101.1,C_3-CG_3-CA_3-N_3,CG_3-CA_3-N_3-CA_2,O_3-C_3-CG_3-CA_3
LERREJ,4,154.59,-140.8,83.52,CG2_4-CA_4-O_3-C_3,CA_4-O_3-C_3-CG_3,C_4-CG2_4-CA_4-O_3
LERREJ,5,50.16,-160.26,-160.17,CD_5-N_5-C_4-CG2_4,N_5-C_4-CG2_4-CD1_4,CG_5-CD_5-N_5-C_4
LERREJ,6,50.16,-117.11,-160.17,CD_5-N_5-C_4-CG2_4,N_5-C_4-CG2_4-CA_4,CG_5-CD_5-N_5-C_4
LERREJ,7,-94.51,-9.41,88.65,CB2_6-CA_5-CG_5-CD_5,CA_5-CG_5-CD_5-N_5,CB1_6-CB2_6-CA_5-CG_5
LERREJ,8,-105.71,97.69,-144.1,CB_7-O_6-CB1_6-CB2_6,O_6-CB1_6-CB2_6-CA_5,CG_7-CB_7-O_6-CB1_6
LERREJ,9,86.71,-8.75,33.22,CA_8-CD1_7-CG_7-CB_7,CD1_7-CG_7-CB_7-O_6,CB_8-CA_8-CD1_7-CG_7
LERRIN,0,-158.04,-73.19,16.79,CD2_1-CD1_1-CG_8-C_8,CD1_1-CG_8-C_8-N_7,CA_1-CD2_1-CD1_1-CG_8
LERRIN,1,-136.81,-13.89,-140.95,N_2-CE1_1-CA_1-CD2_1,CE1_1-CA_1-CD2_1-CD1_1,C_2-N_2-CE1_1-CA_1
LERRIN,2,45.35,138.98,38.75,CG_2-CB_2-C_2-N_2,CB_2-C_2-N_2-O_2,CD2_2-CG_2-CB_2-C_2
LERRIN,3,45.35,-50.06,38.75,CG_2-CB_2-C_2-N_2,CB_2-C_2-N_2-CE1_1,CD2_2-CG_2-CB_2-C_2
LERRIN,4,157.41,7.66,0.4,CB_3-O_3-CD2_2-CG_2,O_3-CD2_2-CG_2-CB_2,CG_3-CB_3-O_3-CD2_2
LERRIN,5,35.07,50.21,79.83,CB_4-N_4-CG_3-CB_3,N_4-CG_3-CB_3-O_3,CG_4-CB_4-N_4-CG_3
LERRIN,6,144.3,68.62,104.27,CG_5-N_5-CG_4-CB_4,N_5-CG_4-CB_4-CD_4,CD1_5-CG_5-N_5-CG_4
LERRIN,7,144.3,50.83,104.27,CG_5-N_5-CG_4-CB_4,N_5-CG_4-CB_4-N_4,CD1_5-CG_5-N_5-CG_4
LERRIN,8,-13.66,-10.71,168.04,CG2_6-O_6-CD1_5-CG_5,O_6-CD1_5-CG_5-CB_5,CG1_6-CG2_6-O_6-CD1_5
LERRIN,9,-13.66,39.04,168.04,CG2_6-O_6-CD1_5-CG_5,O_6-CD1_5-CG_5-N_5,CG1_6-CG2_6-O_6-CD1_5
LERRIN,10,50.99,-33.99,-153.38,C_8-N_7-CG1_6-CG2_6,N_7-CG1_6-CG2_6-O_6,CG_8-C_8-N_7-CG1_6
LERROT,0,-106.98,34.77,91.79,CG_A:1-CB_A:1-CA_A:8-C_A:8,CB_A:1-CA_A:8-C_A:8-C_A:7,CD1_A:1-CG_A:1-CB_A:1-CA_A:8
LERROT,1,-80.42,15.52,-73.24,C_A:2-O_A:2-CD1_A:1-CG_A:1,O_A:2-CD1_A:1-CG_A:1-CB_A:1,CB_A:2-C_A:2-O_A:2-CD1_A:1
LERROT,2,12.5,74.19,-101.53,N_A:3-CD_A:2-CB_A:2-C_A:2,CD_A:2-CB_A:2-C_A:2-O_A:2,CA_A:3-N_A:3-CD_A:2-CB_A:2
LERROT,3,-5.76,-176.14,69.54,CD_A:3-CG_A:3-CA_A:3-N_A:3,CG_A:3-CA_A:3-N_A:3-CD_A:2,O_A:4-CD_A:3-CG_A:3-CA_A:3
LERROT,4,129.21,-151.99,125.38,CD2_A:4-C_A:4-O_A:4-CD_A:3,C_A:4-O_A:4-CD_A:3-CG_A:3,O_A:5-CD2_A:4-C_A:4-O_A:4
LERROT,5,81.99,-23.26,158.87,CG2_A:5-C_A:5-O_A:5-CD2_A:4,C_A:5-O_A:5-CD2_A:4-C_A:4,N_A:6-CG2_A:5-C_A:5-O_A:5
LERROT,6,66.57,22.46,165.03,O_A:7-C_A:6-N_A:6-CG2_A:5,C_A:6-N_A:6-CG2_A:5-CG1_A:5,N_A:7-O_A:7-C_A:6-N_A:6
LERROT,7,66.57,-78.49,165.03,O_A:7-C_A:6-N_A:6-CG2_A:5,C_A:6-N_A:6-CG2_A:5-C_A:5,N_A:7-O_A:7-C_A:6-N_A:6
LERROT,8,156.65,64.25,-73.23,C_A:8-C_A:7-N_A:7-O_A:7,C_A:7-N_A:7-O_A:7-CB_A:6,CA_A:8-C_A:8-C_A:7-N_A:7
LERROT,9,156.65,-0.88,-73.23,C_A:8-C_A:7-N_A:7-O_A:7,C_A:7-N_A:7-O_A:7-C_A:6,CA_A:8-C_A:8-C_A:7-N_A:7
LERRUZ,0,-131.55,-58.43,-2.4,CG_1-CB_1-CG_8-CB_8,CB_1-CG_8-CB_8-CB_7,CD_1-CG_1-CB_1-CG_8
LERRUZ,1,-95.83,-78.26,-169.35,CG1_2-CA_2-CD_1-CG_1,CA_2-CD_1-CG_1-CB_1,CG2_2-CG1_2-CA_2-CD_1
LERRUZ,2,146.49,-7.45,143.21,CB_3-N_3-CG2_2-CG1_2,N_3-CG2_2-CG1_2-CB_2,CG_3-CB_3-N_3-CG2_2
LERRUZ,3,146.49,25.16,143.21,CB_3-N_3-CG2_2-CG1_2,N_3-CG2_2-CG1_2-CA_2,CG_3-CB_3-N_3-CG2_2
LERRUZ,4,-19.46,63.5,-92.36,CA_4-CD2_3-CG_3-CB_3,CD2_3-CG_3-CB_3-O_3,C_4-CA_4-CD2_3-CG_3
LERRUZ,5,-19.46,57.92,-92.36,CA_4-CD2_3-CG_3-CB_3,CD2_3-CG_3-CB_3-N_3,C_4-CA_4-CD2_3-CG_3
LERRUZ,6,52.11,41.72,-111.91,CE1_4-CN_4-C_4-CA_4,CN_4-C_4-CA_4-CD2_3,CZ_4-CE1_4-CN_4-C_4
LERRUZ,7,53.1,52.62,-95.75,CG_5-CA_5-CZ_4-CE1_4,CA_5-CZ_4-CE1_4-CN_4,CD_5-CG_5-CA_5-CZ_4
LERRUZ,8,152.49,-58.13,138.11,N_7-CA_6-CD_5-CG_5,CA_6-CD_5-CG_5-CB_5,C_7-N_7-CA_6-CD_5
LERRUZ,9,152.49,-34.24,138.11,N_7-CA_6-CD_5-CG_5,CA_6-CD_5-CG_5-CA_5,C_7-N_7-CA_6-CD_5
LERRUZ,10,-164.0,-176.55,98.39,CB_8-CB_7-C_7-N_7,CB_7-C_7-N_7-CA_6,CG_8-CB_8-CB_7-C_7
LERSAG,0,22.98,-142.29,-23.44,CG_1-CB_1-O_8-C_8,CB_1-O_8-C_8-C_7,CD_1-CG_1-CB_1-O_8
LERSAG,1,117.41,75.86,-74.32,CG1_2-CA_2-CD_1-CG_1,CA_2-CD_1-CG_1-CB_1,CG2_2-CG1_2-CA_2-CD_1
LERSAG,2,-59.5,36.55,62.94,CA_3-N_3-CG2_2-CG1_2,N_3-CG2_2-CG1_2-CB_2,O_3-CA_3-N_3-CG2_2
LERSAG,3,-59.5,4.79,62.94,CA_3-N_3-CG2_2-CG1_2,N_3-CG2_2-CG1_2-CA_2,O_3-CA_3-N_3-CG2_2
LERSAG,4,-38.64,94.9,56.98,CZ_3-CG_3-O_3-CA_3,CG_3-O_3-CA_3-N_3,N_4-CZ_3-CG_3-O_3
LERSAG,5,-171.2,-158.51,-169.78,CD1_4-C_4-N_4-CZ_3,C_4-N_4-CZ_3-CG_3,CE1_4-CD1_4-C_4-N_4
LERSAG,6,60.72,-54.4,144.57,O_5-CZ_4-CE1_4-CD1_4,CZ_4-CE1_4-CD1_4-C_4,CB_5-O_5-CZ_4-CE1_4
LERSAG,7,36.4,135.65,-77.68,CD1_6-CD_5-CB_5-O_5,CD_5-CB_5-O_5-C_5,N_7-CD1_6-CD_5-CB_5
LERSAG,8,36.4,94.93,-77.68,CD1_6-CD_5-CB_5-O_5,CD_5-CB_5-O_5-CZ_4,N_7-CD1_6-CD_5-CB_5
LERSAG,9,80.03,-137.96,61.93,C_8-C_7-N_7-CD1_6,C_7-N_7-CD1_6-CD_5,O_8-C_8-C_7-N_7
LERSEK,0,-177.61,12.59,6.74,CG_1-CB_1-CG2_8-CG1_8,CB_1-CG2_8-CG1_8-CB_8,CD_1-CG_1-CB_1-CG2_8
LERSEK,1,-177.61,46.44,6.74,CG_1-CB_1-CG2_8-CG1_8,CB_1-CG2_8-CG1_8-CA_8,CD_1-CG_1-CB_1-CG2_8
LERSEK,2,139.39,5.9,-164.29,O_2-CA_2-CD_1-CG_1,CA_2-CD_1-CG_1-CB_1,CB_2-O_2-CA_2-CD_1
LERSEK,3,65.83,-161.01,66.46,C_3-CD1_2-CB_2-O_2,CD1_2-CB_2-O_2-CA_2,O_3-C_3-CD1_2-CB_2
LERSEK,4,-55.5,-63.75,36.31,CA_4-CG_3-O_3-C_3,CG_3-O_3-C_3-CA_3,C_4-CA_4-CG_3-O_3
LERSEK,5,-55.5,-109.41,36.31,CA_4-CG_3-O_3-C_3,CG_3-O_3-C_3-CD1_2,C_4-CA_4-CG_3-O_3
LERSEK,6,67.78,119.87,155.37,CA_5-CB_4-C_4-CA_4,CB_4-C_4-CA_4-N_4,C_5-CA_5-CB_4-C_4
LERSEK,7,67.78,145.68,155.37,CA_5-CB_4-C_4-CA_4,CB_4-C_4-CA_4-CG_3,C_5-CA_5-CB_4-C_4
LERSEK,8,-66.56,-152.16,30.14,C_6-CB_5-C_5-CA_5,CB_5-C_5-CA_5-CB_4,O_6-C_6-CB_5-C_5
LERSEK,9,-9.39,-87.17,-92.61,O_7-CG_6-O_6-C_6,CG_6-O_6-C_6-CB_5,CB_7-O_7-CG_6-O_6
LERSEK,10,-135.84,60.39,83.68,CG1_8-CA_8-CB_7-O_7,CA_8-CB_7-O_7-CG_6,CG2_8-CG1_8-CA_8-CB_7
LERSIO,0,36.65,-21.36,74.05,C_1-CD_1-CG1_9-CB_9,CD_1-CG1_9-CB_9-CA_9,O_1-C_1-CD_1-CG1_9
LERSIO,1,36.65,-39.04,74.05,C_1-CD_1-CG1_9-CB_9,CD_1-CG1_9-CB_9-C_8,O_1-C_1-CD_1-CG1_9
LERSIO,2,125.85,-170.66,-67.17,O_2-CA_2-O_1-C_1,CA_2-O_1-C_1-CD_1,CA_3-O_2-CA_2-O_1
LERSIO,3,77.82,33.19,-142.83,CA_4-CB2_3-CA_3-O_2,CB2_3-CA_3-O_2-CA_2,CB_4-CA_4-CB2_3-CA_3
LERSIO,4,163.35,-86.67,2.73,CD2_4-CD1_4-CB_4-CA_4,CD1_4-CB_4-CA_4-N_4,C_4-CD2_4-CD1_4-CB_4
LERSIO,5,163.35,-59.87,2.73,CD2_4-CD1_4-CB_4-CA_4,CD1_4-CB_4-CA_4-CB2_3,C_4-CD2_4-CD1_4-CB_4
LERSIO,6,-153.95,-114.26,68.02,CB2_5-N_5-C_4-CD2_4,N_5-C_4-CD2_4-CD1_4,C_5-CB2_5-N_5-C_4
LERSIO,7,128.38,-35.8,-71.71,C_6-N_6-C_5-CB2_5,N_6-C_5-CB2_5-N_5,O_6-C_6-N_6-C_5
LERSIO,8,-2.73,169.03,82.45,CD_7-CA_7-O_6-C_6,CA_7-O_6-C_6-N_6,C_7-CD_7-CA_7-O_6
LERSIO,9,133.96,37.49,42.78,CG_8-N_8-C_7-CD_7,N_8-C_7-CD_7-CA_7,CD1_8-CG_8-N_8-C_7
LERSIO,10,134.83,54.86,-28.26,CB_9-C_8-CD1_8-CG_8,C_8-CD1_8-CG_8-CB_8,CG1_9-CB_9-C_8-CD1_8
LERSIO,11,134.83,39.71,-28.26,CB_9-C_8-CD1_8-CG_8,C_8-CD1_8-CG_8-N_8,CG1_9-CB_9-C_8-CD1_8
LERTAH,0,-8.75,102.7,143.1,CB_1-CD_1-C_9-O_9,CD_1-C_9-O_9-CN_8,CG_1-CB_1-CD_1-C_9
LERTAH,1,20.6,-14.35,-77.92,CG_2-N_2-CG_1-CB_1,N_2-CG_1-CB_1-CD_1,CD2_2-CG_2-N_2-CG_1
LERTAH,2,141.41,79.83,-117.25,CA_3-N_3-CD2_2-CG_2,N_3-CD2_2-CG_2-N_2,O_4-CA_3-N_3-CD2_2
LERTAH,3,-66.43,-68.19,124.77,CG_4-C_4-O_4-CA_3,C_4-O_4-CA_3-N_3,O_5-CG_4-C_4-O_4
LERTAH,4,-76.34,160.31,56.41,CN_5-C_5-O_5-CG_4,C_5-O_5-CG_4-CB_4,CB_5-CN_5-C_5-O_5
LERTAH,5,-76.34,-160.34,56.41,CN_5-C_5-O_5-CG_4,C_5-O_5-CG_4-C_4,CB_5-CN_5-C_5-O_5
LERTAH,6,-157.78,3.62,-125.23,CD1_6-N_6-CB_5-CN_5,N_6-CB_5-CN_5-C_5,CD2_6-CD1_6-N_6-CB_5
LERTAH,7,-67.25,-40.66,-102.55,CG1_7-N_7-CD2_6-CD1_6,N_7-CD2_6-CD1_6-N_6,CG2_7-CG1_7-N_7-CD2_6
LERTAH,8,17.39,-63.7,-62.01,N_8-O_8-CG2_7-CG1_7,O_8-CG2_7-CG1_7-CB_7,C_8-N_8-O_8-CG2_7
LERTAH,9,17.39,-47.22,-62.01,N_8-O_8-CG2_7-CG1_7,O_8-CG2_7-CG1_7-N_7,C_8-N_8-O_8-CG2_7
LERTAH,10,74.62,9.7,53.75,O_9-CN_8-C_8-N_8,CN_8-C_8-N_8-O_8,C_9-O_9-CN_8-C_8
LERTEL,0,-122.84,-117.54,-152.24,CG_1-CB_1-CB_10-O_10,CB_1-CB_10-O_10-CE2_9,CD1_1-CG_1-CB_1-CB_10
LERTEL,1,-48.96,9.97,-160.32,CG1_2-N_2-CD1_1-CG_1,N_2-CD1_1-CG_1-CB_1,CG2_2-CG1_2-N_2-CD1_1
LERTEL,2,-149.9,-18.29,-86.69,CG_3-N_3-CG2_2-CG1_2,N_3-CG2_2-CG1_2-N_2,CD2_3-CG_3-N_3-CG2_2
LERTEL,3,-25.52,-37.74,-154.95,C_5-CA_4-CD2_3-CG_3,CA_4-CD2_3-CG_3-N_3,O_5-C_5-CA_4-CD2_3
LERTEL,4,96.71,-28.86,-170.79,CD1_5-CG_5-O_5-C_5,CG_5-O_5-C_5-CA_4,CE1_5-CD1_5-CG_5-O_5
LERTEL,5,14.44,2.06,163.0,C_6-CZ_5-CE1_5-CD1_5,CZ_5-CE1_5-CD1_5-CG_5,O_6-C_6-CZ_5-CE1_5
LERTEL,6,79.17,-64.2,-37.27,CG2_6-CG1_6-O_6-C_6,CG1_6-O_6-C_6-CA_6,N_7-CG2_6-CG1_6-O_6
LERTEL,7,79.17,-124.02,-37.27,CG2_6-CG1_6-O_6-C_6,CG1_6-O_6-C_6-CZ_5,N_7-CG2_6-CG1_6-O_6
LERTEL,8,49.21,34.09,-0.46,O_8-C_7-N_7-CG2_6,C_7-N_7-CG2_6-CG1_6,N_9-O_8-C_7-N_7
LERTEL,9,93.38,156.5,-130.66,CD1_9-C_9-N_9-O_8,C_9-N_9-O_8-C_7,CD2_9-CD1_9-C_9-N_9
LERTEL,10,-106.07,179.56,72.47,O_10-CE2_9-CD2_9-CD1_9,CE2_9-CD2_9-CD1_9-CG_9,CB_10-O_10-CE2_9-CD2_9
LERTEL,11,-106.07,162.29,72.47,O_10-CE2_9-CD2_9-CD1_9,CE2_9-CD2_9-CD1_9-C_9,CB_10-O_10-CE2_9-CD2_9
LERTIP,0,-127.98,100.76,11.17,CG_1-CB_1-CG_10-O_10,CB_1-CG_10-O_10-O_9,CD_1-CG_1-CB_1-CG_10
LERTIP,1,98.57,60.59,108.88,CG_2-CA_2-CD_1-CG_1,CA_2-CD_1-CG_1-CB_1,CD1_2-CG_2-CA_2-CD_1
LERTIP,2,65.49,22.13,173.78,CN_3-N_3-CD1_2-CG_2,N_3-CD1_2-CG_2-CB_2,CB_3-CN_3-N_3-CD1_2
LERTIP,3,65.49,28.96,173.78,CN_3-N_3-CD1_2-CG_2,N_3-CD1_2-CG_2-CA_2,CB_3-CN_3-N_3-CD1_2
LERTIP,4,-166.33,77.37,46.83,CD2_3-CD1_3-CB_3-CN_3,CD1_3-CB_3-CN_3-O_3,CA_4-CD2_3-CD1_3-CB_3
LERTIP,5,-166.33,-27.14,46.83,CD2_3-CD1_3-CB_3-CN_3,CD1_3-CB_3-CN_3-N_3,CA_4-CD2_3-CD1_3-CB_3
LERTIP,6,144.76,39.91,-66.45,C_5-O_4-CA_4-CD2_3,O_4-CA_4-CD2_3-CD1_3,CB_5-C_5-O_4-CA_4
LERTIP,7,-29.84,46.25,77.54,CN_6-CD_5-CB_5-C_5,CD_5-CB_5-C_5-O_4,CB_6-CN_6-CD_5-CB_5
LERTIP,8,89.42,-102.53,-38.89,O_7-CD1_6-CB_6-CN_6,CD1_6-CB_6-CN_6-CD_5,CG_7-O_7-CD1_6-CB_6
LERTIP,9,34.31,64.89,-136.93,O_8-CD2_7-CG_7-O_7,CD2_7-CG_7-O_7-CD1_6,CN_8-O_8-CD2_7-CG_7
LERTIP,10,-37.34,74.15,5.76,CZ_8-CG_8-CN_8-O_8,CG_8-CN_8-O_8-C_8,CA_9-CZ_8-CG_8-CN_8
LERTIP,11,-37.34,115.31,5.76,CZ_8-CG_8-CN_8-O_8,CG_8-CN_8-O_8-CD2_7,CA_9-CZ_8-CG_8-CN_8
LERTIP,12,174.58,-149.43,61.72,O_10-O_9-CA_9-CZ_8,O_9-CA_9-CZ_8-CG_8,CG_10-O_10-O_9-CA_9
LERTOV,0,50.11,136.24,-21.53,CG_1-CD_1-CG_10-O_10,CD_1-CG_10-O_10-CD1_9,CB_1-CG_1-CD_1-CG_10
LERTOV,1,-11.04,-80.66,144.85,CG_2-CA_2-CB_1-CG_1,CA_2-CB_1-CG_1-CD_1,CD1_2-CG_2-CA_2-CB_1
LERTOV,2,74.25,16.77,178.21,CN_3-N_3-CD1_2-CG_2,N_3-CD1_2-CG_2-CB_2,CB_3-CN_3-N_3-CD1_2
LERTOV,3,74.25,23.28,178.21,CN_3-N_3-CD1_2-CG_2,N_3-CD1_2-CG_2-CA_2,CB_3-CN_3-N_3-CD1_2
LERTOV,4,-40.2,77.26,7.0,O_4-CD1_3-CB_3-CN_3,CD1_3-CB_3-CN_3-O_3,CB_4-O_4-CD1_3-CB_3
LERTOV,5,-40.2,-25.18,7.0,O_4-CD1_3-CB_3-CN_3,CD1_3-CB_3-CN_3-N_3,CB_4-O_4-CD1_3-CB_3
LERTOV,6,149.52,98.05,-53.05,CD_5-CD1_4-CB_4-O_4,CD1_4-CB_4-O_4-CD1_3,CA_6-CD_5-CD1_4-CB_4
LERTOV,7,170.38,50.66,-16.7,CD2_6-O_6-CA_6-CD_5,O_6-CA_6-CD_5-CD1_4,N_7-CD2_6-O_6-CA_6
LERTOV,8,-164.19,47.78,172.95,CD2_7-C_7-N_7-CD2_6,C_7-N_7-CD2_6-O_6,CA_8-CD2_7-C_7-N_7
LERTOV,9,176.13,-156.41,-67.63,CD1_8-O_8-CA_8-CD2_7,O_8-CA_8-CD2_7-C_7,CD2_8-CD1_8-O_8-CA_8
LERTOV,10,-31.14,179.44,-49.56,O_9-CE2_8-CD2_8-CD1_8,CE2_8-CD2_8-CD1_8-CG_8,CB_9-O_9-CE2_8-CD2_8
LERTOV,11,-31.14,175.57,-49.56,O_9-CE2_8-CD2_8-CD1_8,CE2_8-CD2_8-CD1_8-O_8,CB_9-O_9-CE2_8-CD2_8
LERTOV,12,92.7,54.44,-113.44,O_10-CD1_9-CB_9-O_9,CD1_9-CB_9-O_9-CE2_8,CG_10-O_10-CD1_9-CB_9
LERTUB,0,173.3,179.05,93.96,CG_1-CB_1-O_10-C_10,CB_1-O_10-C_10-CA_10,CD1_1-CG_1-CB_1-O_10
LERTUB,1,173.3,-165.89,93.96,CG_1-CB_1-O_10-C_10,CB_1-O_10-C_10-CN_9,CD1_1-CG_1-CB_1-O_10
LERTUB,2,100.31,179.03,130.25,C_2-CE1_1-CD1_1-CG_1,CE1_1-CD1_1-CG_1-CB_1,O_2-C_2-CE1_1-CD1_1
LERTUB,3,20.55,39.95,-22.85,CA_3-CB_2-O_2-C_2,CB_2-O_2-C_2-CE1_1,O_3-CA_3-CB_2-O_2
LERTUB,4,20.63,163.62,53.04,CG1_4-CG_3-O_3-CA_3,CG_3-O_3-CA_3-CB_2,CG2_4-CG1_4-CG_3-O_3
LERTUB,5,-100.35,-19.67,31.42,CG_5-N_5-CG2_4-CG1_4,N_5-CG2_4-CG1_4-CG_3,CD_5-CG_5-N_5-CG2_4
LERTUB,6,-175.73,-36.56,-130.36,O_6-CA_6-CD_5-CG_5,CA_6-CD_5-CG_5-N_5,CG_6-O_6-CA_6-CD_5
LERTUB,7,114.61,91.74,92.01,CB_7-N_7-CG_6-O_6,N_7-CG_6-O_6-CA_6,CG1_7-CB_7-N_7-CG_6
LERTUB,8,-157.09,-20.35,25.67,CA_8-N_8-CG1_7-CB_7,N_8-CG1_7-CB_7-O_7,C_8-CA_8-N_8-CG1_7
LERTUB,9,-157.09,-73.68,25.67,CA_8-N_8-CG1_7-CB_7,N_8-CG1_7-CB_7-N_7,C_8-CA_8-N_8-CG1_7
LERTUB,10,134.31,113.94,-40.7,CA_9-CB_8-C_8-CA_8,CB_8-C_8-CA_8-N_8,C_9-CA_9-CB_8-C_8
LERTUB,11,130.11,-28.82,105.08,C_10-CN_9-C_9-CA_9,CN_9-C_9-CA_9-N_9,O_10-C_10-CN_9-C_9
LERTUB,12,130.11,-44.82,105.08,C_10-CN_9-C_9-CA_9,CN_9-C_9-CA_9-CB_8,O_10-C_10-CN_9-C_9
LERVAJ,0,32.9,29.79,77.54,CG_1-CB_1-CB_10-O_10,CB_1-CB_10-O_10-C_10,CD2_1-CG_1-CB_1-CB_10
LERVAJ,1,32.9,60.93,77.54,CG_1-CB_1-CB_10-O_10,CB_1-CB_10-O_10-CB_9,CD2_1-CG_1-CB_1-CB_10
LERVAJ,2,101.29,178.44,131.54,C_2-CE2_1-CD2_1-CG_1,CE2_1-CD2_1-CG_1-CB_1,O_2-C_2-CE2_1-CD2_1
LERVAJ,3,21.02,40.7,-22.55,CA_3-CB_2-O_2-C_2,CB_2-O_2-C_2-CE2_1,O_3-CA_3-CB_2-O_2
LERVAJ,4,19.6,163.4,51.05,CG1_4-CG_3-O_3-CA_3,CG_3-O_3-CA_3-CB_2,CG2_4-CG1_4-CG_3-O_3
LERVAJ,5,-101.6,-17.79,31.12,CG_5-N_5-CG2_4-CG1_4,N_5-CG2_4-CG1_4-CG_3,CD_5-CG_5-N_5-CG2_4
LERVAJ,6,-174.4,-37.02,-130.79,O_6-CA_6-CD_5-CG_5,CA_6-CD_5-CG_5-N_5,CG_6-O_6-CA_6-CD_5
LERVAJ,7,111.12,91.25,95.38,CB_7-N_7-CG_6-O_6,N_7-CG_6-O_6-CA_6,CG2_7-CB_7-N_7-CG_6
LERVAJ,8,-133.5,-26.13,46.38,C_8-CA_8-CG2_7-CB_7,CA_8-CG2_7-CB_7-O_7,O_8-C_8-CA_8-CG2_7
LERVAJ,9,-133.5,-79.33,46.38,C_8-CA_8-CG2_7-CB_7,CA_8-CG2_7-CB_7-N_7,O_8-C_8-CA_8-CG2_7
LERVAJ,10,13.85,32.93,130.9,C_9-CG_8-O_8-C_8,CG_8-O_8-C_8-CA_8,O_9-C_9-CG_8-O_8
LERVAJ,11,-36.66,2.86,97.16,O_10-CB_9-O_9-C_9,CB_9-O_9-C_9-CA_9,CB_10-O_10-CB_9-O_9
LERVAJ,12,-36.66,-14.36,97.16,O_10-CB_9-O_9-C_9,CB_9-O_9-C_9-CG_8,CB_10-O_10-CB_9-O_9
LERVOX,0,73.08,160.77,109.13,CG1_1-CB_1-C_10-CA_10,CB_1-C_10-CA_10-N_10,CG2_1-CG1_1-CB_1-C_10
LERVOX,1,-157.5,-2.83,-163.68,C_3-CA_2-CG2_1-CG1_1,CA_2-CG2_1-CG1_1-CB_1,CB_3-C_3-CA_2-CG2_1
LERVOX,2,-13.63,-31.68,25.97,O_4-CD_3-CB_3-C_3,CD_3-CB_3-C_3-CA_2,CB_4-O_4-CD_3-CB_3
LERVOX,3,51.62,-115.2,-33.08,CG_4-CD1_4-CB_4-O_4,CD1_4-CB_4-O_4-C_4,N_5-CG_4-CD1_4-CB_4
LERVOX,4,51.62,-166.11,-33.08,CG_4-CD1_4-CB_4-O_4,CD1_4-CB_4-O_4-CD_3,N_5-CG_4-CD1_4-CB_4
LERVOX,5,-58.51,-54.72,123.56,CG2_5-C_5-N_5-CG_4,C_5-N_5-CG_4-CD1_4,N_6-CG2_5-C_5-N_5
LERVOX,6,153.76,108.95,128.1,CD1_6-C_6-N_6-CG2_5,C_6-N_6-CG2_5-C_5,N_7-CD1_6-C_6-N_6
LERVOX,7,111.78,81.02,79.11,CD_7-C_7-N_7-CD1_6,C_7-N_7-CD1_6-C_6,N_8-CD_7-C_7-N_7
LERVOX,8,141.55,155.07,47.89,CG_8-C_8-N_8-CD_7,C_8-N_8-CD_7-CG_7,CD1_8-CG_8-C_8-N_8
LERVOX,9,141.55,-77.46,47.89,CG_8-C_8-N_8-CD_7,C_8-N_8-CD_7-C_7,CD1_8-CG_8-C_8-N_8
LERVOX,10,1.49,173.8,179.09,CE2_8-CE1_8-CD1_8-CG_8,CE1_8-CD1_8-CG_8-CB_8,CZ_8-CE2_8-CE1_8-CD1_8
LERVOX,11,1.49,-162.79,179.09,CE2_8-CE1_8-CD1_8-CG_8,CE1_8-CD1_8-CG_8-C_8,CZ_8-CE2_8-CE1_8-CD1_8
LERVOX,12,170.79,-14.92,166.56,CG1_9-CA_9-CZ_8-CE2_8,CA_9-CZ_8-CE2_8-CE1_8,CG2_9-CG1_9-CA_9-CZ_8
LERVOX,13,170.65,9.04,61.34,CA_10-N_10-CG2_9-CG1_9,N_10-CG2_9-CG1_9-CB_9,C_10-CA_10-N_10-CG2_9
LERVOX,14,170.65,-21.74,61.34,CA_10-N_10-CG2_9-CG1_9,N_10-CG2_9-CG1_9-CA_9,C_10-CA_10-N_10-CG2_9
LETHIE,0,-49.58,93.52,-6.94,O6-O5-C41-C40,O5-C41-C40-C35,O7-O6-O5-C41
LETHIE,1,-43.73,20.51,6.23,N2-O9-O7-O6,O9-O7-O6-O5,N3-N2-O9-O7
LETHIE,2,-39.33,23.49,-47.6,N9-N5-N3-N2,N5-N3-N2-O9,C1-N9-N5-N3
LETHIE,3,41.08,137.75,54.83,C8-C3-C1-N9,C3-C1-N9-N8,C9-C8-C3-C1
LETHIE,4,41.08,42.45,54.83,C8-C3-C1-N9,C3-C1-N9-N5,C9-C8-C3-C1
LETHIE,5,-37.29,-83.75,-160.69,C12-C11-C9-C8,C11-C9-C8-C3,C13-C12-C11-C9
LETHIE,6,-160.69,90.31,114.38,C20-C15-C13-C12,C15-C13-C12-C11,C21-C20-C15-C13
LETHIE,7,55.45,-91.98,89.1,C24-C23-C21-C20,C23-C21-C20-C15,C25-C24-C23-C21
LETHIE,8,-157.29,131.25,54.25,C32-C27-C25-C24,C27-C25-C24-C23,C33-C32-C27-C25
LETHIE,9,-137.86,124.08,-82.21,C40-C35-C33-C32,C35-C33-C32-C27,C41-C40-C35-C33
LETHIE01,0,-49.58,93.46,-6.93,O6-O5-C41-C40,O5-C41-C40-C35,O7-O6-O5-C41
LETHIE01,1,-43.66,20.48,6.18,N2-O9-O7-O6,O9-O7-O6-O5,N3-N2-O9-O7
LETHIE01,2,-39.28,23.48,-47.67,N9-N5-N3-N2,N5-N3-N2-O9,C1-N9-N5-N3
LETHIE01,3,41.2,137.67,54.97,C8-C3-C1-N9,C3-C1-N9-N8,C9-C8-C3-C1
LETHIE01,4,41.2,42.41,54.97,C8-C3-C1-N9,C3-C1-N9-N5,C9-C8-C3-C1
LETHIE01,5,-37.18,-83.92,-160.66,C12-C11-C9-C8,C11-C9-C8-C3,C13-C12-C11-C9
LETHIE01,6,-160.54,90.28,114.79,C20-C15-C13-C12,C15-C13-C12-C11,C21-C20-C15-C13
LETHIE01,7,55.58,-92.25,89.33,C24-C23-C21-C20,C23-C21-C20-C15,C25-C24-C23-C21
LETHIE01,8,-157.5,131.31,54.3,C32-C27-C25-C24,C27-C25-C24-C23,C33-C32-C27-C25
LETHIE01,9,-138.02,124.19,-82.29,C40-C35-C33-C32,C35-C33-C32-C27,C41-C40-C35-C33
LETHIE02,0,-49.57,93.49,-6.93,O6-O5-C41-C40,O5-C41-C40-C35,O7-O6-O5-C41
LETHIE02,1,-43.66,20.47,6.17,N2-O9-O7-O6,O9-O7-O6-O5,N3-N2-O9-O7
LETHIE02,2,-39.29,23.49,-47.62,N9-N5-N3-N2,N5-N3-N2-O9,C1-N9-N5-N3
LETHIE02,3,41.2,137.68,54.98,C8-C3-C1-N9,C3-C1-N9-N8,C9-C8-C3-C1
LETHIE02,4,41.2,42.37,54.98,C8-C3-C1-N9,C3-C1-N9-N5,C9-C8-C3-C1
LETHIE02,5,-37.21,-83.91,-160.68,C12-C11-C9-C8,C11-C9-C8-C3,C13-C12-C11-C9
LETHIE02,6,-160.56,90.3,114.87,C20-C15-C13-C12,C15-C13-C12-C11,C21-C20-C15-C13
LETHIE02,7,55.58,-92.34,89.31,C24-C23-C21-C20,C23-C21-C20-C15,C25-C24-C23-C21
LETHIE02,8,-157.5,131.33,54.3,C32-C27-C25-C24,C27-C25-C24-C23,C33-C32-C27-C25
LETHIE02,9,-138.01,124.19,-82.34,C40-C35-C33-C32,C35-C33-C32-C27,C41-C40-C35-C33
LETMOQ,0,84.73,-33.15,-29.07,O5-O6-O7-O9,O6-O7-O9-O14,C31-O5-O6-O7
LETMOQ,1,-61.81,83.22,18.09,O9-O14-O15-O17,O14-O15-O17-O22,O7-O9-O14-O15
LETMOQ,2,3.88,-13.92,-33.3,O17-O22-O23-N1,O22-O23-N1-N6,O15-O17-O22-O23
LETMOQ,3,-4.06,15.1,2.33,N1-N6-N7-C1,N6-N7-C1-C6,O23-N1-N6-N7
LETMOQ,4,-100.83,109.61,22.17,C1-C6-C7-C9,C6-C7-C9-C14,N7-C1-C6-C7
LETMOQ,5,-124.5,125.04,14.38,C9-C14-C15-C17,C14-C15-C17-C22,C7-C9-C14-C15
LETMOQ,6,29.05,-42.36,0.77,C17-C22-C23-C25,C22-C23-C25-C30,C15-C17-C22-C23
LETMOQ,7,-9.76,23.33,-0.31,C25-C30-C31-O5,C30-C31-O5-O6,C23-C25-C30-C31
LETPIM,0,-57.96,94.77,-2.07,O6-O5-C44-C43,O5-C44-C43-C38,O7-O6-O5-C44
LETPIM,1,-38.92,18.14,26.22,N3-O9-O7-O6,O9-O7-O6-O5,N4-N3-O9-O7
LETPIM,2,42.9,-89.44,-37.43,C3-N6-N4-N3,N6-N4-N3-N2,C4-C3-N6-N4
LETPIM,3,42.9,-66.92,-37.43,C3-N6-N4-N3,N6-N4-N3-O9,C4-C3-N6-N4
LETPIM,4,62.77,-36.57,112.11,C7-C6-C4-C3,C6-C4-C3-N6,C8-C7-C6-C4
LETPIM,5,-154.45,-154.19,-164.42,C15-C10-C8-C7,C10-C8-C7-C6,C16-C15-C10-C8
LETPIM,6,88.07,159.14,114.67,C19-C18-C16-C15,C18-C16-C15-C10,C20-C19-C18-C16
LETPIM,7,33.11,165.93,78.88,C27-C22-C20-C19,C22-C20-C19-C18,C28-C27-C22-C20
LETPIM,8,106.88,18.6,-136.42,C35-C30-C28-C27,C30-C28-C27-C22,C36-C35-C30-C28
LETPIM,9,-129.68,170.36,-78.51,C43-C38-C36-C35,C38-C36-C35-C30,C44-C43-C38-C36
LICCEJ,0,-102.06,102.62,102.32,C1D-C2D-C7D-C6D,C2D-C7D-C6D-C11D,C4D-C1D-C2D-C7D
LICCEJ,1,-28.75,66.5,39.41,C6D-C11D-C4D-C1D,C11D-C4D-C1D-C2D,C7D-C6D-C11D-C4D
LICSOF,0,135.39,63.09,128.61,O10-C40-C70-O15,C40-C70-O15-C67,C41-O10-C40-C70
LICSOF,1,14.92,-130.5,151.61,N9-C43-C41-O10,C43-C41-O10-C40,C44-N9-C43-C41
LICSOF,2,91.83,16.67,140.5,C47-O11-C44-N9,O11-C44-N9-C43,C49-C47-O11-C44
LICSOF,3,-116.91,-26.38,31.2,O12-C50-C49-C47,C50-C49-C47-O11,C53-O12-C50-C49
LICSOF,4,-114.42,53.38,173.47,C58-C54-C53-O12,C54-C53-O12-C50,C59-C58-C54-C53
LICSOF,5,-134.68,31.14,137.67,C64-N12-C59-C58,N12-C59-C58-C54,C66-C64-N12-C59
LICSOF,6,-170.5,70.27,-32.96,O15-C67-C66-C64,C67-C66-C64-N12,C70-O15-C67-C66
LIKCEO,0,78.78,-33.25,-168.31,N6-N5-C41-C40,N5-C41-C40-C35,N7-N6-N5-C41
LIKCEO,1,154.15,86.02,-15.14,C2-O2-N7-N6,O2-N7-N6-N5,C43-C2-O2-N7
LIKCEO,2,-160.21,-15.78,62.69,C7-C6-C43-C2,C6-C43-C2-O2,C8-C7-C6-C43
LIKCEO,3,36.7,-178.27,42.06,C18-C10-C8-C7,C10-C8-C7-C6,C19-C18-C10-C8
LIKCEO,4,103.88,-161.17,143.98,C22-C21-C19-C18,C21-C19-C18-C10,C23-C22-C21-C19
LIKCEO,5,-43.34,-2.82,66.9,C32-C25-C23-C22,C25-C23-C22-C21,C33-C32-C25-C23
LIKCEO,6,-75.77,-48.62,90.48,C40-C35-C33-C32,C35-C33-C32-C31,C41-C40-C35-C33
LIKCEO,7,-75.77,-113.7,90.48,C40-C35-C33-C32,C35-C33-C32-C25,C41-C40-C35-C33
LINCOA,0,-130.6,-115.9,-62.3,C5-C4-C47-C46,C4-C47-C46-O8,O1-C5-C4-C47
LINCOA,1,-172.42,-158.37,101.4,C9-C6-O1-C5,C6-O1-C5-C4,C10-C9-C6-O1
LINCOA,2,-93.57,-160.75,94.53,C13-N3-C10-C9,N3-C10-C9-C6,C14-C13-N3-C10
LINCOA,3,-107.83,-125.75,-155.45,C22-C16-C14-C13,C16-C14-C13-N3,C23-C22-C16-C14
LINCOA,4,67.93,-121.39,-53.69,C31-C25-C23-C22,C25-C23-C22-C16,C32-C31-C25-C23
LINCOA,5,-165.37,-68.33,94.39,C36-N6-C32-C31,N6-C32-C31-C25,O6-C36-N6-C32
LINCOA,6,-74.55,-170.46,169.09,C41-C37-O6-C36,C37-O6-C36-C35,C42-C41-C37-O6
LINCOA,7,-74.55,-161.89,169.09,C41-C37-O6-C36,C37-O6-C36-N6,C42-C41-C37-O6
LINCOA,8,-115.46,-116.13,-158.83,C43-N8-C42-C41,N8-C42-C41-C40,C44-C43-N8-C42
LINCOA,9,-115.46,-100.74,-158.83,C43-N8-C42-C41,N8-C42-C41-C37,C44-C43-N8-C42
LINCOA,10,77.87,-152.39,-126.57,C46-O8-C44-C43,O8-C44-C43-N8,C47-C46-O8-C44
LOSLEL,0,29.82,-64.7,28.81,O4-O3-C58-C56,O3-C58-C56-C55,O5-O4-O3-C58
LOSLEL,1,6.29,-149.09,-17.54,N4-O7-O5-O4,O7-O5-O4-O3,N6-N4-O7-O5
LOSLEL,2,1.81,-33.86,17.95,C1-N8-N6-N4,N8-N6-N4-O7,C3-C1-N8-N6
LOSLEL,3,-74.67,26.75,-13.27,C10-C5-C3-C1,C5-C3-C1-N8,C12-C10-C5-C3
LOSLEL,4,-100.76,-87.59,-79.68,C19-C14-C12-C10,C14-C12-C10-C5,C21-C19-C14-C12
LOSLEL,5,50.17,93.49,-121.96,C25-C23-C21-C19,C23-C21-C19-C14,C26-C25-C23-C21
LOSLEL,6,154.41,160.42,128.6,C30-C28-C26-C25,C28-C26-C25-C23,C31-C30-C28-C26
LOSLEL,7,99.02,-128.14,21.17,C38-C33-C31-C30,C33-C31-C30-C28,C40-C38-C33-C31
LOSLEL,8,58.55,-119.78,7.82,C43-C42-C40-C38,C42-C40-C38-C33,C44-C43-C42-C40
LOSLEL,9,-126.45,75.32,-160.65,C51-C46-C44-C43,C46-C44-C43-C42,C53-C51-C46-C44
LOSLEL,10,19.46,12.34,152.91,C56-C55-C53-C51,C55-C53-C51-C46,C58-C56-C55-C53
LOSLEL01,0,29.9,-64.62,28.84,O_40-O_30-C_69-C_19,O_30-C_69-C_19-C_1L,O_50-O_40-O_30-C_69
LOSLEL01,1,6.27,-149.12,-17.54,N_4_-O_70-O_50-O_40,O_70-O_50-O_40-O_30,N_6_-N_4_-O_70-O_50
LOSLEL01,2,1.79,-33.83,17.99,C_10-N_8_-N_6_-N_4_,N_8_-N_6_-N_4_-O_70,C_12-C_10-N_8_-N_6_
LOSLEL01,3,-74.64,26.74,-13.19,C_33-C_21-C_12-C_10,C_21-C_12-C_10-N_8_,C_35-C_33-C_21-C_12
LOSLEL01,4,-100.81,-87.69,-79.93,C_51-C_41-C_35-C_33,C_41-C_35-C_33-C_21,C_53-C_51-C_41-C_35
LOSLEL01,5,50.19,93.66,-121.98,C_61-C_55-C_53-C_51,C_55-C_53-C_51-C_41,C_70-C_61-C_55-C_53
LOSLEL01,6,154.1,160.66,128.53,C_80-C_72-C_70-C_61,C_72-C_70-C_61-C_55,C_81-C_80-C_72-C_70
LOSLEL01,7,99.08,-128.13,21.18,C_88-C_83-C_81-C_80,C_83-C_81-C_80-C_72,C_91-C_88-C_83-C_81
LOSLEL01,8,58.49,-119.71,7.84,C_94-C_93-C_91-C_88,C_93-C_91-C_88-C_83,C1-C_94-C_93-C_91
LOSLEL01,9,-126.2,75.05,-160.69,C4-C_1E-C1-C_94,C_1E-C1-C_94-C_93,C_1J-C4-C_1E-C1
LOSLEL01,10,19.32,12.35,152.78,C_19-C_1L-C_1J-C4,C_1L-C_1J-C4-C_1E,C_69-C_19-C_1L-C_1J
LOSLEL02,0,29.9,-64.62,28.84,O_40-O_30-C_69-C_19,O_30-C_69-C_19-C_1L,O_50-O_40-O_30-C_69
LOSLEL02,1,6.26,-149.12,-17.54,N_4_-O_70-O_50-O_40,O_70-O_50-O_40-O_30,N_6_-N_4_-O_70-O_50
LOSLEL02,2,1.8,-33.83,17.99,C_10-N_8_-N_6_-N_4_,N_8_-N_6_-N_4_-O_70,C_12-C_10-N_8_-N_6_
LOSLEL02,3,-74.64,26.74,-13.2,C_33-C_21-C_12-C_10,C_21-C_12-C_10-N_8_,C_35-C_33-C_21-C_12
LOSLEL02,4,-100.78,-87.68,-79.91,C_51-C_41-C_35-C_33,C_41-C_35-C_33-C_21,C_53-C_51-C_41-C_35
LOSLEL02,5,50.19,93.64,-121.97,C_61-C_55-C_53-C_51,C_55-C_53-C_51-C_41,C_70-C_61-C_55-C_53
LOSLEL02,6,154.1,160.67,128.53,C_80-C_72-C_70-C_61,C_72-C_70-C_61-C_55,C_81-C_80-C_72-C_70
LOSLEL02,7,99.08,-128.13,21.18,C_88-C_83-C_81-C_80,C_83-C_81-C_80-C_72,C_91-C_88-C_83-C_81
LOSLEL02,8,58.49,-119.7,7.84,C_94-C_93-C_91-C_88,C_93-C_91-C_88-C_83,C1-C_94-C_93-C_91
LOSLEL02,9,-126.22,75.06,-160.69,C4-C_1E-C1-C_94,C_1E-C1-C_94-C_93,C_1J-C4-C_1E-C1
LOSLEL02,10,19.32,12.35,152.77,C_19-C_1L-C_1J-C4,C_1L-C_1J-C4-C_1E,C_69-C_19-C_1L-C_1J
LOWGOT,0,55.11,79.02,-91.03,O4-O3-C58-C56,O3-C58-C56-C55,O5-O4-O3-C58
LOWGOT,1,-28.3,51.9,15.98,N4-O7-O5-O4,O7-O5-O4-O3,N6-N4-O7-O5
LOWGOT,2,32.41,48.66,-53.34,C1-N8-N6-N4,N8-N6-N4-O7,C3-C1-N8-N6
LOWGOT,3,131.54,89.15,14.16,C10-C5-C3-C1,C5-C3-C1-N8,C12-C10-C5-C3
LOWGOT,4,83.78,29.1,121.51,C19-C14-C12-C10,C14-C12-C10-C5,C21-C19-C14-C12
LOWGOT,5,-18.27,-124.26,-147.71,C25-C23-C21-C19,C23-C21-C19-C14,C26-C25-C23-C21
LOWGOT,6,-96.21,-173.09,-47.83,C30-C28-C26-C25,C28-C26-C25-C23,C31-C30-C28-C26
LOWGOT,7,131.13,-155.55,160.71,C38-C33-C31-C30,C33-C31-C30-C28,C40-C38-C33-C31
LOWGOT,8,152.24,79.67,84.74,C43-C42-C40-C38,C42-C40-C38-C33,C44-C43-C42-C40
LOWGOT,9,157.3,102.52,158.47,C51-C46-C44-C43,C46-C44-C43-C42,C53-C51-C46-C44
LOWGOT,10,-147.2,-72.07,42.67,C56-C55-C53-C51,C55-C53-C51-C46,C58-C56-C55-C53
LOWHAG,0,55.27,80.61,-89.44,O4-O3-C58-C56,O3-C58-C56-C55,O5-O4-O3-C58
LOWHAG,1,-30.67,51.55,10.09,N4-O7-O5-O4,O7-O5-O4-O3,N6-N4-O7-O5
LOWHAG,2,32.72,48.16,-53.18,C1-N8-N6-N4,N8-N6-N4-O7,C3-C1-N8-N6
LOWHAG,3,168.99,90.43,-13.65,C10-C5-C3-C1,C5-C3-C1-N8,C12-C10-C5-C3
LOWHAG,4,68.24,55.56,128.24,C19-C14-C12-C10,C14-C12-C10-C5,C21-C19-C14-C12
LOWHAG,5,-10.09,-120.73,-139.55,C25-C23-C21-C19,C23-C21-C19-C14,C26-C25-C23-C21
LOWHAG,6,-95.49,-168.98,-48.48,C30-C28-C26-C25,C28-C26-C25-C23,C31-C30-C28-C26
LOWHAG,7,130.5,-156.05,164.63,C38-C33-C31-C30,C33-C31-C30-C28,C40-C38-C33-C31
LOWHAG,8,152.35,68.86,95.9,C43-C42-C40-C38,C42-C40-C38-C33,C44-C43-C42-C40
LOWHAG,9,156.78,102.1,156.24,C51-C46-C44-C43,C46-C44-C43-C42,C53-C51-C46-C44
LOWHAG,10,-148.05,-72.44,41.6,C56-C55-C53-C51,C55-C53-C51-C46,C58-C56-C55-C53
LOWHAG01,0,53.74,80.08,-90.57,O4-O3-C58-C56,O3-C58-C56-C55,O5-O4-O3-C58
LOWHAG01,1,-28.39,52.63,14.86,N4-O7-O5-O4,O7-O5-O4-O3,N6-N4-O7-O5
LOWHAG01,2,31.11,49.35,-51.82,C1-N8-N6-N4,N8-N6-N4-O7,C3-C1-N8-N6
LOWHAG01,3,133.98,88.65,12.88,C10-C5-C3-C1,C5-C3-C1-N8,C12-C10-C5-C3
LOWHAG01,4,82.32,30.9,119.49,C19-C14-C12-C10,C14-C12-C10-C5,C21-C19-C14-C12
LOWHAG01,5,-19.83,-124.84,-149.68,C25-C23-C21-C19,C23-C21-C19-C14,C26-C25-C23-C21
LOWHAG01,6,-94.39,-171.55,-49.1,C30-C28-C26-C25,C28-C26-C25-C23,C31-C30-C28-C26
LOWHAG01,7,131.34,-156.62,163.52,C38-C33-C31-C30,C33-C31-C30-C28,C40-C38-C33-C31
LOWHAG01,8,153.5,70.53,92.07,C43-C42-C40-C38,C42-C40-C38-C33,C44-C43-C42-C40
LOWHAG01,9,157.8,101.76,158.83,C51-C46-C44-C43,C46-C44-C43-C42,C53-C51-C46-C44
LOWHAG01,10,-149.94,-69.88,40.51,C56-C55-C53-C51,C55-C53-C51-C46,C58-C56-C55-C53
MAVFAU,0,-78.04,38.34,32.45,O5-O4-C32-C31,O4-C32-C31-C26,O6-O5-O4-C32
MAVFAU,1,-2.72,-40.18,-96.7,N5-O8-O6-O5,O8-O6-O5-O4,N6-N5-O8-O6
MAVFAU,2,-37.42,-78.13,69.22,C4-N8-N6-N5,N8-N6-N5-O8,C5-C4-N8-N6
MAVFAU,3,-98.82,-57.47,-165.16,C12-C7-C5-C4,C7-C5-C4-C3,C13-C12-C7-C5
MAVFAU,4,-98.82,-62.92,-165.16,C12-C7-C5-C4,C7-C5-C4-N8,C13-C12-C7-C5
MAVFAU,5,-139.11,-63.9,113.87,C16-C15-C13-C12,C15-C13-C12-C7,C17-C16-C15-C13
MAVFAU,6,-37.88,-106.39,-64.27,C23-C19-C17-C16,C19-C17-C16-C15,C24-C23-C19-C17
MAVFAU,7,-159.12,-40.46,90.1,C31-C26-C24-C23,C26-C24-C23-C22,C32-C31-C26-C24
MAVFAU,8,-159.12,-66.08,90.1,C31-C26-C24-C23,C26-C24-C23-C19,C32-C31-C26-C24
MAVFEY,0,-169.54,50.37,-114.42,O2-N2-C32-C31,N2-C32-C31-C26,C2-O2-N2-C32
MAVFEY,1,-23.63,11.26,-143.48,C4-O3-C2-O2,O3-C2-O2-N2,N4-C4-O3-C2
MAVFEY,2,-58.32,149.34,-177.29,N6-C7-N4-C4,C7-N4-C4-O3,O9-N6-C7-N4
MAVFEY,3,-22.4,-161.32,155.98,C12-N8-O9-N6,N8-O9-N6-C6,C15-C12-N8-O9
MAVFEY,4,-22.4,161.66,155.98,C12-N8-O9-N6,N8-O9-N6-C7,C15-C12-N8-O9
MAVFEY,5,-34.91,134.83,-124.46,C16-C13-C15-C12,C13-C15-C12-N8,C18-C16-C13-C15
MAVFEY,6,-62.19,-23.05,76.74,C23-C19-C18-C16,C19-C18-C16-C13,C24-C23-C19-C18
MAVFEY,7,-154.0,72.29,-58.14,C31-C26-C24-C23,C26-C24-C23-C22,C32-C31-C26-C24
MAVFEY,8,-154.0,136.38,-58.14,C31-C26-C24-C23,C26-C24-C23-C19,C32-C31-C26-C24
MAVFIC,0,93.4,7.35,-23.76,O17-O12-C31-C16,O12-C31-C16-C6,O16-O17-O12-C31
MAVFIC,1,20.92,97.05,-75.24,N6-O18-O16-O17,O18-O16-O17-O12,N5-N6-O18-O16
MAVFIC,2,116.08,-23.85,39.21,C36-N7-N5-N6,N7-N5-N6-N4,C9-C36-N7-N5
MAVFIC,3,116.08,32.79,39.21,C36-N7-N5-N6,N7-N5-N6-O18,C9-C36-N7-N5
MAVFIC,4,-62.84,87.13,115.9,C22-C8-C9-C36,C8-C9-C36-C34,C33-C22-C8-C9
MAVFIC,5,-62.84,116.34,115.9,C22-C8-C9-C36,C8-C9-C36-N7,C33-C22-C8-C9
MAVFIC,6,-32.78,-46.47,115.81,C11-C12-C33-C22,C12-C33-C22-C8,C19-C11-C12-C33
MAVFIC,7,-37.14,-39.88,-152.17,C25-C5-C19-C11,C5-C19-C11-C12,C7-C25-C5-C19
MAVFIC,8,-70.5,-12.67,18.08,C16-C6-C7-C25,C6-C7-C25-C5,C31-C16-C6-C7
MEALVL10,0,-136.66,115.76,3.38,C19-C17-C16-C15,C17-C16-C15-O4,C20-C19-C17-C16
MEALVL10,1,133.79,6.17,,C22-O6-C20-C19,O6-C20-C19-C17,
MEALVL20,0,5.67,-68.38,-24.37,C19-C18-C16-C15,C18-C16-C15-O5,N4-C19-C18-C16
MEALVL20,1,104.7,-102.02,,O6-C22-N4-C19,C22-N4-C19-C18,
MEYROZ,0,-8.62,-74.62,-50.99,O5-O4-C28-C27,O4-C28-C27-C26,N2-O5-O4-C28
MEYROZ,1,2.66,9.82,23.78,N8-N4-N2-O5,N4-N2-O5-O4,C1-N8-N4-N2
MEYROZ,2,9.48,25.63,,C12-C3-C1-N8,C3-C1-N8-N7,
MEYROZ,3,9.48,-10.15,,C12-C3-C1-N8,C3-C1-N8-N4,
MEYROZ,4,60.24,0.53,74.95,C27-C26-C24-C23,C26-C24-C23-C22,C28-C27-C26-C24
MEYRUF,0,-44.07,68.24,-0.97,O3-O2-C29-C28,O2-C29-C28-C27,O5-O3-O2-C29
MEYRUF,1,2.76,-18.12,-24.41,N6-N2-O5-O3,N2-O5-O3-O2,N7-N6-N2-O5
MEYRUF,2,2.41,-14.49,,C13-C1-N7-N6,C1-N7-N6-N5,
MEYRUF,3,2.41,12.72,,C13-C1-N7-N6,C1-N7-N6-N2,
MEYRUF,4,-57.8,-22.98,-118.03,C28-C27-C25-C24,C27-C25-C24-C23,C29-C28-C27-C25
MIHDEN,0,78.19,-14.59,,C18-C17-O4A-C26C,C17-O4A-C26C-C26B,
MIHDEN,1,-176.09,6.19,,C14C-N3B-C26-C24,N3B-C26-C24-C22,
MIHDEN,2,28.72,2.84,,O3A-C18C-C18B-C17A,C18C-C18B-C17A-C16C,
MIHDEN,3,-2.35,12.0,,C24B-C22A-C21C-C21B,C22A-C21C-C21B-C20A,
MITJAC,0,-27.4,113.53,,C6_4-C1_5-O1_5-C3_5,C1_5-O1_5-C3_5-N1_5,
MITJAC,1,19.88,108.0,-32.29,C3_5-N1_5-C1_6-N1_6,N1_5-C1_6-N1_6-C2_6,O1_5-C3_5-N1_5-C1_6
MITJAC,2,19.88,-10.58,-32.29,C3_5-N1_5-C1_6-N1_6,N1_5-C1_6-N1_6-C2_7,O1_5-C3_5-N1_5-C1_6
MITJAC,3,44.23,-174.48,-81.59,N1_6-C2_7-C4_7-C5_7,C2_7-C4_7-C5_7-C6_7,C1_6-N1_6-C2_7-C4_7
MITJAC,4,167.29,13.77,-50.27,C5_7-C6_7-O2_8-O3_8,C6_7-O2_8-O3_8-C3_8,C4_7-C5_7-C6_7-O2_8
MITJAC,5,-67.22,-169.99,11.15,O3_8-C3_8-C5_8-N1_9,C3_8-C5_8-N1_9-C1_9,O2_8-O3_8-C3_8-C5_8
MITJAC,6,115.89,67.65,-23.13,N1_9-C1_9-C2_9-C5_9,C1_9-C2_9-C5_9-C1_4,C5_8-N1_9-C1_9-C2_9
MIWXOJ,0,-89.29,-82.96,15.11,C6'-C5'-O4-O3,C5'-O4-O3-N3,C7-C6'-C5'-O4
MIWXOJ,1,-172.51,33.45,-175.35,C14-C9-C7-C6',C9-C7-C6'-C5',C15-C14-C9-C7
MIWXOJ,2,64.69,-176.72,-158.03,C22-C17-C15-C14,C17-C15-C14-C9,C23-C22-C17-C15
MIWXOJ,3,103.88,106.35,-157.25,C30-C25-C23-C22,C25-C23-C22-C17,N1-C30-C25-C23
MIWXOJ,4,-163.35,13.32,87.79,O3-N3-N1-C30,N3-N1-C30-C25,O4-O3-N3-N1
MUCYOZ,0,-59.51,21.46,-64.17,O4-O2-C35-C34,O2-C35-C34-C33,O5-O4-O2-C35
MUCYOZ,1,-56.71,91.06,163.09,N8-O7-O5-O4,O7-O5-O4-O2,C1-N8-O7-O5
MUCYOZ,2,43.99,171.79,54.57,C4-C3-C1-N8,C3-C1-N8-O7,C5-C4-C3-C1
MUCYOZ,3,136.36,-115.32,157.24,C8-C7-C5-C4,C7-C5-C4-C3,C9-C8-C7-C5
MUCYOZ,4,18.12,107.39,-64.65,C14-C11-C9-C8,C11-C9-C8-C7,C15-C14-C11-C9
MUCYOZ,5,-89.73,123.48,-159.91,C26-C17-C15-C14,C17-C15-C14-C11,C27-C26-C17-C15
MUCYOZ,6,-177.57,3.84,1.46,C30-C29-C27-C26,C29-C27-C26-C17,C31-C30-C29-C27
MUCYOZ,7,152.74,19.47,31.7,C34-C33-C31-C30,C33-C31-C30-C29,C35-C34-C33-C31
NAMPIA,0,113.82,0.95,,C9-C8-C61-C59,C8-C61-C59-C58,
NAMPIA,1,113.29,32.14,-138.82,C25-C22-C21-C20,C22-C21-C20-C17,C27-C25-C22-C21
NAMPIA,2,92.79,102.4,-75.08,C32-C29-C27-C25,C29-C27-C25-C22,C34-C32-C29-C27
NAMPIA,3,12.62,30.62,-167.89,O12-N5-C34-C32,N5-C34-C32-C29,C37-O12-N5-C34
NAMPIA,4,-12.71,151.57,-47.62,C41-C39-C37-O12,C39-C37-O12-N5,N6-C41-C39-C37
NAMPIA,5,-83.58,79.14,-169.49,C46-C43-N6-C41,C43-N6-C41-C39,C47-C46-C43-N6
NAMPIA,6,30.38,-27.8,24.03,C49-N8-C47-C46,N8-C47-C46-C43,O15-C49-N8-C47
NAMPIA,7,62.57,-64.86,-38.4,C55-C51-O15-C49,C51-O15-C49-N8,O16-C55-C51-O15
NAMPIA,8,-94.14,133.37,-15.81,C59-C58-O16-C55,C58-O16-C55-C51,C61-C59-C58-O16
NEHYAA,0,-78.26,-38.35,32.45,C3-N2-C53-C52,N2-C53-C52-C44,O2-C3-N2-C53
NEHYAA,1,-13.48,-158.5,148.24,C8-C5-O2-C3,C5-O2-C3-N2,O3-C8-C5-O2
NEHYAA,2,79.17,144.62,-63.75,C13-C10-O3-C8,C10-O3-C8-N3,O4-C13-C10-O3
NEHYAA,3,79.17,125.92,-63.75,C13-C10-O3-C8,C10-O3-C8-C5,O4-C13-C10-O3
NEHYAA,4,92.0,-161.11,-92.16,C15-N5-O4-C13,N5-O4-C13-N4,O5-C15-N5-O4
NEHYAA,5,92.0,-160.62,-92.16,C15-N5-O4-C13,N5-O4-C13-C10,O5-C15-N5-O4
NEHYAA,6,39.59,176.6,100.66,C21-N6-O5-C15,N6-O5-C15-N5,O8-C21-N6-O5
NEHYAA,7,-22.68,-175.83,151.5,C26-C23-O8-C21,C23-O8-C21-N6,O9-C26-C23-O8
NEHYAA,8,85.02,139.91,-75.65,C31-C28-O9-C26,C28-O9-C26-N9,O10-C31-C28-O9
NEHYAA,9,85.02,123.88,-75.65,C31-C28-O9-C26,C28-O9-C26-C23,O10-C31-C28-O9
NEHYAA,10,96.34,135.96,173.05,C38-C33-O10-C31,C33-O10-C31-N10,C39-C38-C33-O10
NEHYAA,11,96.34,134.8,173.05,C38-C33-O10-C31,C33-O10-C31-C28,C39-C38-C33-O10
NEHYAA,12,-178.09,-145.92,178.7,O11-C41-C39-C38,C41-C39-C38-C33,C42-O11-C41-C39
NEHYAA,13,177.79,125.14,-179.32,C52-C44-C42-O11,C44-C42-O11-C41,C53-C52-C44-C42
NEHYAA01,0,-77.83,-38.35,30.35,C3-N2-C53-C52,N2-C53-C52-C44,O2-C3-N2-C53
NEHYAA01,1,-12.39,-157.61,147.93,C8-C5-O2-C3,C5-O2-C3-N2,O3-C8-C5-O2
NEHYAA01,2,78.97,144.8,-63.66,C13-C10-O3-C8,C10-O3-C8-N3,O4-C13-C10-O3
NEHYAA01,3,78.97,125.81,-63.66,C13-C10-O3-C8,C10-O3-C8-C5,O4-C13-C10-O3
NEHYAA01,4,92.09,-161.7,-91.74,C15-N5-O4-C13,N5-O4-C13-N4,O5-C15-N5-O4
NEHYAA01,5,92.09,-160.7,-91.74,C15-N5-O4-C13,N5-O4-C13-C10,O5-C15-N5-O4
NEHYAA01,6,36.5,175.26,101.58,C21-N6-O5-C15,N6-O5-C15-N5,O8-C21-N6-O5
NEHYAA01,7,-22.8,-175.81,150.86,C26-C23-O8-C21,C23-O8-C21-N6,O9-C26-C23-O8
NEHYAA01,8,84.59,141.13,-75.78,C31-C28-O9-C26,C28-O9-C26-N9,O10-C31-C28-O9
NEHYAA01,9,84.59,124.6,-75.78,C31-C28-O9-C26,C28-O9-C26-C23,O10-C31-C28-O9
NEHYAA01,10,96.6,136.26,173.07,C38-C33-O10-C31,C33-O10-C31-N10,C39-C38-C33-O10
NEHYAA01,11,96.6,135.03,173.07,C38-C33-O10-C31,C33-O10-C31-C28,C39-C38-C33-O10
NEHYAA01,12,-177.9,-145.34,178.12,O11-C41-C39-C38,C41-C39-C38-C33,C42-O11-C41-C39
NEHYAA01,13,177.85,124.97,179.81,C52-C44-C42-O11,C44-C42-O11-C41,C53-C52-C44-C42
NEHYAA02,0,-71.58,-37.57,27.17,C3-N2-C53-C52,N2-C53-C52-C44,O2-C3-N2-C53
NEHYAA02,1,-12.38,-154.84,149.21,C8-C5-O2-C3,C5-O2-C3-N2,O3-C8-C5-O2
NEHYAA02,2,78.7,144.02,-63.36,C13-C10-O3-C8,C10-O3-C8-N3,O4-C13-C10-O3
NEHYAA02,3,78.7,125.26,-63.36,C13-C10-O3-C8,C10-O3-C8-C5,O4-C13-C10-O3
NEHYAA02,4,90.97,-161.88,-92.03,C15-N5-O4-C13,N5-O4-C13-N4,O5-C15-N5-O4
NEHYAA02,5,90.97,-160.27,-92.03,C15-N5-O4-C13,N5-O4-C13-C10,O5-C15-N5-O4
NEHYAA02,6,37.3,175.16,101.19,C21-N6-O5-C15,N6-O5-C15-N5,O8-C21-N6-O5
NEHYAA02,7,-22.21,-175.68,151.33,C26-C23-O8-C21,C23-O8-C21-N6,O9-C26-C23-O8
NEHYAA02,8,85.43,139.9,-76.22,C31-C28-O9-C26,C28-O9-C26-N9,O10-C31-C28-O9
NEHYAA02,9,85.43,123.27,-76.22,C31-C28-O9-C26,C28-O9-C26-C23,O10-C31-C28-O9
NEHYAA02,10,96.42,137.0,172.57,C38-C33-O10-C31,C33-O10-C31-N10,C39-C38-C33-O10
NEHYAA02,11,96.42,135.24,172.57,C38-C33-O10-C31,C33-O10-C31-C28,C39-C38-C33-O10
NEHYAA02,12,-174.97,-145.3,175.18,O11-C41-C39-C38,C41-C39-C38-C33,C42-O11-C41-C39
NEHYAA02,13,178.23,124.1,-177.01,C52-C44-C42-O11,C44-C42-O11-C41,C53-C52-C44-C42
NEHYAA03,0,-78.79,-38.17,34.05,C3-N2-C53-C52,N2-C53-C52-C44,O2-C3-N2-C53
NEHYAA03,1,-13.29,-158.76,149.54,C8-C5-O2-C3,C5-O2-C3-N2,O3-C8-C5-O2
NEHYAA03,2,78.66,143.38,-63.17,C13-C10-O3-C8,C10-O3-C8-N3,O4-C13-C10-O3
NEHYAA03,3,78.66,124.91,-63.17,C13-C10-O3-C8,C10-O3-C8-C5,O4-C13-C10-O3
NEHYAA03,4,91.52,-161.54,-90.89,C15-N5-O4-C13,N5-O4-C13-N4,O5-C15-N5-O4
NEHYAA03,5,91.52,-161.33,-90.89,C15-N5-O4-C13,N5-O4-C13-C10,O5-C15-N5-O4
NEHYAA03,6,37.27,173.34,101.25,C21-N6-O5-C15,N6-O5-C15-N5,O8-C21-N6-O5
NEHYAA03,7,-23.15,-176.16,150.36,C26-C23-O8-C21,C23-O8-C21-N6,O9-C26-C23-O8
NEHYAA03,8,86.5,142.97,-76.06,C31-C28-O9-C26,C28-O9-C26-N9,O10-C31-C28-O9
NEHYAA03,9,86.5,125.7,-76.06,C31-C28-O9-C26,C28-O9-C26-C23,O10-C31-C28-O9
NEHYAA03,10,96.98,136.99,172.37,C38-C33-O10-C31,C33-O10-C31-N10,C39-C38-C33-O10
NEHYAA03,11,96.98,135.73,172.37,C38-C33-O10-C31,C33-O10-C31-C28,C39-C38-C33-O10
NEHYAA03,12,-176.21,-145.23,176.03,O11-C41-C39-C38,C41-C39-C38-C33,C42-O11-C41-C39
NEHYAA03,13,178.73,123.51,-178.2,C52-C44-C42-O11,C44-C42-O11-C41,C53-C52-C44-C42
NEPMIE,0,-162.58,-17.38,,C5-C4-C25-N6,C4-C25-N6-O5,
NEPMIE,1,-157.16,150.12,93.79,C13-C12-N3-O3,C12-N3-O3-C10,C14-C13-C12-N3
NEPMIE,2,62.05,-33.93,,C16-N4-C14-C13,N4-C14-C13-C12,
NEPMIE,3,-50.42,60.37,159.14,N6-O5-C23-C22,O5-C23-C22-C21,C25-N6-O5-C23
NEPMUQ,0,9.54,41.3,,C5-C4-C25-C24,C4-C25-C24-N6,
NEPMUQ,1,103.48,-134.55,13.24,C13-C12-C10-N3,C12-C10-N3-O3,C14-C13-C12-C10
NEPMUQ,2,-58.05,133.83,,C16-C15-C14-C13,C15-C14-C13-C12,
NEPMUQ,3,171.48,-162.79,-66.89,C24-N6-C23-C22,N6-C23-C22-C21,C25-C24-N6-C23
NEPNAX,0,-107.92,-9.69,,C5-C4-C25-N6,C4-C25-N6-O5,
NEPNAX,1,146.4,-151.14,-95.0,C13-C12-N3-O3,C12-N3-O3-C10,C14-C13-C12-N3
NEPNAX,2,-66.15,37.5,,C16-N4-C14-C13,N4-C14-C13-C12,
NEPNAX,3,47.01,-50.92,160.41,N6-O5-C23-C22,O5-C23-C22-C21,C25-N6-O5-C23
NIWHEH,0,43.84,-24.68,124.99,O5-O4-C39-C38,O4-C39-C38-C35,O7-O5-O4-C39
NIWHEH,1,87.64,75.68,-13.68,O9-N4-O7-O5,N4-O7-O5-O4,C1-O9-N4-O7
NIWHEH,2,-20.84,-18.89,-120.63,C4-C3-C1-O9,C3-C1-O9-N4,O10-C4-C3-C1
NIWHEH,3,-48.22,63.0,149.36,C8-C5-O10-C4,C5-O10-C4-C3,C9-C8-C5-O10
NIWHEH,4,36.25,-52.58,-68.63,C17-C11-C9-C8,C11-C9-C8-O11,C18-C17-C11-C9
NIWHEH,5,36.25,136.33,-68.63,C17-C11-C9-C8,C11-C9-C8-C5,C18-C17-C11-C9
NIWHEH,6,-15.61,53.96,-45.19,C28-C20-C18-C17,C20-C18-C17-C11,C29-C28-C20-C18
NIWHEH,7,14.01,-102.56,144.63,C32-C31-C29-C28,C31-C29-C28-C20,C33-C32-C31-C29
NIWHEH,8,-165.7,97.84,106.46,C38-C35-C33-C32,C35-C33-C32-C31,C39-C38-C35-C33
NIXMAJ,0,-22.4,80.73,-15.74,C32-C31-O21-O20,C31-O21-O20-O19,C33-C32-C31-O21
NIXMAJ,1,-3.19,-157.92,2.3,C36-C35-C33-C32,C35-C33-C32-C31,C37-C36-C35-C33
NIXMAJ,2,-177.0,44.16,37.35,C40-C39-C37-C36,C39-C37-C36-C35,C41-C40-C39-C37
NIXMAJ,3,35.16,1.01,131.36,C50-C43-C41-C40,C43-C41-C40-C39,C51-C50-C43-C41
NIXMAJ,4,-101.61,103.96,,C54-C53-C51-C50,C53-C51-C50-C43,
NOSVOG,0,-74.97,38.9,-35.4,C15-C14-O21-O20,C14-O21-O20-O19,C16-C15-C14-O21
NOSVOG,1,3.46,2.34,82.41,C19-C18-C16-C15,C18-C16-C15-C14,C20-C19-C18-C16
NOSVOG,2,-33.91,36.97,-81.48,C23-C22-C20-C19,C22-C20-C19-C18,C24-C23-C22-C20
NOSVOG,3,-13.41,-74.66,,C31-C26-C24-C23,C26-C24-C23-C22,
NOYTAA,0,126.95,-50.01,,C6_1-C5_1-N68_1-O28_1,C5_1-N68_1-O28_1-C27_1,
NOYTAA,1,126.95,-44.43,,C6_1-C5_1-N68_1-O28_1,C5_1-N68_1-O28_1-C29_1,
NOYTAA,2,68.36,-139.66,,C36_1-C37_1-C42_1-N44_1,C37_1-C42_1-N44_1-N45_1,
NOYTAA,3,68.36,-17.31,,C36_1-C37_1-C42_1-N44_1,C37_1-C42_1-N44_1-C53_1,
NOYTAA,4,14.23,-123.23,,C60_1-C61_1-C66_1-C14_1,C61_1-C66_1-C14_1-C12_1,
NOYTAA,5,14.23,-134.17,,C60_1-C61_1-C66_1-C14_1,C61_1-C66_1-C14_1-C15_1,
NOYTII,0,-87.12,-24.39,,C6_3-C5_3-C145-C115,C5_3-C145-C115-C114,
NOYTII,1,-87.12,126.11,,C6_3-C5_3-C145-C115,C5_3-C145-C115-O15,
NOYTII,2,17.88,117.38,,C121-C122-C126-C128,C122-C126-C128-N21,
NOYTII,3,17.88,33.14,,C121-C122-C126-C128,C122-C126-C128-O17,
NOYTII,4,32.3,-119.23,,C138-C139-C143-C14_3,C139-C143-C14_3-C12_3,
NOYTII,5,32.3,-129.77,,C138-C139-C143-C14_3,C139-C143-C14_3-C15_3,
NUCZUH,0,92.77,70.33,-145.23,C6-C5-O4-O3,C5-O4-O3-N8,C7-C6-C5-O4
NUCZUH,1,85.18,-0.43,-175.92,C13-C9-C7-C6,C9-C7-C6-C5,C14-C13-C9-C7
NUCZUH,2,-51.05,35.05,109.23,C27-C16-C14-C13,C16-C14-C13-C12,C28-C27-C16-C14
NUCZUH,3,-51.05,119.84,109.23,C27-C16-C14-C13,C16-C14-C13-C9,C28-C27-C16-C14
NUCZUH,4,-43.07,76.57,129.57,C34-C30-C28-C27,C30-C28-C27-C16,C35-C34-C30-C28
NUCZUH,5,-74.9,-45.89,-11.45,C38-C37-C35-C34,C37-C35-C34-C33,C39-C38-C37-C35
NUCZUH,6,-74.9,-66.99,-11.45,C38-C37-C35-C34,C37-C35-C34-C30,C39-C38-C37-C35
NUCZUH,7,-133.48,-129.82,31.14,N5-C41-C39-C38,C41-C39-C38-C37,N6-N5-C41-C39
NUCZUH,8,-9.4,-13.35,-39.95,O3-N8-N6-N5,N8-N6-N5-C41,O4-O3-N8-N6
NULLOZ,0,39.78,-2.84,41.75,O6-O5-C42-C41,O5-C42-C41-C36,O7-O6-O5-C42
NULLOZ,1,61.21,-110.39,,C1-O9-O7-O6,O9-O7-O6-O5,
NULLOZ,2,35.92,-146.07,-104.82,C33-C28-C26-C24,C28-C26-C24-C20,C34-C33-C28-C26
NULLOZ,3,14.94,-85.73,120.96,C41-C36-C34-C33,C36-C34-C33-C28,C42-C41-C36-C34
NUPROJ,0,-151.08,-26.69,27.61,CG_1-CB_1-NE2_10-CE1_10,CB_1-NE2_10-CE1_10-CA_10,CD1_1-CG_1-CB_1-NE2_10
NUPROJ,1,154.09,-3.24,78.02,CA_3-N_2-CD1_1-CG_1,N_2-CD1_1-CG_1-CB_1,C_3-CA_3-N_2-CD1_1
NUPROJ,2,82.45,-103.38,77.32,OG1_4-N_4-C_3-CA_3,N_4-C_3-CA_3-N_2,N_5-OG1_4-N_4-C_3
NUPROJ,3,-29.69,-128.58,148.07,CB_6-C_5-N_5-OG1_4,C_5-N_5-OG1_4-N_4,CG_6-CB_6-C_5-N_5
NUPROJ,4,177.6,86.92,72.6,CH2_6-CD2_6-CG_6-CB_6,CD2_6-CG_6-CB_6-C_5,N_7-CH2_6-CD2_6-CG_6
NUPROJ,5,25.36,174.19,76.99,O_7-C_7-N_7-CH2_6,C_7-N_7-CH2_6-CD2_6,CB_7-O_7-C_7-N_7
NUPROJ,6,-178.93,-168.74,149.44,OE1_7-CD_7-CB_7-O_7,CD_7-CB_7-O_7-C_7,OE2_7-OE1_7-CD_7-CB_7
NUPROJ,7,-63.68,-39.56,127.89,CG_8-CA_8-OE2_7-OE1_7,CA_8-OE2_7-OE1_7-CD_7,CD_8-CG_8-CA_8-OE2_7
NUPROJ,8,28.89,-50.01,83.33,C_9-CZ_8-CD_8-CG_8,CZ_8-CD_8-CG_8-CB_8,O_9-C_9-CZ_8-CD_8
NUPROJ,9,28.89,-44.11,83.33,C_9-CZ_8-CD_8-CG_8,CZ_8-CD_8-CG_8-CA_8,O_9-C_9-CZ_8-CD_8
NUPROJ,10,175.82,94.14,135.73,SD_9-CG_9-O_9-C_9,CG_9-O_9-C_9-CZ_8,CE_9-SD_9-CG_9-O_9
NUPROJ,11,44.65,8.15,-129.2,CE1_10-CA_10-CE_9-SD_9,CA_10-CE_9-SD_9-CG_9,NE2_10-CE1_10-CA_10-CE_9
OCOKIE,0,122.78,-65.17,,O006-O005-C02O-C02N,O005-C02O-C02N-N02M,
OCOKIE,1,122.78,3.6,,O006-O005-C02O-C02N,O005-C02O-C02N-C02J,
OCOKIE,2,-108.33,117.64,-3.98,C01C-C01B-C019-C017,C01B-C019-C017-C013,C01E-C01C-C01B-C019
OCOKIE,3,-163.74,52.04,64.05,C01K-C01G-C01E-C01C,C01G-C01E-C01C-C01B,C01L-C01K-C01G-C01E
OCOKIE,4,81.61,24.13,,C01O-C01N-C01L-C01K,C01N-C01L-C01K-C01J,
OCOKIE,5,81.61,167.11,,C01O-C01N-C01L-C01K,C01N-C01L-C01K-C01G,
OCOKIE,6,59.02,-31.75,5.3,C02B-C02A-C028-C026,C02A-C028-C026-C022,O02G-C02B-C02A-C028
OCOKIE,7,-33.78,24.71,-58.29,C02N-C02J-O02G-C02B,C02J-O02G-C02B-C02A,C02O-C02N-C02J-O02G
OFUDUR,0,158.05,-75.46,-12.55,C6-C5-O4-O3,C5-O4-O3-N4,C7-C6-C5-O4
OFUDUR,1,40.78,148.7,-91.85,C17-C9-C7-C6,C9-C7-C6-C5,C19-C17-C9-C7
OFUDUR,2,-19.92,91.01,-101.38,C26-C21-C19-C17,C21-C19-C17-C9,C28-C26-C21-C19
OFUDUR,3,125.5,-141.24,,C31-C30-C28-C26,C30-C28-C26-C21,
OFUDUR,4,-83.81,-176.31,-138.3,C57-C55-C53-C51,C55-C53-C51-C47,C58-C57-C55-C53
OFUDUR,5,81.09,27.18,-64.71,N1-C60-C58-C57,C60-C58-C57-C55,N2-N1-C60-C58
OFUDUR,6,33.47,-40.67,-26.93,O3-N4-N2-N1,N4-N2-N1-C60,O4-O3-N4-N2
OFUZEY,0,-41.31,-52.4,70.83,O3-O4-O5-O7,O4-O5-O7-N1,C7-O3-O4-O5
OFUZEY,1,6.32,6.72,24.77,O7-N1-N2-N4,N1-N2-N4-C1,O5-O7-N1-N2
OFUZEY,2,-23.04,21.58,6.8,N4-C1-C2-C4,C1-C2-C4-C6,N2-N4-C1-C2
OFUZEY,3,41.72,158.66,25.8,C4-C6-C7-O3,C6-C7-O3-O4,C2-C4-C6-C7
OHUNEO,0,165.95,-29.66,-27.49,C01Z-C020-C02C-C02H,C020-C02C-C02H-C02I,C02U-C01Z-C020-C02C
OHUNEO,1,165.95,12.84,-27.49,C01Z-C020-C02C-C02H,C020-C02C-C02H-C02S,C02U-C01Z-C020-C02C
OHUNEO,2,48.61,42.39,-129.42,C02H-C02S-C02U-C01Z,C02S-C02U-C01Z-C020,C02C-C02H-C02S-C02U
PAANTD,0,155.5,17.87,-67.65,C3-O1-C22C-C13C,O1-C22C-C13C-N3C,C4-C3-O1-C22C
PAANTD,1,155.5,-25.94,-67.65,C3-O1-C22C-C13C,O1-C22C-C13C-C20C,C4-C3-O1-C22C
PAANTD,2,-1.56,-69.96,85.78,C11-N2-C4-C3,N2-C4-C3-O1,C12-C11-N2-C4
PAANTD,3,135.64,-164.34,100.86,C19-C13-C12-C11,C13-C12-C11-N2,C20-C19-C13-C12
PAANTD,4,-72.11,82.51,143.38,C25-C22-C20-C19,C22-C20-C19-C13,C26-C25-C22-C20
PAANTD,5,-105.72,127.88,-47.81,C31-C27-C26-C25,C27-C26-C25-N5,C32-C31-C27-C26
PAANTD,6,-105.72,128.45,-47.81,C31-C27-C26-C25,C27-C26-C25-C22,C32-C31-C27-C26
PAANTD,7,145.48,15.52,-137.05,C25C-C26C-C32-C31,C26C-C32-C31-C30,N1C-C25C-C26C-C32
PAANTD,8,145.48,15.11,-137.05,C25C-C26C-C32-C31,C26C-C32-C31-C27,N1C-C25C-C26C-C32
PAANTD,9,-41.04,-174.64,120.05,O4C-N5C-N1C-C25C,N5C-N1C-C25C-C26C,C29C-O4C-N5C-N1C
PAANTD,10,138.4,12.28,111.12,C6C-O1C-C29C-O4C,O1C-C29C-O4C-N5C,C10C-C6C-O1C-C29C
PAANTD,11,0.6,15.75,170.21,C9C-C19C-C10C-C6C,C19C-C10C-C6C-O1C,C11C-C9C-C19C-C10C
PAANTD,12,-159.1,165.92,176.68,C13C-C20C-C11C-C9C,C20C-C11C-C9C-C8C,C22C-C13C-C20C-C11C
PAANTD,13,-159.1,14.45,176.68,C13C-C20C-C11C-C9C,C20C-C11C-C9C-C19C,C22C-C13C-C20C-C11C
PAANTD01,0,152.74,20.4,-69.19,C3-O1-C22C-C13C,O1-C22C-C13C-N3C,C4-C3-O1-C22C
PAANTD01,1,152.74,-27.59,-69.19,C3-O1-C22C-C13C,O1-C22C-C13C-C20C,C4-C3-O1-C22C
PAANTD01,2,-1.69,-71.01,86.46,C11-N2-C4-C3,N2-C4-C3-O1,C12-C11-N2-C4
PAANTD01,3,130.13,-169.5,100.85,C19-C13-C12-C11,C13-C12-C11-N2,C20-C19-C13-C12
PAANTD01,4,-64.53,83.12,149.4,C25-C22-C20-C19,C22-C20-C19-C13,C26-C25-C22-C20
PAANTD01,5,-110.47,123.49,-45.21,C31-C27-C26-C25,C27-C26-C25-N5,C32-C31-C27-C26
PAANTD01,6,-110.47,125.6,-45.21,C31-C27-C26-C25,C27-C26-C25-C22,C32-C31-C27-C26
PAANTD01,7,147.21,14.77,-138.0,C25C-C26C-C32-C31,C26C-C32-C31-C30,N1C-C25C-C26C-C32
PAANTD01,8,147.21,14.2,-138.0,C25C-C26C-C32-C31,C26C-C32-C31-C27,N1C-C25C-C26C-C32
PAANTD01,9,-41.18,-175.01,120.75,O4C-N5C-N1C-C25C,N5C-N1C-C25C-C26C,C29C-O4C-N5C-N1C
PAANTD01,10,137.46,12.41,108.4,C6C-O1C-C29C-O4C,O1C-C29C-O4C-N5C,C10C-C6C-O1C-C29C
PAANTD01,11,-1.67,13.73,172.45,C9C-C19C-C10C-C6C,C19C-C10C-C6C-O1C,C11C-C9C-C19C-C10C
PAANTD01,12,-162.06,171.32,171.74,C13C-C20C-C11C-C9C,C20C-C11C-C9C-C8C,C22C-C13C-C20C-C11C
PAANTD01,13,-162.06,14.88,171.74,C13C-C20C-C11C-C9C,C20C-C11C-C9C-C19C,C22C-C13C-C20C-C11C
PAMYOV,0,24.44,-179.5,-101.1,O6A-O5A-C30A-C29A,O5A-C30A-C29A-C28A,N1A-O6A-O5A-C30A
PAMYOV,1,24.44,110.89,-101.1,O6A-O5A-C30A-C29A,O5A-C30A-C29A-C24A,N1A-O6A-O5A-C30A
PAMYOV,2,-28.47,153.99,-167.66,C7A-N3A-N1A-O6A,N3A-N1A-O6A-O5A,C8A-C7A-N3A-N1A
PAMYOV,3,-87.73,10.17,33.69,C21A-C10A-C8A-C7A,C10A-C8A-C7A-N3A,C22A-C21A-C10A-C8A
PAMYOV,4,164.77,-106.41,-158.21,C29A-C24A-C22A-C21A,C24A-C22A-C21A-C10A,C30A-C29A-C24A-C22A
PANGET,0,22.78,5.78,-49.14,C9-N8-N6-N5,N8-N6-N5-N4,C11-C9-N8-N6
PANGET,1,22.78,-7.6,-49.14,C9-N8-N6-N5,N8-N6-N5-N1,C11-C9-N8-N6
PANGET,2,-111.15,140.12,85.02,C18-C13-C11-C9,C13-C11-C9-N8,C19-C18-C13-C11
PANGET,3,22.36,-60.99,64.66,C25-C21-C19-C18,C21-C19-C18-C13,C26-C25-C21-C19
PANGET,4,0.0,-178.24,-0.0,C29-C28-C26-C25,C28-C26-C25-C24,C30-C29-C28-C26
PANGET,5,0.0,-65.51,-0.0,C29-C28-C26-C25,C28-C26-C25-C21,C30-C29-C28-C26
PANGET,6,39.29,75.21,13.01,C37-C32-C30-C29,C32-C30-C29-C28,C38-C37-C32-C30
PANGET,7,59.1,25.91,,C48-C40-C38-C37,C40-C38-C37-C32,
PECMET,0,160.41,110.35,6.78,C58-C57-C103-C101,C57-C103-C101-C100,C98-C58-C57-C103
PECMET,1,-48.91,-112.37,39.42,C54-O10-C85-C93,O10-C85-C93-C95,C96-C54-O10-C85
PECMET,2,-66.09,107.98,-34.23,C93-C95-C96-C54,C95-C96-C54-C53,C85-C93-C95-C96
PECMET,3,-66.09,43.81,-34.23,C93-C95-C96-C54,C95-C96-C54-O10,C85-C93-C95-C96
PECMET,4,-55.48,-5.97,1.7,C101-C100-C98-C58,C100-C98-C58-C57,C103-C101-C100-C98
PECMET,5,-55.48,59.66,1.7,C101-C100-C98-C58,C100-C98-C58-C59,C103-C101-C100-C98
PIFZAI,0,142.54,100.05,41.75,O12-O11-C59-C58,O11-C59-C58-C47,O13-O12-O11-C59
PIFZAI,1,-177.61,-70.07,-4.39,O22-O15-O13-O12,O15-O13-O12-O11,N1-O22-O15-O13
PIFZAI,2,-17.7,-102.45,43.58,N4-N3-N1-O22,N3-N1-O22-O20,N5-N4-N3-N1
PIFZAI,3,-17.7,110.69,43.58,N4-N3-N1-O22,N3-N1-O22-O15,N5-N4-N3-N1
PIFZAI,4,179.12,160.67,-22.97,N8-N7-N5-N4,N7-N5-N4-N3,N9-N8-N7-N5
PIFZAI,5,130.86,51.89,117.52,C2-N11-N9-N8,N11-N9-N8-N7,C3-C2-N11-N9
PIFZAI,6,113.96,-58.62,,C7-C5-C3-C2,C5-C3-C2-N11,
PIFZAI,7,-27.14,-130.29,-86.84,C31-C30-C28-C27,C30-C28-C27-C25,C32-C31-C30-C28
PIFZAI,8,-143.34,124.06,119.2,C39-C34-C32-C31,C34-C32-C31-C30,C40-C39-C34-C32
PIFZAI,9,49.38,-78.61,-68.35,C44-C42-C40-C39,C42-C40-C39-C34,C45-C44-C42-C40
PIFZAI,10,-109.29,-169.94,-2.3,C58-C47-C45-C44,C47-C45-C44-C42,C59-C58-C47-C45
PIJPAZ,0,-116.5,34.86,-45.07,O10-O9-C57-C56,O9-C57-C56-C55,O12-O10-O9-C57
PIJPAZ,1,-11.52,-112.05,-20.3,N4-O14-O12-O10,O14-O12-O10-O9,N6-N4-O14-O12
PIJPAZ,2,-26.01,62.77,-126.6,C2-N8-N6-N4,N8-N6-N4-O14,C3-C2-N8-N6
PIJPAZ,3,58.12,-74.71,-47.05,C10-C5-C3-C2,C5-C3-C2-N8,C12-C10-C5-C3
PIJPAZ,4,-160.97,132.27,-72.49,C16-C14-C12-C10,C14-C12-C10-C5,C17-C16-C14-C12
PIJPAZ,5,-151.5,109.46,-86.65,C21-C19-C17-C16,C19-C17-C16-C14,C22-C21-C19-C17
PIJPAZ,6,-39.32,-115.95,-85.86,C29-C24-C22-C21,C24-C22-C21-C19,C31-C29-C24-C22
PIJPAZ,7,80.59,-92.96,26.63,C38-C33-C31-C29,C33-C31-C29-C24,C39-C38-C33-C31
PIJPAZ,8,2.45,2.54,91.79,C46-C41-C39-C38,C41-C39-C38-C33,C48-C46-C41-C39
PIJPAZ,9,60.15,-111.23,-8.87,C51-C50-C48-C46,C50-C48-C46-C41,C53-C51-C50-C48
PIJPAZ,10,-25.37,54.73,-174.87,C56-C55-C53-C51,C55-C53-C51-C50,C57-C56-C55-C53
PIZNUI,0,111.03,-40.66,-12.04,O6-O5-C34-C33,O5-C34-C33-C30,O7-O6-O5-C34
PIZNUI,1,-10.3,-71.99,68.19,N4-N1-O7-O6,N1-O7-O6-O5,N5-N4-N1-O7
PIZNUI,2,90.85,-37.84,-51.91,N8-N7-N5-N4,N7-N5-N4-N1,C1-N8-N7-N5
PIZNUI,3,-96.39,130.7,4.12,C6-C3-C1-N8,C3-C1-N8-N7,C7-C6-C3-C1
PIZNUI,4,-145.83,64.23,133.14,C12-C9-C7-C6,C9-C7-C6-C3,C13-C12-C9-C7
PIZNUI,5,-71.95,-17.38,150.17,C16-C15-C13-C12,C15-C13-C12-C9,C17-C16-C15-C13
PIZNUI,6,7.42,-94.42,141.4,C27-C19-C17-C16,C19-C17-C16-C15,C28-C27-C19-C17
PIZNUI,7,-148.36,-29.03,121.17,C33-C30-C28-C27,C30-C28-C27-C19,C34-C33-C30-C28
POHMUU,0,73.11,7.11,,C6-C5-C70-C69,C5-C70-C69-C68,
POHMUU,1,73.11,9.88,,C6-C5-C70-C69,C5-C70-C69-O17,
POHMUU,2,-145.5,56.52,-154.11,O9-C35-C33-C31,C35-C33-C31-C29,C36-O9-C35-C33
POHMUU,3,-148.01,-32.9,7.84,C40-C38-C36-O9,C38-C36-O9-C35,C41-C40-C38-C36
POHMUU,4,-17.27,161.93,,N9-C43-C41-C40,C43-C41-C40-C39,
POHMUU,5,-17.27,96.58,,N9-C43-C41-C40,C43-C41-C40-C38,
POHMUU,6,-42.73,56.73,4.9,N11-O16-C62-C60,O16-C62-C60-C58,C65-N11-O16-C62
POHMUU,7,-141.33,-107.1,96.42,C69-O17-C65-N11,O17-C65-N11-O16,C70-C69-O17-C65
POWWEE,0,44.47,44.16,-44.15,O6-O5-C49-C48,O5-C49-C48-C47,O7-O6-O5-C49
POWWEE,1,8.32,-39.45,-10.62,N5-O9-O7-O6,O9-O7-O6-O5,N6-N5-O9-O7
POWWEE,2,10.0,27.0,-107.45,C7-N8-N6-N5,N8-N6-N5-O9,C8-C7-N8-N6
POWWEE,3,146.03,42.85,155.67,C18-C10-C8-C7,C10-C8-C7-N8,C19-C18-C10-C8
POWWEE,4,-41.86,-116.36,-98.67,C25-C21-C19-C18,C21-C19-C18-C10,C26-C25-C21-C19
POWWEE,5,57.21,-0.55,84.0,C32-C28-C26-C25,C28-C26-C25-C24,C33-C32-C28-C26
POWWEE,6,57.21,-0.01,84.0,C32-C28-C26-C25,C28-C26-C25-C21,C33-C32-C28-C26
POWWEE,7,-131.56,2.26,56.44,C36-C35-C33-C32,C35-C33-C32-C31,C37-C36-C35-C33
POWWEE,8,-131.56,80.76,56.44,C36-C35-C33-C32,C35-C33-C32-C28,C37-C36-C35-C33
POWWEE,9,-76.03,-169.49,-119.84,C44-C39-C37-C36,C39-C37-C36-C35,C45-C44-C39-C37
POWWEE,10,110.11,-162.4,175.44,C48-C47-C45-C44,C47-C45-C44-C39,C49-C48-C47-C45
PUBQAI,0,-26.58,140.37,,C00W-C00S-N00Q-N00M,C00S-N00Q-N00M-N00L,
PUBQAI,1,-26.58,124.64,,C00W-C00S-N00Q-N00M,C00S-N00Q-N00M-N00N,
PUBQAI,2,-48.01,110.81,,C01E-C01A-C018-C017,C01A-C018-C017-C016,
PUBQAI,3,-48.01,-15.34,,C01E-C01A-C018-C017,C01A-C018-C017-C012,
PUBQAI,4,148.07,-8.63,,C026-C022-C020-C01Z,C022-C020-C01Z-C01Y,
PUBQAI,5,148.07,175.1,,C026-C022-C020-C01Z,C022-C020-C01Z-C01U,
PUBQAI,6,98.36,17.51,,N12-N10-O21-O20,N10-O21-O20-O19,
PUBQAI,7,98.36,-128.77,,N12-N10-O21-O20,N10-O21-O20-O15,
PUBQAI,8,-29.64,73.08,,C85-C81-C79-C78,C81-C79-C78-C77,
PUBQAI,9,-29.64,81.41,,C85-C81-C79-C78,C81-C79-C78-C73,
PUBQAI,10,-95.5,-93.5,,C113-C109-C107-C106,C109-C107-C106-C105,
PUBQAI,11,-95.5,-21.31,,C113-C109-C107-C106,C109-C107-C106-C101,
PUTZIR,0,-47.2,56.83,-35.0,C6-C5-O4-O3,C5-O4-O3-N8,C7-C6-C5-O4
PUTZIR,1,120.67,-3.47,-26.64,C13-C9-C7-C6,C9-C7-C6-C5,C14-C13-C9-C7
PUTZIR,2,146.38,-74.42,82.69,C27-C16-C14-C13,C16-C14-C13-C12,C28-C27-C16-C14
PUTZIR,3,146.38,-77.22,82.69,C27-C16-C14-C13,C16-C14-C13-C9,C28-C27-C16-C14
PUTZIR,4,-41.79,74.29,127.29,C34-C30-C28-C27,C30-C28-C27-C16,C35-C34-C30-C28
PUTZIR,5,-74.72,-40.64,-11.49,C38-C37-C35-C34,C37-C35-C34-C33,C39-C38-C37-C35
PUTZIR,6,-74.72,-65.16,-11.49,C38-C37-C35-C34,C37-C35-C34-C30,C39-C38-C37-C35
PUTZIR,7,-123.03,-122.6,22.16,N5-C41-C39-C38,C41-C39-C38-C37,N6-N5-C41-C39
PUTZIR,8,-36.48,46.22,-1.68,O3-N8-N6-N5,N8-N6-N5-C41,O4-O3-N8-N6
PUVCOC,0,6.22,25.58,-69.09,O7-O9-C65-C39,O9-C65-C39-C58,O8-O7-O9-C65
PUVCOC,1,100.45,-51.63,-16.97,C50-O10-O8-O7,O10-O8-O7-O9,C67-C50-O10-O8
PUVCOC,2,21.65,3.08,,C62-C52-C67-C50,C52-C67-C50-O10,
PUVDET,0,74.09,-15.99,2.97,N17-O16-C135-C134,O16-C135-C134-C126,O17-N17-O16-C135
PUVDET,1,-24.3,94.64,150.34,C106-O18-O17-N17,O18-O17-N17-O16,C108-C106-O18-O17
PUVDET,2,44.84,3.82,,C114-C110-C108-C106,C110-C108-C106-O18,
PVANTS,0,133.66,30.45,-77.47,C3-O1-C22C-C13C,O1-C22C-C13C-N3C,C4-C3-O1-C22C
PVANTS,1,133.66,-26.59,-77.47,C3-O1-C22C-C13C,O1-C22C-C13C-C20C,C4-C3-O1-C22C
PVANTS,2,9.51,-63.09,73.44,C11-N2-C4-C3,N2-C4-C3-O1,C12-C11-N2-C4
PVANTS,3,123.16,-166.15,113.15,C19-C13-C12-C11,C13-C12-C11-N2,C20-C19-C13-C12
PVANTS,4,-53.51,84.47,142.74,C25-C22-C20-C19,C22-C20-C19-C13,C26-C25-C22-C20
PVANTS,5,-114.1,123.1,-35.33,C31-C27-C26-C25,C27-C26-C25-N5,C32-C31-C27-C26
PVANTS,6,-114.1,130.7,-35.33,C31-C27-C26-C25,C27-C26-C25-C22,C32-C31-C27-C26
PVANTS,7,156.31,14.13,-136.49,C25C-C26C-C32-C31,C26C-C32-C31-C30,N1C-C25C-C26C-C32
PVANTS,8,156.31,13.75,-136.49,C25C-C26C-C32-C31,C26C-C32-C31-C27,N1C-C25C-C26C-C32
PVANTS,9,-43.51,-172.44,120.81,O4C-N5C-N1C-C25C,N5C-N1C-C25C-C26C,C29C-O4C-N5C-N1C
PVANTS,10,137.91,13.81,111.15,C6C-O1C-C29C-O4C,O1C-C29C-O4C-N5C,C10C-C6C-O1C-C29C
PVANTS,11,15.2,23.25,-169.4,C9C-C19C-C10C-C6C,C19C-C10C-C6C-O1C,C11C-C9C-C19C-C10C
PVANTS,12,-140.74,146.66,161.6,C13C-C20C-C11C-C9C,C20C-C11C-C9C-C8C,C22C-C13C-C20C-C11C
PVANTS,13,-140.74,-0.53,161.6,C13C-C20C-C11C-C9C,C20C-C11C-C9C-C19C,C22C-C13C-C20C-C11C
QABDUW,0,131.51,-44.95,-132.1,C2-N1-O6-O5,N1-O6-O5-O4,C3-C2-N1-O6
QABDUW,1,79.31,166.18,141.96,C6-C5-C3-C2,C5-C3-C2-N5,C7-C6-C5-C3
QABDUW,2,79.31,-163.67,141.96,C6-C5-C3-C2,C5-C3-C2-N1,C7-C6-C5-C3
QABDUW,3,-104.77,18.32,141.14,C16-C9-C7-C6,C9-C7-C6-C5,C17-C16-C9-C7
QABDUW,4,-96.24,-86.17,,C21-C19-C17-C16,C19-C17-C16-C13,
QABDUW,5,-96.24,-85.02,,C21-C19-C17-C16,C19-C17-C16-C9,
QANSOR,0,154.21,-21.23,,O3-O1-C5-C4,O1-C5-C4-C3,
QAPCIW,0,-34.62,-11.24,29.97,O13'-O13-N11'-N14',O13-N11'-N14'-N14,O10'-O13'-O13-N11'
QAPCIW,1,17.33,25.0,-39.42,N14'-N14-O10'-O13',N14-O10'-O13'-O13,N11'-N14'-N14-O10'
QAPCIW,2,-87.56,168.14,50.96,C13-C9-C2'-C18',C9-C2'-C18'-C12',C9'-C13-C9-C2'
QAPCIW,3,-23.67,136.59,-9.1,C18'-C12'-C9'-C13,C12'-C9'-C13-C9,C2'-C18'-C12'-C9'
QARTIP,0,12.23,15.76,,N2-N3-N4-C1,N3-N4-C1-C2,
QARTIP,1,-45.4,-171.92,-16.45,C1-C2-C6-C8,C2-C6-C8-C9,N4-C1-C2-C6
QARTIP,2,-52.73,-134.55,-41.2,C8-C9-C14-C16,C9-C14-C16-C17,C6-C8-C9-C14
QARTIP,3,-2.55,-130.39,-10.04,C16-C17-C19-C21,C17-C19-C21-C22,C14-C16-C17-C19
QAYBID,0,86.72,-55.31,,O4-O3-C68-C67,O3-C68-C67-C66,
QAYBID,1,8.25,-31.79,,C2-N14-N12-N11,N14-N12-N11-N7,
QAYBID,2,-153.18,139.67,,C27-C23-C21-C20,C23-C21-C20-C16,
QAYBID,3,-173.56,37.24,,C52-C48-C46-C45,C48-C46-C45-C41,
QAYBOJ,0,130.82,-172.53,,C5-C4-C78-C77,C4-C78-C77-C76,
QAYBOJ,1,-119.6,-151.66,,C25-C21-O3-C20,C21-O3-C20-N3,
QAYBOJ,2,8.19,176.8,,N8-C43-C41-N7,C43-C41-N7-C36,
QAYBOJ,3,13.1,155.35,,N12-C63-C61-N11,C63-C61-N11-C56,
QAYBUP,0,13.35,-86.43,,C90-C89-N23-N22,C89-N23-N22-N21,
QAYBUP,1,-147.44,21.0,,C114-C109-C107-C106,C109-C107-C106-C105,
QAYBUP,2,143.07,-147.96,,C141-C137-C135-C134,C137-C135-C134-C128,
QAYBUP,3,15.72,161.74,,C168-C164-C162-C161,C164-C162-C161-C155,
QAYCAW,0,113.19,122.55,,O2-O1-C56-C55,O1-C56-C55-C54,
QAYCAW,1,63.82,-9.99,,N12-N8-N6-N5,N8-N6-N5-N4,
QAYCAW,2,156.88,-146.59,,C18-C14-C12-C11,C14-C12-C11-C10,
QAYCAW,3,50.07,-167.76,,C40-C36-C34-C33,C36-C34-C33-C32,
QEFHUE,0,-29.26,40.12,-107.16,C5-C4-O9-C53,C4-O9-C53-C49,C6-C5-C4-O9
QEFHUE,1,-89.1,-165.16,86.31,C10-N1-C6-C5,N1-C6-C5-C4,C11-C10-N1-C6
QEFHUE,2,-119.71,-5.8,96.04,C19-O3-C11-C10,O3-C11-C10-C9,C21-C19-O3-C11
QEFHUE,3,-119.71,21.06,96.04,C19-O3-C11-C10,O3-C11-C10-N1,C21-C19-O3-C11
QEFHUE,4,60.54,59.94,-32.7,C29-N3-C21-C19,N3-C21-C19-O3,C30-C29-N3-C21
QEFHUE,5,84.98,2.99,,C34-O5-C30-C29,O5-C30-C29-N3,
QEFHUE,6,88.76,76.7,-175.28,C48-C43-O7-C41,C43-O7-C41-C40,O8-C48-C43-O7
QEFHUE,7,-162.73,133.11,171.74,C53-C49-O8-C48,C49-O8-C48-C43,O9-C53-C49-O8
QENREG,0,37.83,23.89,,O4-O2-C18-C17,O2-C18-C17-C14,
QENREG,1,-11.09,-25.66,41.56,C11-C8-C6-C5,C8-C6-C5-C2,C12-C11-C8-C6
QENREG,2,97.23,-70.55,-106.83,C17-C14-C12-C11,C14-C12-C11-C8,C18-C17-C14-C12
QISKOU,0,-154.54,31.77,106.28,O6-O5-C43-C42,O5-C43-C42-C41,O7-O6-O5-C43
QISKOU,1,-154.54,67.77,106.28,O6-O5-C43-C42,O5-C43-C42-C38,O7-O6-O5-C43
QISKOU,2,93.42,-49.83,-168.29,O10-O9-O7-O6,O9-O7-O6-O5,N1-O10-O9-O7
QISKOU,3,-20.82,92.97,0.66,N8-N3-N1-O10,N3-N1-O10-O9,N9-N8-N3-N1
QISKOU,4,139.56,157.17,150.45,C2-C1-N9-N8,C1-N9-N8-N3,C3-C2-C1-N9
QISKOU,5,24.0,58.41,-92.82,C10-C5-C3-C2,C5-C3-C2-C1,C11-C10-C5-C3
QISKOU,6,72.19,99.88,138.06,C14-C13-C11-C10,C13-C11-C10-C5,C15-C14-C13-C11
QISKOU,7,-116.29,-78.45,-27.99,C23-C18-C15-C14,C18-C15-C14-C13,C24-C23-C18-C15
QISKOU,8,-147.72,-67.29,166.64,C31-C26-C24-C23,C26-C24-C23-C18,C32-C31-C26-C24
QISKOU,9,100.78,49.86,87.71,C35-C34-C32-C31,C34-C32-C31-C26,C36-C35-C34-C32
QISKOU,10,72.92,12.46,160.98,C42-C38-C36-C35,C38-C36-C35-C34,C43-C42-C38-C36
QOCGAT,0,75.95,92.12,141.74,N2-O2-C18-C17,O2-C18-C17-C16,C2-N2-O2-C18
QOCGAT,1,-81.9,-50.44,157.17,C4-N3-C2-N2,N3-C2-N2-O2,O5-C4-N3-C2
QOCGAT,2,-24.32,-55.84,65.8,N6-C5-O5-C4,C5-O5-C4-N4,O6-N6-C5-O5
QOCGAT,3,-24.32,-30.04,65.8,N6-C5-O5-C4,C5-O5-C4-N3,O6-N6-C5-O5
QOCGAT,4,-160.31,0.31,162.78,C7-O7-O6-N6,O7-O6-N6-C5,O8-C7-O7-O6
QOCGAT,5,174.94,-42.79,177.34,C13-C9-O8-C7,C9-O8-C7-O7,C14-C13-C9-O8
QOCGAT,6,94.09,18.65,-56.55,C17-C16-C14-C13,C16-C14-C13-C12,C18-C17-C16-C14
QOCGAT,7,94.09,-13.58,-56.55,C17-C16-C14-C13,C16-C14-C13-C9,C18-C17-C16-C14
QOSNAN,0,-118.74,-169.09,100.89,O1-C3-C19-N6,C3-C19-N6-O7,N2-O1-C3-C19
QOSNAN,1,-167.14,136.86,-60.32,O2-C5-N2-O1,C5-N2-O1-C3,C7-O2-C5-N2
QOSNAN,2,161.68,145.61,78.92,C9-N3-C7-O2,N3-C7-O2-C5,S1-C9-N3-C7
QOSNAN,3,-63.54,-77.25,-65.65,N6-O7-C21-C23,O7-C21-C23-N7,C19-N6-O7-C21
QOSNAN,4,-63.54,-76.77,-65.65,N6-O7-C21-C23,O7-C21-C23-C27,C19-N6-O7-C21
QOSNAN,5,5.99,55.74,-2.26,C23-C27-C28-O8,C27-C28-O8-N8,C21-C23-C27-C28
QOSNAN,6,110.0,15.0,161.64,O8-N8-C31-O9,N8-C31-O9-O4,C28-O8-N8-C31
QOSNAN,7,-122.52,51.43,-115.09,O9-O4-S1-C9,O4-S1-C9-N3,C31-O9-O4-S1
QUBWAL,0,-26.64,140.05,,N2-C5-C14-O3,C5-C14-O3-C15,
QUBWAL,1,66.82,28.56,175.02,C32-C25-C23-C22,C25-C23-C22-C21,C33-C32-C25-C23
QUBWAL,2,-88.55,-100.93,,C39-C35-C33-C32,C35-C33-C32-C25,
QUBWAL,3,103.86,159.54,,C46-C44-N9-O8,C44-N9-O8-C42,
QUBWAL,4,57.49,-2.56,113.57,C95-O20-C86-C85,O20-C86-C85-C84,C96-C95-O20-C86
QUBWAL,5,170.92,38.12,,C102-N20-C96-C95,N20-C96-C95-O20,
QUBWAL,6,-82.06,-164.52,,O25-C107-C105-N21,C107-C105-N21-O22,
QUBWAL,7,94.5,79.22,,O28-C121-C119-N24,C121-C119-N24-O27,
QUCZIA,0,97.82,68.97,-46.93,C11B-C11A-C17D-C17C,C11A-C17D-C17C-C16A,C11C-C11B-C11A-C17D
QUCZIA,1,167.07,-78.49,177.5,C11J-N11E-C11C-C11B,N11E-C11C-C11B-C11A,C11K-C11J-N11E-C11C
QUCZIA,2,15.41,4.19,-158.06,C12-C11N-C11K-C11J,C11N-C11K-C11J-N11E,C12A-C12-C11N-C11K
QUCZIA,3,-7.49,-54.33,-59.78,C12E-C12C-C12A-C12,C12C-C12A-C12-C11N,N13-C12E-C12C-C12A
QUCZIA,4,-154.11,-48.08,146.49,C14D-O13-N13-C12E,O13-N13-C12E-C12C,C14E-C14D-O13-N13
QUCZIA,5,-32.53,-38.94,171.37,C15B-N15-C14E-C14D,N15-C14E-C14D-O13,C16-C15B-N15-C14E
QUCZIA,6,42.12,167.89,15.79,C17C-C16A-C16-C15B,C16A-C16-C15B-N15,C17D-C17C-C16A-C16
QUWTIP,0,-171.48,-157.9,,O1A-S5A-C57A-C56A,S5A-C57A-C56A-C54A,
QUWTIP,1,-113.77,72.14,,C46A-C44A-C42A-C41A,C44A-C42A-C41A-C12A,
RAQFOI,0,-123.91,-152.14,-81.32,N2A-O15A-O12A-O11A,O15A-O12A-O11A-O10A,N3A-N2A-O15A-O12A
RAQFOI,1,-136.03,131.75,161.71,C10A-N5A-N3A-N2A,N5A-N3A-N2A-O15A,C11A-C10A-N5A-N3A
RAQFOI,2,-80.61,-103.98,-66.53,C14A-C13A-C11A-C10A,C13A-C11A-C10A-N5A,C15A-C14A-C13A-C11A
RAQFOI,3,-21.56,-161.72,159.75,C22A-C17A-C15A-C14A,C17A-C15A-C14A-C13A,C23A-C22A-C17A-C15A
RAQFOI,4,-143.63,49.71,,O9B-C25A-C23A-C22A,C25A-C23A-C22A-C17A,
RAQFOI,5,50.81,20.26,,O12B-O13B-O18B-N2B,O13B-O18B-N2B-N3B,
RAQFOI,6,2.89,-145.19,21.89,N2B-N3B-N4B-N6B,N3B-N4B-N6B-N7B,O18B-N2B-N3B-N4B
RAQFOI,7,-0.26,9.02,-114.9,N6B-N7B-C12B-C14B,N7B-C12B-C14B-C15B,N4B-N6B-N7B-C12B
RAQFOI,8,-59.42,-136.04,-178.12,C14B-C15B-C20B-C22B,C15B-C20B-C22B-C23B,C12B-C14B-C15B-C20B
RAQFOI,9,177.23,-0.82,-112.06,C22B-C23B-C24B-C26B,C23B-C24B-C26B-C27B,C20B-C22B-C23B-C24B
RAZWEX,0,173.77,-24.97,80.4,N2A-C2A-O3A-C3A,C2A-O3A-C3A-C6A,C29-N2A-C2A-O3A
RAZWEX,1,132.74,0.42,89.64,C3A-C6A-C7A-C9A,C6A-C7A-C9A-C14A,O3A-C3A-C6A-C7A
RAZWEX,2,-64.77,47.34,-174.16,C9A-C14A-C15A-O6,C14A-C15A-O6-C17,C7A-C9A-C14A-C15A
RAZWEX,3,-101.59,24.97,164.0,O6-C17-O8-C18,C17-O8-C18-C21,C15A-O6-C17-O8
RAZWEX,4,-132.74,-0.42,-89.64,C18-C21-C22-C24,C21-C22-C24-C28,O8-C18-C21-C22
RAZWEX,5,50.25,154.18,174.16,C24-C28-C29-N2A,C28-C29-N2A-C2A,C22-C24-C28-C29
REDMIA,0,110.98,-54.9,-32.34,O4-O3-C58-C56,O3-C58-C56-C55,O5-O4-O3-C58
REDMIA,1,39.06,-126.36,-45.68,N4-O7-O5-O4,O7-O5-O4-O3,N6-N4-O7-O5
REDMIA,2,36.89,38.11,-96.88,C1-N8-N6-N4,N8-N6-N4-O7,C3-C1-N8-N6
REDMIA,3,-40.45,92.18,-33.88,C10-C5-C3-C1,C5-C3-C1-N8,C12-C10-C5-C3
REDMIA,4,60.84,-44.39,24.51,C19-C14-C12-C10,C14-C12-C10-C5,C21-C19-C14-C12
REDMIA,5,76.94,-117.32,96.45,C25-C23-C21-C19,C23-C21-C19-C14,C26-C25-C23-C21
REDMIA,6,7.8,159.47,-143.17,C30-C28-C26-C25,C28-C26-C25-C23,C31-C30-C28-C26
REDMIA,7,-51.6,-24.03,-159.76,C38-C33-C31-C30,C33-C31-C30-C28,C40-C38-C33-C31
REDMIA,8,130.71,-100.45,123.71,C43-C42-C40-C38,C42-C40-C38-C33,C44-C43-C42-C40
REDMIA,9,61.49,-24.22,-44.51,C51-C46-C44-C43,C46-C44-C43-C42,C53-C51-C46-C44
REDMIA,10,-51.78,-104.08,-25.52,C56-C55-C53-C51,C55-C53-C51-C46,C58-C56-C55-C53
REDMIA01,0,27.8,59.76,-40.25,O2-O3-O6-O9,O3-O6-O9-O11,C61-O2-O3-O6
REDMIA01,1,-19.94,161.45,-52.73,O9-O11-O12-D1,O11-O12-D1-N3,O6-O9-O11-O12
REDMIA01,2,-17.09,18.13,-109.02,D1-N3-N7-N8,N3-N7-N8-N9,O12-D1-N3-N7
REDMIA01,3,16.08,107.67,-80.52,N8-N9-C2-C4,N9-C2-C4-C6,N7-N8-N9-C2
REDMIA01,4,15.72,-60.1,-80.85,C4-C6-C10-C12,C6-C10-C12-C14,C2-C4-C6-C10
REDMIA01,5,-75.59,30.64,115.15,C12-C14-C16-C18,C14-C16-C18-C20,C10-C12-C14-C16
REDMIA01,6,-178.83,90.05,118.64,C18-C20-C22-C24,C20-C22-C24-C26,C16-C18-C20-C22
REDMIA01,7,-123.28,55.67,-75.78,C24-C26-C31-C33,C26-C31-C33-C35,C22-C24-C26-C31
REDMIA01,8,109.34,49.5,-144.21,C33-C35-C40-C42,C35-C40-C42-C44,C31-C33-C35-C40
REDMIA01,9,-113.72,-100.12,-109.52,C42-C44-C48-C50,C44-C48-C50-C52,C40-C42-C44-C48
REDMIA01,10,-37.47,179.25,77.33,C50-C52-C61-O2,C52-C61-O2-O3,C48-C50-C52-C61
RESBIE,0,39.73,28.48,-51.06,N4-O7-C82-C87,O7-C82-C87-C89,O3-N4-O7-C82
RESBIE,1,-18.53,81.72,3.76,C30-N15-C77-C75,N15-C77-C75-C57,C50-C30-N15-C77
RESBIE,2,0.56,-139.26,-57.27,C75-C57-C50-C30,C57-C50-C30-N15,C77-C75-C57-C50
RESBIE,3,0.56,-61.85,-57.27,C75-C57-C50-C30,C57-C50-C30-C32,C77-C75-C57-C50
RESBIE,4,-142.25,-70.8,-2.0,C87-C89-O3-N4,C89-O3-N4-O7,C82-C87-C89-O3
REZTAR,0,33.97,-86.15,,C5-C6-C33-C32,C6-C33-C32-C31,
REZTAR,1,155.08,-143.73,64.45,C23-C22-O16-C53,C22-O16-C53-C52,C24-C23-C22-O16
REZTAR,2,0.41,175.92,2.28,C27-C26-C24-C23,C26-C24-C23-C22,C28-C27-C26-C24
REZTAR,3,-0.04,-0.4,-22.26,O6-O5-C28-C27,O5-C28-C27-C26,C29-O6-O5-C28
REZTAR,4,170.03,-43.67,3.7,C32-C31-C29-O6,C31-C29-O6-O5,C33-C32-C31-C29
RIMPAG,0,151.68,-78.68,,C11A-O4A-C18A-C20A,O4A-C18A-C20A-C21A,
RIMPAG,1,151.68,120.13,,C11A-O4A-C18A-C20A,O4A-C18A-C20A-C24A,
RIMPAG01,0,-5.13,138.13,,C01N-C01O-C02W-C033,C01O-C02W-C033-C036,
RIMPAG01,1,-5.13,11.11,,C01N-C01O-C02W-C033,C01O-C02W-C033-C03J,
RIQBIE,0,-102.78,-11.38,,C4-C3-C2-C14,C3-C2-C14-C13,
RIQBIE,1,77.8,-45.06,,C4-C5-C6-C8,C5-C6-C8-C9,
RIVLIS,0,-42.21,-74.07,111.58,C2-C1-C36B-C35B,C1-C36B-C35B-N4B,C4-C2-C1-C36B
RIVLIS,1,-11.72,115.92,,C12-C6-C4-C2,C6-C4-C2-C1,
RIVLIS,2,151.63,135.05,105.64,C35-N4-C27-C25,N4-C27-C25-N3,C36-C35-N4-C27
RIVLIS,3,-13.18,-28.15,146.53,C2B-N1B-C36-C35,N1B-C36-C35-N4,C4B-C2B-N1B-C36
RIVLIS,4,-11.72,153.43,,C12B-C6B-C4B-C2B,C6B-C4B-C2B-N1B,
RIVLIS,5,151.63,135.05,105.64,C35B-N4B-C27B-C25B,N4B-C27B-C25B-N3B,C36B-C35B-N4B-C27B
RIVLOY,0,15.27,-103.63,66.78,C2-C1-C60-C59,C1-C60-C59-N8,C4-C2-C1-C60
RIVLOY,1,-3.45,16.79,,C12-C6-C4-C2,C6-C4-C2-C1,
RIVLOY,2,-67.59,-94.43,-123.46,C29-N4-C20-C19,N4-C20-C19-C17,C30-C29-N4-C20
RIVLOY,3,-95.68,-63.95,-148.61,C32-N5-C30-C29,N5-C30-C29-N4,C34-C32-N5-C30
RIVLOY,4,-3.93,-179.14,,C42-C36-C34-C32,C36-C34-C32-N5,
RIVLOY,5,-56.54,-83.49,-129.97,C59-N8-C50-C49,N8-C50-C49-C47,C60-C59-N8-C50
RIWZIJ,0,-29.83,-144.64,-77.88,CG11-CB1-C6-CA6,CB1-C6-CA6-C26,CG21-CG11-CB1-C6
RIWZIJ,1,-32.24,1.23,144.08,CA2-N2-CG21-CG11,N2-CG21-CG11-CB1,C2-CA2-N2-CG21
RIWZIJ,2,108.5,-127.01,149.42,CA3-CB2-C2-CA2,CB2-C2-CA2-N2,C3-CA3-CB2-C2
RIWZIJ,3,-179.57,43.67,-111.44,CA31-N31-C3-CA3,N31-C3-CA3-CB2,C31-CA31-N31-C3
RIWZIJ,4,-145.32,-120.64,16.18,OG3-CB3-C31-CA31,CB3-C31-CA31-N31,N4-OG3-CB3-C31
RIWZIJ,5,-147.22,-146.15,170.57,CG14-C4-N4-OG3,C4-N4-OG3-CB3,CG24-CG14-C4-N4
RIWZIJ,6,-174.24,-19.32,-126.19,CA5-N5-CG24-CG14,N5-CG24-CG14-C4,C5-CA5-N5-CG24
RIWZIJ,7,138.68,-125.51,-25.7,CA6-C26-C5-CA5,C26-C5-CA5-N5,C6-CA6-C26-C5
RIWZOP,0,-156.33,-142.17,133.84,CG11-CB1-C7-CA7,CB1-C7-CA7-CB6,CG21-CG11-CB1-C7
RIWZOP,1,133.19,81.75,118.89,CA2-N2-CG21-CG11,N2-CG21-CG11-CB1,C2-CA2-N2-CG21
RIWZOP,2,99.93,-126.03,145.38,CA3-CB2-C2-CA2,CB2-C2-CA2-N2,C3-CA3-CB2-C2
RIWZOP,3,178.58,28.62,-90.56,CA4-N4-C3-CA3,N4-C3-CA3-CB2,C4-CA4-N4-C3
RIWZOP,4,-142.68,-121.28,16.01,OG4-CB4-C4-CA4,CB4-C4-CA4-N4,N5-OG4-CB4-C4
RIWZOP,5,-160.83,-148.58,165.34,CG15-C5-N5-OG4,C5-N5-OG4-CB4,CG25-CG15-C5-N5
RIWZOP,6,177.23,-17.97,-118.96,CA6-N6-CG25-CG15,N6-CG25-CG15-C5,C6-CA6-N6-CG25
RIWZOP,7,139.0,-125.71,-21.63,CA7-CB6-C6-CA6,CB6-C6-CA6-N6,C7-CA7-CB6-C6
RIWZUV,0,168.19,-43.38,-20.15,CG2-C10-C36-CE2b,C10-C36-CE2b-CA6,OG1-CG2-C10-C36
RIWZUV,1,143.97,16.55,162.12,O2-C2-OG1-CG2,C2-OG1-CG2-C10,CA2-O2-C2-OG1
RIWZUV,2,128.86,110.8,-156.06,CG2b-CG1-CA2-O2,CG1-CA2-O2-C2,CD1-CG2b-CG1-CA2
RIWZUV,3,-44.04,27.9,-38.76,O3-C3-CD1-CG2b,C3-CD1-CG2b-CG1,CA3-O3-C3-CD1
RIWZUV,4,67.87,-142.94,-157.13,CG2c-CG1b-CA3-O3,CG1b-CA3-O3-C3,CD12-CG2c-CG1b-CA3
RIWZUV,5,-21.51,32.78,38.72,CE2-CA4-CD12-CG2c,CA4-CD12-CG2c-CG1b,C25-CE2-CA4-CD12
RIWZUV,6,41.38,39.89,109.11,C5-CA5-C25-CE2,CA5-C25-CE2-CA4,O5-C5-CA5-C25
RIWZUV,7,-77.3,178.58,-82.89,CE2b-CA6-O5-C5,CA6-O5-C5-CA5,C36-CE2b-CA6-O5
RIXBAE,0,172.34,102.43,70.21,CG7-CB7-C6-CA6,CB7-C6-CA6-O5,CD17-CG7-CB7-C6
RIXBAE,1,-97.2,-65.5,-121.51,CA8-N8-CD17-CG7,N8-CD17-CG7-CB7,C8-CA8-N8-CD17
RIXBAE,2,93.79,-124.17,79.81,N1-CB8-C8-CA8,CB8-C8-CA8-N8,CA1-N1-CB8-C8
RIXBAE,3,-108.36,-138.97,-111.52,CB1-O1-CA1-N1,O1-CA1-N1-CD28,CG1-CB1-O1-CA1
RIXBAE,4,-108.36,-169.45,-111.52,CB1-O1-CA1-N1,O1-CA1-N1-CB8,CG1-CB1-O1-CA1
RIXBAE,5,127.68,-146.63,176.74,C3-ND2-CG1-CB1,ND2-CG1-CB1-O1,O3-C3-ND2-CG1
RIXBAE,6,38.33,-100.07,-168.65,CE3-CG3-O3-C3,CG3-O3-C3-ND2,CZ2-CE3-CG3-O3
RIXBAE,7,-17.51,-179.56,-104.92,N5-CH2-CZ2-CE3,CH2-CZ2-CE3-CG3,CA5-N5-CH2-CZ2
RIXBAE,8,-30.61,-43.45,118.5,CA6-O5-CA5-N5,O5-CA5-N5-CH2,C6-CA6-O5-CA5
ROXLEX,0,-125.15,24.1,6.6,O3-O2-C23-C22,O2-C23-C22-C14,N1-O3-O2-C23
ROXLEX,1,155.25,-29.5,-117.54,C5-N3-N1-O3,N3-N1-O3-O2,C6-C5-N3-N1
ROXLEX,2,-51.95,-82.18,148.47,C10-C8-C6-C5,C8-C6-C5-N3,C12-C10-C8-C6
ROXLEX,3,-102.43,-10.57,-57.95,C22-C14-C12-C10,C14-C12-C10-C8,C23-C22-C14-C12
RUBLIN,0,141.72,10.61,,C62A-O62A-N7A-C72A,O62A-N7A-C72A-O72A,
RUBLIN,1,148.61,25.32,-145.65,C72A-O72A-N8A-C82A,O72A-N8A-C82A-O82A,N7A-C72A-O72A-N8A
RUBLIN,2,55.7,-150.78,104.02,C82A-O82A-C87A-C6A,O82A-C87A-C6A-O4A,N8A-C82A-O82A-C87A
RUCBEX,0,-159.58,104.75,18.94,I2-O1-O4-N2,O1-O4-N2-N4,C21-I2-O1-O4
RUCBEX,1,-102.61,51.62,57.28,N2-N4-C21-I2,N4-C21-I2-O1,O4-N2-N4-C21
RUCBEX,2,-54.03,42.09,-6.14,C8-C7-C17-C15,C7-C17-C15-C12,C10-C8-C7-C17
RUCBEX,3,-178.98,67.22,49.57,C15-C12-C10-C8,C12-C10-C8-C7,C17-C15-C12-C10
RUSJEX,0,13.73,-11.79,165.44,C36-C32-C19-C22,C32-C19-C22-N4,C26-C36-C32-C19
RUSJEX,1,-52.82,110.3,-133.21,C21-C34-C26-C36,C34-C26-C36-C32,C17-C21-C34-C26
RUSJEX,2,-84.44,145.82,-1.7,C39-C58-C17-C21,C58-C17-C21-C34,C64-C39-C58-C17
RUSJEX,3,-36.42,-150.51,42.58,C20-C50-C64-C39,C50-C64-C39-C58,N10-C20-C50-C64
RUSJEX,4,30.57,-142.57,-49.5,C35-C66-N10-C20,C66-N10-C20-C38,C65-C35-C66-N10
RUSJEX,5,30.57,-130.0,-49.5,C35-C66-N10-C20,C66-N10-C20-C50,C65-C35-C66-N10
RUSJEX,6,72.57,164.37,-49.64,C28-C4-C65-C35,C4-C65-C35-C66,C48-C28-C4-C65
RUSJEX,7,29.36,-110.29,104.79,C43-C49-C48-C28,C49-C48-C28-C4,C44-C43-C49-C48
RUSJEX,8,76.8,-77.37,,C72-C7-C44-C43,C7-C44-C43-C49,
RUSPON,0,21.03,142.16,-49.37,O6-O1-C21-C51,O1-C21-C51-C42,O8-O6-O1-C21
RUSPON,1,16.98,-39.49,41.65,N1-O12-O8-O6,O12-O8-O6-O1,N3-N1-O12-O8
RUSPON,2,-5.7,-47.01,126.99,C17-N4-N3-N1,N4-N3-N1-O12,C1-C17-N4-N3
RUSPON,3,38.61,-12.03,113.4,C33-N7-C1-C17,N7-C1-C17-N4,C35-C33-N7-C1
RUSPON,4,-101.05,27.33,56.8,C18-C30-C35-C33,C30-C35-C33-N7,C16-C18-C30-C35
RUSPON,5,-82.4,-12.16,-13.75,C41-C36-C16-C18,C36-C16-C18-C30,C14-C41-C36-C16
RUSPON,6,-146.54,36.03,-78.79,C51-C42-C14-C41,C42-C14-C41-C36,C21-C51-C42-C14
RUSPUT,0,-84.07,71.54,41.12,N25-O46-C53-C72,O46-C53-C72-C28,O47-N25-O46-C53
RUSPUT,1,0.41,176.09,72.09,N44-O59-O47-N25,O59-O47-N25-O46,N8-N44-O59-O47
RUSPUT,2,-162.02,84.42,-15.81,C26-O45-N8-N44,O45-N8-N44-O59,C15-C26-O45-N8
RUSPUT,3,-17.35,114.42,146.09,C19-C22-C15-C26,C22-C15-C26-O45,C31-C19-C22-C15
RUSPUT,4,28.28,162.72,-86.02,C65-C27-C31-C19,C27-C31-C19-C22,C37-C65-C27-C31
RUSPUT,5,-62.61,179.24,-135.65,C1AA-C40-C37-C65,C40-C37-C65-C27,C67-C1AA-C40-C37
RUSPUT,6,-86.02,34.98,-164.13,C72-C28-C67-C1AA,C28-C67-C1AA-C40,C53-C72-C28-C67
SACBIL,0,-153.96,-49.83,-49.48,C7-N1-O2-C18,N1-O2-C18-C17,C8-C7-N1-O2
SACBIL,1,-153.96,-1.74,-49.48,C7-N1-O2-C18,N1-O2-C18-C10,C8-C7-N1-O2
SACBIL,2,-63.01,91.11,145.16,C18-C10-C8-C7,C10-C8-C7-C6,O2-C18-C10-C8
SACBIL,3,-63.01,30.63,145.16,C18-C10-C8-C7,C10-C8-C7-N1,O2-C18-C10-C8
SAFVOM,0,162.54,-54.47,-69.84,O5-O4-C48-C47,O4-C48-C47-C42,O6-O5-O4-C48
SAFVOM,1,-164.49,83.45,25.08,O9-O8-O6-O5,O8-O6-O5-O4,N1-O9-O8-O6
SAFVOM,2,117.69,61.95,87.6,C2-N3-N1-O9,N3-N1-O9-O8,C3-C2-N3-N1
SAFVOM,3,19.73,-112.62,-96.54,C13-C5-C3-C2,C5-C3-C2-N3,C14-C13-C5-C3
SAFVOM,4,-18.39,43.03,68.73,C20-C16-C14-C13,C16-C14-C13-C5,C21-C20-C16-C14
SAFVOM,5,-123.27,-105.64,-113.83,C27-C23-C21-C20,C23-C21-C20-C19,C28-C27-C23-C21
SAFVOM,6,-123.27,-131.62,-113.83,C27-C23-C21-C20,C23-C21-C20-C16,C28-C27-C23-C21
SAFVOM,7,-95.93,-60.58,144.94,C31-C30-C28-C27,C30-C28-C27-C26,C32-C31-C30-C28
SAFVOM,8,-95.93,-46.93,144.94,C31-C30-C28-C27,C30-C28-C27-C23,C32-C31-C30-C28
SAFVOM,9,7.25,0.78,162.28,C39-C34-C32-C31,C34-C32-C31-C30,C40-C39-C34-C32
SAFVOM,10,43.6,-74.44,97.56,C47-C42-C40-C39,C42-C40-C39-C34,C48-C47-C42-C40
SARVIP,0,94.58,44.48,109.17,C32-N5-C30-C29,N5-C30-C29-N4,C33-C32-N5-C30
SARVIP,1,-124.54,124.7,-8.2,C38-C34-C33-C32,C34-C33-C32-N5,C39-C38-C34-C33
SARVIP,2,-105.49,150.7,62.75,C43-C40-C39-C38,C40-C39-C38-C34,C44-C43-C40-C39
SARVIP,3,23.39,-103.23,135.69,C49-C46-C44-C43,C46-C44-C43-C40,C50-C49-C46-C44
SARVIP,4,-14.59,104.58,54.46,C52-O17-C50-C49,O17-C50-C49-C46,C53-C52-O17-C50
SARVIP,5,150.51,-165.09,-66.7,C58-C54-C53-C52,C54-C53-C52-O17,C59-C58-C54-C53
SARVIP,6,-124.8,-121.09,,C64-C60-C59-C58,C60-C59-C58-C54,
SEFTIG,0,47.01,178.7,-38.26,C3-C2-C1-O4,C2-C1-O4-C14,C4-C3-C2-C1
SEFTIG,1,47.01,-138.75,-38.26,C3-C2-C1-O4,C2-C1-O4-O3,C4-C3-C2-C1
SEFTIG,2,96.63,38.6,87.43,O2-O1-C4-C3,O1-C4-C3-C2,N3-O2-O1-C4
SEFTIG,3,68.53,129.84,-16.19,C10-C9-N3-O2,C9-N3-O2-C7,C11-C10-C9-N3
SEFTIG,4,68.53,124.9,-16.19,C10-C9-N3-O2,C9-N3-O2-O1,C11-C10-C9-N3
SEFTIG,5,-168.15,70.25,46.23,O4-O3-C11-C10,O3-C11-C10-C9,C1-O4-O3-C11
SUMNOD,0,0.05,-16.12,-171.52,C4-C3-O8-O7,C3-O8-O7-C32,N3-C4-C3-O8
SUMNOD,1,0.05,67.13,-171.52,C4-C3-O8-O7,C3-O8-O7-C30,N3-C4-C3-O8
SUMNOD,2,-82.61,163.96,159.71,N4-C6-N3-C4,C6-N3-C4-C3,C7-N4-C6-N3
SUMNOD,3,75.16,-99.77,159.63,C11-N5-C7-N4,N5-C7-N4-C6,C12-C11-N5-C7
SUMNOD,4,-74.63,142.54,-35.85,C14-C13-C12-C11,C13-C12-C11-N6,C15-C14-C13-C12
SUMNOD,5,-74.63,129.14,-35.85,C14-C13-C12-C11,C13-C12-C11-N5,C15-C14-C13-C12
SUMNOD,6,-115.16,-87.77,39.34,C23-C17-C15-C14,C17-C15-C14-C13,C24-C23-C17-C15
SUMNOD,7,74.09,-78.08,-153.02,C27-C25-C24-C23,C25-C24-C23-C17,C28-C27-C25-C24
SUMNOD,8,32.49,-79.64,-72.89,O7-C30-C28-C27,C30-C28-C27-O5,O8-O7-C30-C28
SUMNOD,9,32.49,-118.32,-72.89,O7-C30-C28-C27,C30-C28-C27-C25,O8-O7-C30-C28
SUQNUN,0,-100.66,-128.09,-63.54,O4-O3-C54-C52,O3-C54-C52-C51,O5-O4-O3-C54
SUQNUN,1,-28.86,49.44,7.08,N4-O7-O5-O4,O7-O5-O4-O3,N6-N4-O7-O5
SUQNUN,2,102.31,47.93,-50.55,N9-N8-N6-N4,N8-N6-N4-O7,N10-N9-N8-N6
SUQNUN,3,72.36,-12.84,118.15,C6-C1-N10-N9,C1-N10-N9-N8,C8-C6-C1-N10
SUQNUN,4,-161.12,-132.35,108.72,C15-C10-C8-C6,C10-C8-C6-C1,C17-C15-C10-C8
SUQNUN,5,151.61,-42.46,-28.49,C21-C19-C17-C15,C19-C17-C15-C10,C22-C21-C19-C17
SUQNUN,6,8.65,179.64,-87.76,C26-C24-C22-C21,C24-C22-C21-C19,C27-C26-C24-C22
SUQNUN,7,-42.84,-22.7,69.91,C34-C29-C27-C26,C29-C27-C26-C24,C36-C34-C29-C27
SUQNUN,8,113.66,-76.46,66.71,C39-C38-C36-C34,C38-C36-C34-C29,C40-C39-C38-C36
SUQNUN,9,-163.15,-6.41,-145.71,C47-C42-C40-C39,C42-C40-C39-C38,C49-C47-C42-C40
SUQNUN,10,-31.97,166.05,140.73,C52-C51-C49-C47,C51-C49-C47-C42,C54-C52-C51-C49
TALDEP,0,48.85,10.95,-41.41,C8-C7-C32-O4,C7-C32-O4-N4,C9-C8-C7-C32
TALDEP,1,-43.03,86.43,112.37,C14-N2-C9-C8,N2-C9-C8-C7,C15-C14-N2-C9
TALDEP,2,-26.76,-1.19,-61.83,C23-C17-C15-C14,C17-C15-C14-C13,C24-C23-C17-C15
TALDEP,3,-26.76,30.92,-61.83,C23-C17-C15-C14,C17-C15-C14-N2,C24-C23-C17-C15
TALDEP,4,-98.45,-70.09,106.61,O4-N4-C24-C23,N4-C24-C23-C17,C32-O4-N4-C24
TALVAD,0,-31.87,76.68,-1.77,O10-O8-C34-C33,O8-C34-C33-C30,O11-O10-O8-C34
TALVAD,1,-20.91,14.93,23.42,N5-O13-O11-O10,O13-O11-O10-O8,N6-N5-O13-O11
TALVAD,2,-82.59,23.87,-139.23,C1-N8-N6-N5,N8-N6-N5-O13,C2-C1-N8-N6
TALVAD,3,-62.24,110.59,136.48,C8-C4-C2-C1,C4-C2-C1-N8,C9-C8-C4-C2
TALVAD,4,168.86,18.82,-56.5,C16-C11-C9-C8,C11-C9-C8-C7,C17-C16-C11-C9
TALVAD,5,168.86,-109.41,-56.5,C16-C11-C9-C8,C11-C9-C8-C4,C17-C16-C11-C9
TALVAD,6,-52.63,80.17,112.34,C27-C19-C17-C16,C19-C17-C16-C11,C28-C27-C19-C17
TALVAD,7,-103.06,3.84,134.64,C33-C30-C28-C27,C30-C28-C27-C19,C34-C33-C30-C28
TECRIC,0,58.77,76.04,-89.98,O4-O3-C58-C56,O3-C58-C56-C55,O5-O4-O3-C58
TECRIC,1,-29.08,50.15,11.42,N4-O7-O5-O4,O7-O5-O4-O3,N6-N4-O7-O5
TECRIC,2,31.77,48.95,-52.22,C1-N8-N6-N4,N8-N6-N4-O7,C3-C1-N8-N6
TECRIC,3,162.54,89.34,-8.93,C10-C5-C3-C1,C5-C3-C1-N8,C12-C10-C5-C3
TECRIC,4,74.34,45.38,116.74,C19-C14-C12-C10,C14-C12-C10-C5,C21-C19-C14-C12
TECRIC,5,-17.99,-121.11,-150.61,C25-C23-C21-C19,C23-C21-C19-C14,C26-C25-C23-C21
TECRIC,6,-94.68,-168.51,-47.89,C30-C28-C26-C25,C28-C26-C25-C23,C31-C30-C28-C26
TECRIC,7,132.95,-154.71,164.03,C38-C33-C31-C30,C33-C31-C30-C28,C40-C38-C33-C31
TECRIC,8,150.3,77.55,86.02,C43-C42-C40-C38,C42-C40-C38-C33,C44-C43-C42-C40
TECRIC,9,158.01,102.4,158.86,C51-C46-C44-C43,C46-C44-C43-C42,C53-C51-C46-C44
TECRIC,10,-154.26,-69.98,37.89,C56-C55-C53-C51,C55-C53-C51-C46,C58-C56-C55-C53
TIYFAL,0,-111.56,45.07,52.92,O13-O005-C02G-C02F,O005-C02G-C02F-C025,O10-O13-O005-C02G
TIYFAL,1,-56.97,-41.11,158.05,O9-O8-O10-O13,O8-O10-O13-O005,O11-O9-O8-O10
TIYFAL,2,96.13,-33.29,-85.83,O14-O5-O11-O9,O5-O11-O9-O8,O4-O14-O5-O11
TIYFAL,3,-49.06,145.15,173.17,N1-N7-O4-O14,N7-O4-O14-O5,N8-N1-N7-O4
TIYFAL,4,-23.29,116.26,119.62,N10-N5-N8-N1,N5-N8-N1-N11,N00S-N10-N5-N8
TIYFAL,5,-23.29,-35.98,119.62,N10-N5-N8-N1,N5-N8-N1-N7,N00S-N10-N5-N8
TIYFAL,6,-59.48,-5.24,-171.95,C00Z-C00U-N00S-N10,C00U-N00S-N10-N5,C010-C00Z-C00U-N00S
TIYFAL,7,75.62,169.9,-82.78,C01D-C012-C010-C00Z,C012-C010-C00Z-C00U,C01E-C01D-C012-C010
TIYFAL,8,-78.85,101.68,,C01J-C01G-C01E-C01D,C01G-C01E-C01D-C012,
TOHFUV,0,114.84,98.4,-77.59,O5-O4-C39-C38,O4-C39-C38-C37,O6-O5-O4-C39
TOHFUV,1,-126.87,93.67,,N5-N4-N8-C2,N4-N8-C2-C3,
TOHFUV,2,-126.87,92.96,,N5-N4-N8-C2,N4-N8-C2-C6,
TOHFUV,3,125.34,-145.6,-36.02,C2-C6-C7-C9,C6-C7-C9-C10,N8-C2-C6-C7
TOHFUV,4,-146.49,42.27,-111.51,C9-C10-C19-C21,C10-C19-C21-C22,C7-C9-C10-C19
TOHFUV,5,140.36,165.12,-178.8,C21-C22-C23-C25,C22-C23-C25-C26,C19-C21-C22-C23
TOHFUV,6,-15.98,26.05,108.15,C25-C26-C30-C32,C26-C30-C32-O8,C23-C25-C26-C30
TOHFUV,7,-116.68,62.99,27.43,C32-O8-O6-O5,O8-O6-O5-O4,C30-C32-O8-O6
TOXMEY,0,-15.07,163.41,-140.08,N1-C1-C3-N2,C1-C3-N2-C4,C12-N1-C1-C3
TOXMEY,1,-11.94,161.96,-139.26,N2-C4-C6-N3,C4-C6-N3-C7,C3-N2-C4-C6
TOXMEY,2,-8.56,161.16,-145.62,N3-C7-C9-N4,C7-C9-N4-C10,C6-N3-C7-C9
TOXMEY,3,-11.93,159.68,-144.56,N4-C10-C12-N1,C10-C12-N1-C1,C9-N4-C10-C12
TUCMEJ,0,-74.4,103.95,,C6-C5-C53-C52,C5-C53-C52-C51,
TUCMEJ,1,166.65,163.08,-7.34,C44-C43-N6-N5,C43-N6-N5-N4,C45-C44-C43-N6
TUCMEJ,2,24.28,86.56,16.74,C48-C47-C45-C44,C47-C45-C44-C43,C49-C48-C47-C45
TUCMEJ,3,34.19,177.41,-30.08,C52-C51-C49-C48,C51-C49-C48-C47,C53-C52-C51-C49
TUCMEJ01,0,-138.84,-54.28,,C48-C49-C54-C56,C49-C54-C56-C57,
TUCMEJ01,1,91.25,147.07,-8.41,C56-C57-C58-C60,C57-C58-C60-C61,C54-C56-C57-C58
TUCMEJ01,2,-0.67,-11.76,-122.66,C60-C61-C62-C64,C61-C62-C64-C65,C58-C60-C61-C62
TUCMEJ01,3,-128.28,164.72,-5.91,C64-C65-O14-O16,C65-O14-O16-O17,C62-C64-C65-O14
TUCMEL,0,16.79,-106.32,-37.13,N1_1-O1_1-CD1_6-CE2_6,O1_1-CD1_6-CE2_6-CE1_6,C2_1-N1_1-O1_1-CD1_6
TUCMEL,1,16.79,72.09,-37.13,N1_1-O1_1-CD1_6-CE2_6,O1_1-CD1_6-CE2_6-CB_6,C2_1-N1_1-O1_1-CD1_6
TUCMEL,2,-0.41,173.3,-56.72,N_2-C4_1-C2_1-N1_1,C4_1-C2_1-N1_1-O1_1,CA_2-N_2-C4_1-C2_1
TUCMEL,3,154.74,-133.6,-148.42,N_3-CG_2-CA_2-N_2,CG_2-CA_2-N_2-C4_1,CA_3-N_3-CG_2-CA_2
TUCMEL,4,144.86,123.22,,CB_3-O_3-CA_3-N_3,O_3-CA_3-N_3-CG_2,
TUCMIP,0,-132.02,100.08,55.81,O1_11-N1_11-CE1_16-CD2_16,N1_11-CE1_16-CD2_16-CD1_16,C2_11-O1_11-N1_11-CE1_16
TUCMIP,1,-132.02,98.18,55.81,O1_11-N1_11-CE1_16-CD2_16,N1_11-CE1_16-CD2_16-CB_16,C2_11-O1_11-N1_11-CE1_16
TUCMIP,2,-2.74,10.17,86.57,N_12b-C4_11-C2_11-O1_11,C4_11-C2_11-O1_11-N1_11,CA_12b-N_12b-C4_11-C2_11
TUCMIP,3,121.88,-165.03,178.59,N_13-O_12b-CA_12b-N_12b,O_12b-CA_12b-N_12b-C4_11,CA_13-N_13-O_12b-CA_12b
TUCMIP,4,137.37,41.65,,CB_13-O_13-CA_13-N_13,O_13-CA_13-N_13-O_12b,
TULSAX,0,-177.97,-37.38,-88.74,C6-C5-O1-N9,C5-O1-N9-N8,C7-C6-C5-O1
TULSAX,1,9.86,-178.76,47.53,C14-C9-C7-C6,C9-C7-C6-C5,C15-C14-C9-C7
TULSAX,2,166.1,31.31,-38.19,C25-C17-C15-C14,C17-C15-C14-C9,C26-C25-C17-C15
TULSAX,3,4.09,50.43,30.04,C36-C28-C26-C25,C28-C26-C25-C17,C37-C36-C28-C26
TULSAX,4,72.82,-11.61,101.43,C43-C39-C37-C36,C39-C37-C36-C28,C44-C43-C39-C37
TULSAX,5,132.2,48.56,-43.33,C50-C46-C44-C43,C46-C44-C43-C42,C51-C50-C46-C44
TULSAX,6,132.2,19.32,-43.33,C50-C46-C44-C43,C46-C44-C43-C39,C51-C50-C46-C44
TULSAX,7,-0.03,66.01,-72.94,C54-C53-C51-C50,C53-C51-C50-C49,C55-C54-C53-C51
TULSAX,8,-0.03,65.92,-72.94,C54-C53-C51-C50,C53-C51-C50-C46,C55-C54-C53-C51
TULSAX,9,63.5,-27.22,5.3,N5-C57-C55-C54,C57-C55-C54-C53,N6-N5-C57-C55
TULSAX,10,-152.56,134.58,56.12,N9-N8-N6-N5,N8-N6-N5-C57,O1-N9-N8-N6
UBADEJ,0,108.05,-0.31,-31.2,O6-O5-C49-C48,O5-C49-C48-C47,O7-O6-O5-C49
UBADEJ,1,5.9,-38.92,-8.55,N5-O9-O7-O6,O9-O7-O6-O5,N6-N5-O9-O7
UBADEJ,2,6.96,25.58,72.68,C7-N8-N6-N5,N8-N6-N5-O9,C8-C7-N8-N6
UBADEJ,3,-48.32,-38.78,174.81,C18-C10-C8-C7,C10-C8-C7-N8,C19-C18-C10-C8
UBADEJ,4,-121.29,-9.49,-96.64,C25-C21-C19-C18,C21-C19-C18-C10,C26-C25-C21-C19
UBADEJ,5,57.58,-0.89,-73.24,C32-C28-C26-C25,C28-C26-C25-C24,C33-C32-C28-C26
UBADEJ,6,57.58,-19.04,-73.24,C32-C28-C26-C25,C28-C26-C25-C21,C33-C32-C28-C26
UBADEJ,7,-176.09,17.75,-138.91,C36-C35-C33-C32,C35-C33-C32-C31,C37-C36-C35-C33
UBADEJ,8,-176.09,-62.58,-138.91,C36-C35-C33-C32,C35-C33-C32-C28,C37-C36-C35-C33
UBADEJ,9,-40.17,-92.47,-106.51,C44-C39-C37-C36,C39-C37-C36-C35,C45-C44-C39-C37
UBADEJ,10,-143.44,-159.12,-115.93,C48-C47-C45-C44,C47-C45-C44-C39,C49-C48-C47-C45
UFUQOC,0,-53.49,-63.12,-32.03,O4-O3-C24-C23,O3-C24-C23-C22,O5-O4-O3-C24
UFUQOC,1,-51.57,-20.69,-111.83,N5-N1-O5-O4,N1-O5-O4-O3,N6-N5-N1-O5
UFUQOC,2,18.26,47.22,-40.24,C10-C2-N6-N5,C2-N6-N5-N4,C11-C10-C2-N6
UFUQOC,3,18.26,-5.42,-40.24,C10-C2-N6-N5,C2-N6-N5-N1,C11-C10-C2-N6
UFUQOC,4,-77.17,2.09,,C14-C13-C11-C10,C13-C11-C10-C2,
UGOWET,0,-171.09,70.91,-6.38,C8-O2-C90-C89,O2-C90-C89-C88,C9-C8-O2-C90
UGOWET,1,-171.09,34.51,-6.38,C8-O2-C90-C89,O2-C90-C89-C76,C9-C8-O2-C90
UGOWET,2,62.06,-82.36,69.89,C17-N3-C9-C8,N3-C9-C8-O2,C18-C17-N3-C9
UGOWET,3,-178.99,62.9,154.15,C26-N6-C18-C17,N6-C18-C17-N3,C27-C26-N6-C18
UGOWET,4,-173.14,73.11,104.79,C29-N7-C27-C26,N7-C27-C26-N6,C30-C29-N7-C27
UGOWET,5,107.04,119.41,68.05,C42-C38-C30-C29,C38-C30-C29-N7,C43-C42-C38-C30
UGOWET,6,-177.46,-48.61,-68.13,C50-N8-C43-C42,N8-C43-C42-C41,C51-C50-N8-C43
UGOWET,7,-177.46,-48.19,-68.13,C50-N8-C43-C42,N8-C43-C42-C38,C51-C50-N8-C43
UGOWET,8,-127.0,-118.7,127.06,C59-C55-C51-C50,C55-C51-C50-N8,O8-C59-C55-C51
UGOWET,9,-61.23,-122.47,134.86,C67-C64-O8-C59,C64-O8-C59-C55,O9-C67-C64-O8
UGOWET,10,-143.17,-141.44,93.37,C74-C73-O9-C67,C73-O9-C67-C64,C75-C74-C73-O9
UGOWET,11,-130.25,-114.02,77.93,C89-C76-C75-C74,C76-C75-C74-C73,C90-C89-C76-C75
UGOWIX,0,-46.72,-79.13,108.37,C4-C3-C81-C80,C3-C81-C80-C65,C5-C4-C3-C81
UGOWIX,1,112.67,65.8,168.88,C10-C6-C5-C4,C6-C5-C4-C3,N3-C10-C6-C5
UGOWIX,2,-86.49,-173.19,-60.41,O3-C12-N3-C10,C12-N3-C10-C6,C16-O3-C12-N3
UGOWIX,3,129.94,165.31,-20.62,O4-C18-C16-O3,C18-C16-O3-C12,C20-O4-C18-C16
UGOWIX,4,-16.3,-170.22,94.69,C42-C22-C20-O4,C22-C20-O4-C19,C43-C42-C22-C20
UGOWIX,5,-16.3,121.27,94.69,C42-C22-C20-O4,C22-C20-O4-C18,C43-C42-C22-C20
UGOWIX,6,137.46,12.75,-12.48,C48-N9-C43-C42,N9-C43-C42-C22,C49-C48-N9-C43
UGOWIX,7,165.81,-22.57,-3.71,C56-C50-C49-C48,C50-C49-C48-N9,N12-C56-C50-C49
UGOWIX,8,-26.45,-4.31,-103.06,C58-C57-N12-C56,C57-N12-C56-C50,O9-C58-C57-N12
UGOWIX,9,-48.94,-50.82,8.04,C63-C60-O9-C58,C60-O9-C58-C57,C64-C63-C60-O9
UGOWIX,10,129.54,119.72,87.93,C80-C65-C64-C63,C65-C64-C63-N14,C81-C80-C65-C64
UGOWIX,11,129.54,164.54,87.93,C80-C65-C64-C63,C65-C64-C63-C60,C81-C80-C65-C64
UKIZUK,0,97.09,103.67,3.05,O1-C2-C8-C10,C2-C8-C10-C11,C1-O1-C2-C8
UKIZUK,1,97.09,-146.0,3.05,O1-C2-C8-C10,C2-C8-C10-C15,C1-O1-C2-C8
UKIZUK,2,129.53,-83.05,23.35,C10-C15-C1-O1,C15-C1-O1-C2,C8-C10-C15-C1
UKOBEC,0,173.87,-126.0,-96.05,C2-N2-C10-C12,N2-C10-C12-C13,C1-C2-N2-C10
UKOBEC,1,173.87,-10.12,-96.05,C2-N2-C10-C12,N2-C10-C12-O2,C1-C2-N2-C10
UKOBEC,2,76.64,10.14,-18.84,C12-O2-C1-C2,O2-C1-C2-N2,C10-C12-O2-C1
UKUVIF,0,-68.7,31.25,34.32,O3-O2-C53-C45,O2-C53-C45-C44,N5-O3-O2-C53
UKUVIF,1,139.23,53.66,-0.04,C4-C2-N5-O3,C2-N5-O3-O2,C12-C4-C2-N5
UKUVIF,2,71.34,101.49,27.45,C16-C14-C12-C4,C14-C12-C4-C2,C24-C16-C14-C12
UKUVIF,3,48.76,159.67,,C27-C26-C24-C16,C26-C24-C16-C14,
UNONES,0,81.32,-99.19,-63.72,N1-O5-C29-C28,O5-C29-C28-C23,N2-N1-O5-C29
UNONES,1,2.36,26.01,23.13,C4-N4-N2-N1,N4-N2-N1-O5,C5-C4-N4-N2
UNONES,2,-166.92,-10.32,170.92,C12-C7-C5-C4,C7-C5-C4-N4,C13-C12-C7-C5
UNONES,3,123.61,-147.02,136.93,C20-C15-C13-C12,C15-C13-C12-C7,C21-C20-C15-C13
UNONES,4,-102.55,-44.56,125.13,C28-C23-C21-C20,C23-C21-C20-C15,C29-C28-C23-C21
UNUHUI,0,17.43,-11.76,,N6-O5-N4-O4,O5-N4-O4-C1,
UNUHUI,1,28.19,-141.8,,C33-C29-C27-C26,C29-C27-C26-C17,
UNUHUI,2,17.43,-22.69,,N13-O14-N11-O13,O14-N11-O13-O10,
UNUHUI,3,28.19,-141.8,,C83-C79-C77-C76,C79-C77-C76-C67,
UNUJAQ,0,-14.75,144.24,,C11-C13-C8-C4,C13-C8-C4-C2,
UNUJAQ,1,54.63,-156.47,,C49-C43-C39-C34,C43-C39-C34-C37,
UNUJAQ,2,170.37,83.6,,C86-C76-C74-C73,C76-C74-C73-C68,
UNUJAQ,3,-178.29,40.11,,N89-N65-N54-N48,N65-N54-N48-N30,
UXOHIZ,0,-20.57,15.78,-34.46,N2-O8-C26-C25,O8-C26-C25-C24,N3-N2-O8-C26
UXOHIZ,1,-105.62,94.26,-3.28,N6-N5-N3-N2,N5-N3-N2-O8,N7-N6-N5-N3
UXOHIZ,2,-110.23,107.51,-157.38,C3-C1-N7-N6,C1-N7-N6-N5,C4-C3-C1-N7
UXOHIZ,3,4.86,-2.12,0.91,C7-C6-C4-C3,C6-C4-C3-C1,C8-C7-C6-C4
UXOHIZ,4,-121.51,-72.68,-90.03,C12-C10-C8-C7,C10-C8-C7-C6,C13-C12-C10-C8
UXOHIZ,5,95.78,-137.38,-178.01,C16-C15-C13-C12,C15-C13-C12-C10,C17-C16-C15-C13
UXOHIZ,6,1.48,-0.51,-21.29,C21-C19-C17-C16,C19-C17-C16-C15,C22-C21-C19-C17
UXOHIZ,7,8.78,172.09,146.59,C25-C24-C22-C21,C24-C22-C21-C19,C26-C25-C24-C22
UXOYOX,0,-35.78,-159.46,153.75,O4-O3-O2-C37,O3-O2-C37-C36,N4-O4-O3-O2
UXOYOX,1,-83.55,-18.18,178.53,C3-C2-N4-O4,C2-N4-O4-O3,C7-C3-C2-N4
UXOYOX,2,122.91,142.24,28.79,C10-C9-C7-C3,C9-C7-C3-C2,C14-C10-C9-C7
UXOYOX,3,-23.76,1.75,-149.37,C17-C16-C14-C10,C16-C14-C10-C9,O5-C17-C16-C14
UXOYOX,4,-27.38,-140.76,124.55,O8-O7-O5-C17,O7-O5-C17-C16,N8-O8-O7-O5
UXOYOX,5,-83.55,-18.18,178.53,C23-C22-N8-O8,C22-N8-O8-O7,C27-C23-C22-N8
UXOYOX,6,122.91,142.24,28.79,C30-C29-C27-C23,C29-C27-C23-C22,C34-C30-C29-C27
UXOYOX,7,-23.76,1.75,-174.36,C37-C36-C34-C30,C36-C34-C30-C29,O2-C37-C36-C34
UXOYUD,0,-33.93,-155.04,156.81,O4-O3-O2-C37,O3-O2-C37-C36,N4-O4-O3-O2
UXOYUD,1,-82.8,-16.68,177.62,C3-C2-N4-O4,C2-N4-O4-O3,C7-C3-C2-N4
UXOYUD,2,123.96,142.38,29.6,C10-C9-C7-C3,C9-C7-C3-C2,C14-C10-C9-C7
UXOYUD,3,-22.7,2.11,-145.82,C17-C16-C14-C10,C16-C14-C10-C9,O5-C17-C16-C14
UXOYUD,4,-25.58,-139.01,126.02,O8-O7-O5-C17,O7-O5-C17-C16,N8-O8-O7-O5
UXOYUD,5,-82.8,-16.68,177.62,C23-C22-N8-O8,C22-N8-O8-O7,C27-C23-C22-N8
UXOYUD,6,123.96,142.38,29.6,C30-C29-C27-C23,C29-C27-C23-C22,C34-C30-C29-C27
UXOYUD,7,-22.7,2.11,-170.95,C37-C36-C34-C30,C36-C34-C30-C29,O2-C37-C36-C34
UXOZAK,0,-33.63,-153.98,158.53,O4-O3-O2-C37,O3-O2-C37-C36,N4-O4-O3-O2
UXOZAK,1,-82.2,-15.1,178.82,C3-C2-N4-O4,C2-N4-O4-O3,C7-C3-C2-N4
UXOZAK,2,123.12,143.62,30.62,C10-C9-C7-C3,C9-C7-C3-C2,C14-C10-C9-C7
UXOZAK,3,-22.11,1.48,-144.32,C17-C16-C14-C10,C16-C14-C10-C9,O5-C17-C16-C14
UXOZAK,4,-24.8,-138.41,127.2,O8-O7-O5-C17,O7-O5-C17-C16,N8-O8-O7-O5
UXOZAK,5,-82.2,-15.1,178.82,C23-C22-N8-O8,C22-N8-O8-O7,C27-C23-C22-N8
UXOZAK,6,123.12,143.62,30.62,C30-C29-C27-C23,C29-C27-C23-C22,C34-C30-C29-C27
UXOZAK,7,-22.11,1.48,-169.74,C37-C36-C34-C30,C36-C34-C30-C29,O2-C37-C36-C34
UXOZOY,0,-34.98,-157.75,155.21,O4-O3-O2-C37,O3-O2-C37-C36,N4-O4-O3-O2
UXOZOY,1,-83.09,-17.59,177.99,C3-C2-N4-O4,C2-N4-O4-O3,C7-C3-C2-N4
UXOZOY,2,122.94,141.89,28.98,C10-C9-C7-C3,C9-C7-C3-C2,C14-C10-C9-C7
UXOZOY,3,-23.15,1.2,-149.08,C17-C16-C14-C10,C16-C14-C10-C9,O5-C17-C16-C14
UXOZOY,4,-26.77,-141.11,125.03,O8-O7-O5-C17,O7-O5-C17-C16,N8-O8-O7-O5
UXOZOY,5,-83.09,-17.59,177.99,C23-C22-N8-O8,C22-N8-O8-O7,C27-C23-C22-N8
UXOZOY,6,122.94,141.89,28.98,C30-C29-C27-C23,C29-C27-C23-C22,C34-C30-C29-C27
UXOZOY,7,-23.15,1.2,-173.32,C37-C36-C34-C30,C36-C34-C30-C29,O2-C37-C36-C34
UYAZOK,0,67.46,173.14,,C2-C1-C44-C43,C1-C44-C43-C41,
UYAZOK,1,125.67,-47.5,,C13-N3-C11-C10,N3-C11-C10-C8,
UYAZOK,2,-175.73,-168.13,,C24-N5-C22-C21,N5-C22-C21-C19,
UYAZOK,3,143.06,-76.4,,C35-N7-C33-C32,N7-C33-C32-C30,
UYAZOK01,0,67.94,173.06,,C2-C1-C44-C43,C1-C44-C43-C41,
UYAZOK01,1,124.74,-46.64,,C13-N3-C11-C10,N3-C11-C10-C8,
UYAZOK01,2,-176.6,-169.01,,C24-N5-C22-C21,N5-C22-C21-C19,
UYAZOK01,3,144.55,-79.14,,C35-N7-C33-C32,N7-C33-C32-C30,
UYAZOK02,0,65.67,174.33,,C2-C1-C44-C43,C1-C44-C43-C41,
UYAZOK02,1,126.43,-49.04,,C13-N3-C11-C10,N3-C11-C10-C8,
UYAZOK02,2,-176.7,-169.9,,C24-N5-C22-C21,N5-C22-C21-C19,
UYAZOK02,3,144.63,-80.07,,C35-N7-C33-C32,N7-C33-C32-C30,
UYEBEG,0,27.8,173.25,,C2-C1-C22A-C21A,C1-C22A-C21A-C19A,
UYEBEG,1,132.73,-60.9,,C13-N3-C11-C10,N3-C11-C10-C8,
UYEBEG,2,179.61,-175.04,,C2A-N1A-C22-C21,N1A-C22-C21-C19,
UYEBEG,3,132.73,-60.9,,C13A-N3A-C11A-C10A,N3A-C11A-C10A-C8A,
UYEBIK,0,69.89,172.13,,C2-C1-C44-C43,C1-C44-C43-C41,
UYEBIK,1,124.21,-46.71,,C13-N3-C11-C10,N3-C11-C10-C8,
UYEBIK,2,-176.34,-169.07,,C24-N5-C22-C21,N5-C22-C21-C19,
UYEBIK,3,143.73,-78.06,,C35-N7-C33-C32,N7-C33-C32-C30,
UYEBOQ,0,64.69,174.49,,C2-C1-C44-C43,C1-C44-C43-C41,
UYEBOQ,1,125.68,-49.86,,C13-N3-C11-C10,N3-C11-C10-C8,
UYEBOQ,2,-177.33,-169.49,,C24-N5-C22-C21,N5-C22-C21-C19,
UYEBOQ,3,140.57,-73.83,,C35-N7-C33-C32,N7-C33-C32-C30,
UYEBUW,0,71.74,171.8,,C2-C1-C44-C43,C1-C44-C43-C41,
UYEBUW,1,119.44,-39.74,,C13-N3-C11-C10,N3-C11-C10-C8,
UYEBUW,2,-176.51,-166.88,,C24-N5-C22-C21,N5-C22-C21-C19,
UYEBUW,3,149.15,-87.71,,C35-N7-C33-C32,N7-C33-C32-C30,
UYECAD,0,65.97,175.39,,C2-C1-C47-C46,C1-C47-C46-C44,
UYECAD,1,120.58,-44.54,,C14-N3-C11-C10,N3-C11-C10-C8,
UYECAD,2,-176.39,-168.5,,C25-N5-C23-C22,N5-C23-C22-C20,
UYECAD,3,132.73,-63.42,,C38-N7-C35-C34,N7-C35-C34-C32,
UYECEH,0,26.98,173.24,,C2-C1-C22A-C21A,C1-C22A-C21A-C19A,
UYECEH,1,133.8,-63.36,,C13-N3-C11-C10,N3-C11-C10-C8,
UYECEH,2,178.7,-176.12,,C2A-N1A-C22-C21,N1A-C22-C21-C19,
UYECEH,3,133.8,-63.36,,C13A-N3A-C11A-C10A,N3A-C11A-C10A-C8A,
UYECIL,0,72.87,170.89,,C2-C1-C44-C43,C1-C44-C43-C41,
UYECIL,1,119.12,-40.18,,C13-N3-C11-C10,N3-C11-C10-C8,
UYECIL,2,-176.28,-166.14,,C24-N5-C22-C21,N5-C22-C21-C19,
UYECIL,3,148.48,-87.14,,C35-N7-C33-C32,N7-C33-C32-C30,
UZUKUW,0,139.24,-31.3,-85.01,N6-N5-C33-C32,N5-C33-C32-C30,N7-N6-N5-C33
UZUKUW,1,-109.28,90.54,31.18,O2-O1-N7-N6,O1-N7-N6-N5,O3-O2-O1-N7
UZUKUW,2,-137.86,42.78,43.45,O7-O5-O3-O2,O5-O3-O2-O1,O8-O7-O5-O3
UZUKUW,3,62.61,-138.46,59.58,C5-C1-O8-O7,C1-O8-O7-O5,C6-C5-C1-O8
UZUKUW,4,62.62,142.81,-47.36,C12-C8-C6-C5,C8-C6-C5-C4,C13-C12-C8-C6
UZUKUW,5,62.62,-116.49,-47.36,C12-C8-C6-C5,C8-C6-C5-C1,C13-C12-C8-C6
UZUKUW,6,-105.61,79.44,65.96,C23-C15-C13-C12,C15-C13-C12-C11,C24-C23-C15-C13
UZUKUW,7,-105.61,99.43,65.96,C23-C15-C13-C12,C15-C13-C12-C8,C24-C23-C15-C13
UZUKUW,8,9.76,-13.06,-126.7,C27-C26-C24-C23,C26-C24-C23-C15,C28-C27-C26-C24
UZUKUW,9,-25.18,-144.85,-7.77,C32-C30-C28-C27,C30-C28-C27-C26,C33-C32-C30-C28
VAJPUV,0,-113.65,-11.19,-103.38,N1-O8-C42-C41,O8-C42-C41-N10,C1A-N1-O8-C42
VAJPUV,1,83.7,-128.51,130.79,N2-C3A-C1A-N1,C3A-C1A-N1-O8,C5-N2-C3A-C1A
VAJPUV,2,-92.73,-132.32,-155.21,N3-C7-C5-N2,C7-C5-N2-C3A,C11-N3-C7-C5
VAJPUV,3,165.71,-150.14,-120.22,N5-C13-C11-N3,C13-C11-N3-C7,C16-N5-C13-C11
VAJPUV,4,-176.07,-77.69,-8.28,N6-C18-C16-N5,C18-C16-N5-C13,C25-N6-C18-C16
VAJPUV,5,133.02,-13.58,-21.36,C28-N7-C25-N6,N7-C25-N6-C18,C29A-C28-N7-C25
VAJPUV,6,2.37,-138.4,178.05,N9A-C31A-C29A-C28,C31A-C29A-C28-N7,C36-N9A-C31A-C29A
VAJPUV,7,155.38,156.87,49.86,C41-N10-C36-N9A,N10-C36-N9A-C31A,C42-C41-N10-C36
VEDJIX,0,42.37,-21.06,-15.46,O5-O4-C62-C61,O4-C62-C61-C60,O6-O5-O4-C62
VEDJIX,1,42.37,-25.81,-15.46,O5-O4-C62-C61,O4-C62-C61-C57,O6-O5-O4-C62
VEDJIX,2,-16.3,161.57,67.87,N6-O8-O6-O5,O8-O6-O5-O4,N7-N6-O8-O6
VEDJIX,3,8.66,-16.95,141.16,C7-N9-N7-N6,N9-N7-N6-O8,C8-C7-N9-N7
VEDJIX,4,32.34,3.44,139.27,S1-C10-C8-C7,C10-C8-C7-N9,C14-S1-C10-C8
VEDJIX,5,-153.9,76.44,47.83,C20-C16-C14-S1,C16-C14-S1-C13,C21-C20-C16-C14
VEDJIX,6,-153.9,54.39,47.83,C20-C16-C14-S1,C16-C14-S1-C10,C21-C20-C16-C14
VEDJIX,7,78.35,-88.23,48.27,C31-C23-C21-C20,C23-C21-C20-C19,C32-C31-C23-C21
VEDJIX,8,78.35,-140.71,48.27,C31-C23-C21-C20,C23-C21-C20-C16,C32-C31-C23-C21
VEDJIX,9,9.98,-172.85,-154.77,C42-C34-C32-C31,C34-C32-C31-C23,C43-C42-C34-C32
VEDJIX,10,50.92,28.4,133.12,C47-C45-C43-C42,C45-C43-C42-C34,C48-C47-C45-C43
VEDJIX,11,-94.51,-32.11,-2.09,C54-C50-C48-C47,C50-C48-C47-C45,C55-C54-C50-C48
VEDJIX,12,-67.77,60.0,97.91,C61-C57-C55-C54,C57-C55-C54-C53,C62-C61-C57-C55
VEDJIX,13,-67.77,95.69,97.91,C61-C57-C55-C54,C57-C55-C54-C50,C62-C61-C57-C55
VEDJOD,0,169.38,-27.15,-13.53,C3-O1-C62-C61,O1-C62-C61-C60,C4-C3-O1-C62
VEDJOD,1,169.38,-25.93,-13.53,C3-O1-C62-C61,O1-C62-C61-C57,C4-C3-O1-C62
VEDJOD,2,3.66,-76.75,91.88,C11-N2-C4-C3,N2-C4-C3-O1,C12-C11-N2-C4
VEDJOD,3,73.05,-166.52,-70.71,N5-C13-C12-C11,C13-C12-C11-N2,C19-N5-C13-C12
VEDJOD,4,-102.08,162.81,-82.04,C24-O5-C19-N5,O5-C19-N5-C13,C25-C24-O5-C19
VEDJOD,5,-21.5,179.25,171.05,O6-C27-C25-C24,C27-C25-C24-C23,C30-O6-C27-C25
VEDJOD,6,-21.5,-178.35,171.05,O6-C27-C25-C24,C27-C25-C24-O5,C30-O6-C27-C25
VEDJOD,7,-100.05,62.83,128.08,O7-C32-C30-O6,C32-C30-O6-C29,C39-O7-C32-C30
VEDJOD,8,-100.05,-43.09,128.08,O7-C32-C30-O6,C32-C30-O6-C27,C39-O7-C32-C30
VEDJOD,9,-48.85,4.67,-135.56,N9-C40-C39-O7,C40-C39-O7-C32,C46-N9-C40-C39
VEDJOD,10,-166.04,29.82,112.16,C49-O9-C46-N9,O9-C46-N9-C40,C50-C49-O9-C46
VEDJOD,11,-71.14,130.43,-160.26,C55-C52-C50-C49,C52-C50-C49-O9,C56-C55-C52-C50
VEDJOD,12,-23.51,-122.25,122.52,C61-C57-C56-C55,C57-C56-C55-N10,C62-C61-C57-C56
VEDJOD,13,-23.51,-129.91,122.52,C61-C57-C56-C55,C57-C56-C55-C52,C62-C61-C57-C56
VEDJUJ,0,168.58,-23.64,-10.97,C3-O1-C62-C61,O1-C62-C61-C60,C4-C3-O1-C62
VEDJUJ,1,168.58,-27.2,-10.97,C3-O1-C62-C61,O1-C62-C61-C57,C4-C3-O1-C62
VEDJUJ,2,-0.97,-78.97,95.48,C11-N2-C4-C3,N2-C4-C3-O1,C12-C11-N2-C4
VEDJUJ,3,75.29,-165.68,-70.76,N5-C13-C12-C11,C13-C12-C11-N2,C19-N5-C13-C12
VEDJUJ,4,-106.28,168.71,-82.43,C24-O5-C19-N5,O5-C19-N5-C13,C25-C24-O5-C19
VEDJUJ,5,-19.97,-176.6,173.08,O6-C27-C25-C24,C27-C25-C24-C23,C30-O6-C27-C25
VEDJUJ,6,-19.97,-178.37,173.08,O6-C27-C25-C24,C27-C25-C24-O5,C30-O6-C27-C25
VEDJUJ,7,-102.06,61.62,127.24,O7-C32-C30-O6,C32-C30-O6-C29,C39-O7-C32-C30
VEDJUJ,8,-102.06,-41.98,127.24,O7-C32-C30-O6,C32-C30-O6-C27,C39-O7-C32-C30
VEDJUJ,9,-48.25,3.49,-130.38,N9-C41-C39-O7,C41-C39-O7-C32,C46-N9-C41-C39
VEDJUJ,10,-158.73,23.87,153.39,C49-O9-C46-N9,O9-C46-N9-C41,C50-C49-O9-C46
VEDJUJ,11,-35.82,108.41,-62.43,C55-C52-C50-C49,C52-C50-C49-O9,C56-C55-C52-C50
VEDJUJ,12,-21.02,-125.48,117.25,C61-C57-C56-C55,C57-C56-C55-N10,C62-C61-C57-C56
VEDJUJ,13,-21.02,-118.91,117.25,C61-C57-C56-C55,C57-C56-C55-C52,C62-C61-C57-C56
VEGROO,0,-176.37,-175.31,-171.54,C7-C5-C67-C65,C5-C67-C65-C53,C9-C7-C5-C67
VEGROO,1,100.94,63.43,-172.01,C13-N3-C9-C7,N3-C9-C7-C5,C15-C13-N3-C9
VEGROO,2,-41.16,-126.29,-42.15,C27-C17-C15-C13,C17-C15-C13-N3,C29-C27-C17-C15
VEGROO,3,-95.75,75.08,5.63,C41-C31-C29-C27,C31-C29-C27-C17,C43-C41-C31-C29
VEGROO,4,1.46,160.07,-1.7,C49-C47-C43-C41,C47-C43-C41-C31,C51-C49-C47-C43
VEGROO,5,133.37,-67.09,58.02,C65-C53-C51-C49,C53-C51-C49-C47,C67-C65-C53-C51
VEHFOG,0,-53.49,2.37,-143.63,N8-N6-C53-C52,N6-C53-C52-C35,N9-N8-N6-C53
VEHFOG,1,-15.01,124.87,-24.21,O6-N7-N9-N8,N7-N9-N8-N6,O7-O6-N7-N9
VEHFOG,2,162.37,-13.45,-127.57,C2-O8-O7-O6,O8-O7-O6-N7,C4-C2-O8-O7
VEHFOG,3,-159.77,123.41,4.42,C8-C6-C4-C2,C6-C4-C2-O8,C9-C8-C6-C4
VEHFOG,4,20.19,0.63,59.19,C23-C11-C9-C8,C11-C9-C8-C6,C24-C23-C11-C9
VEHFOG,5,179.22,119.68,29.59,C31-C26-C24-C23,C26-C24-C23-C11,C34-C31-C26-C24
VEHFOG,6,-155.83,57.07,118.24,C52-C35-C34-C31,C35-C34-C31-C26,C53-C52-C35-C34
VEHFUM,0,-39.1,-94.48,88.79,N8-N6-C51-C50,N6-C51-C50-C33,N9-N8-N6-C51
VEHFUM,1,-36.48,84.34,11.94,O7-N7-N9-N8,N7-N9-N8-N6,C53-O7-N7-N9
VEHFUM,2,16.89,-138.68,30.73,O6-O2-C53-O7,O2-C53-O7-N7,C2-O6-O2-C53
VEHFUM,3,16.89,97.22,30.73,O6-O2-C53-O7,O2-C53-O7-O8,C2-O6-O2-C53
VEHFUM,4,-37.3,45.71,35.65,C6-C4-C2-O6,C4-C2-O6-O2,C7-C6-C4-C2
VEHFUM,5,66.52,170.0,31.62,C21-C9-C7-C6,C9-C7-C6-C4,C22-C21-C9-C7
VEHFUM,6,86.68,29.55,20.88,C29-C24-C22-C21,C24-C22-C21-C9,C31-C29-C24-C22
VEHFUM,7,-36.95,9.08,116.03,C50-C33-C31-C29,C33-C31-C29-C24,C51-C50-C33-C31
VEHGAT,0,-138.16,11.43,58.24,O4-N3-O6A-O7A,N3-O6A-O7A-C46,N6-O4-N3-O6A
VEHGAT,1,83.39,-14.8,-29.85,C39-N1-N6-O4,N1-N6-O4-N3,N5-C39-N1-N6
VEHGAT,2,-17.23,-21.88,-41.89,C43-C2-N5-C39,C2-N5-C39-N1,C23-C43-C2-N5
VEHGAT,3,21.43,-46.02,-167.04,C29-C20-C23-C43,C20-C23-C43-C2,O10-C29-C20-C23
VEHGAT,4,39.04,-41.36,-76.68,C1-C4-O10-C29,C4-O10-C29-C20,C9-C1-C4-O10
VEHGAT,5,121.7,130.32,-1.15,C37-C48-C9-C1,C48-C9-C1-C4,C16-C37-C48-C9
VEHGAT,6,-22.7,-10.16,-72.99,O7A-C46-C16-C37,C46-C16-C37-C48,O6A-O7A-C46-C16
VEHGEX,0,-109.8,-18.46,-51.98,O6A-O5A-C53A-C52A,O5A-C53A-C52A-C36A,O7A-O6A-O5A-C53A
VEHGEX,1,-29.86,168.93,68.7,N2A-O9A-O7A-O6A,O9A-O7A-O6A-O5A,N3A-N2A-O9A-O7A
VEHGEX,2,-2.26,-74.4,110.57,C3A-N5A-N3A-N2A,N5A-N3A-N2A-O9A,C5A-C3A-N5A-N3A
VEHGEX,3,-178.06,82.56,0.79,C9A-C7A-C5A-C3A,C7A-C5A-C3A-N5A,C10A-C9A-C7A-C5A
VEHGEX,4,32.05,-9.7,130.85,C24A-C12A-C10A-C9A,C12A-C10A-C9A-C7A,C25A-C24A-C12A-C10A
VEHGEX,5,26.94,-149.02,74.62,C32A-C27A-C25A-C24A,C27A-C25A-C24A-C12A,C34A-C32A-C27A-C25A
VEHGEX,6,-155.32,24.24,106.46,C52A-C36A-C34A-C32A,C36A-C34A-C32A-C27A,C53A-C52A-C36A-C34A
VEJGEY,0,176.82,144.2,103.58,O5-O6-O7-O9,O6-O7-O9-O10,C24-O5-O6-O7
VEJGEY,1,-81.53,-20.12,-41.35,O9-O10-N1-N3,O10-N1-N3-C1,O7-O9-O10-N1
VEJGEY,2,-34.0,0.11,-0.12,N3-C1-C2-C27,C1-C2-C27-C28,N1-N3-C1-C2
VEJGEY,3,-34.0,-114.85,-0.12,N3-C1-C2-C27,C1-C2-C27-C20,N1-N3-C1-C2
VEJGEY,4,-92.25,143.97,50.72,C27-C28-C29-N5,C28-C29-N5-N10,C2-C27-C28-C29
VEJGEY,5,-3.91,139.96,112.92,N5-N10-N11-C5,N10-N11-C5-C6,C29-N5-N10-N11
VEJGEY,6,-158.5,0.24,60.06,C5-C6-C7-C9,C6-C7-C9-C10,N11-C5-C6-C7
VEJGEY,7,-86.72,51.06,0.91,C9-C10-C11-C13,C10-C11-C13-C14,C7-C9-C10-C11
VEJGEY,8,-86.72,-106.29,0.91,C9-C10-C11-C13,C10-C11-C13-C23,C7-C9-C10-C11
VEJGEY,9,81.19,-160.2,134.11,C13-C23-C24-O5,C23-C24-O5-O6,C11-C13-C23-C24
VEJGIC,0,124.55,-153.79,49.21,O5-O6-O7-O9,O6-O7-O9-O10,C29F-O5-O6-O7
VEJGIC,1,155.34,-102.91,-45.36,O9-O10-N1-N3,O10-N1-N3-N4,O7-O9-O10-N1
VEJGIC,2,58.6,-43.95,-22.08,N3-N4-N5-N7,N4-N5-N7-N8,N1-N3-N4-N5
VEJGIC,3,58.6,-74.92,-22.08,N3-N4-N5-N7,N4-N5-N7-C51,N1-N3-N4-N5
VEJGIC,4,160.59,-51.34,-78.83,N7-N8-N9-N11,N8-N9-N11-C5,N5-N7-N8-N9
VEJGIC,5,-82.32,-26.45,83.64,N11-C5-C6-C8,C5-C6-C8-C9,N9-N11-C5-C6
VEJGIC,6,160.95,-125.65,-69.3,C8-C9-C10-C12,C9-C10-C12-C13,C6-C8-C9-C10
VEJGIC,7,-0.01,-21.07,-55.9,C12-C13-C14-C16,C13-C14-C16-C17,C10-C12-C13-C14
VEJGIC,8,-0.01,51.61,-55.9,C12-C13-C14-C16,C13-C14-C16-C26F,C10-C12-C13-C14
VEJGIC,9,-23.38,-47.15,50.21,C16-C26F-C29F-O5,C26F-C29F-O5-O6,C14-C16-C26F-C29F
VEJGIC,10,9.7,89.22,-159.08,C24-C25-C26-C27,C25-C26-C27-C33,N9F-C24-C25-C26
VEJGIC,11,-42.18,130.17,-167.68,C27-C33-C34-C36,C33-C34-C36-C37,C26-C27-C33-C34
VEJGIC,12,16.73,67.52,0.01,C36-C37-C38-C40,C37-C38-C40-C41,C34-C36-C37-C38
VEJGIC,13,171.39,58.84,172.69,C40-C41-C42-C44,C41-C42-C44-C45,C38-C40-C41-C42
VEJGIC,14,171.39,49.29,172.69,C40-C41-C42-C44,C41-C42-C44-O2F,C38-C40-C41-C42
VEJGIC,15,-70.53,-36.31,-177.92,C44-O2F-O3F-O5F,O2F-O3F-O5F-O10F,C42-C44-O2F-O3F
VEJGIC,16,-38.31,102.91,104.18,O5F-O10F-N1F-N3F,O10F-N1F-N3F-N4F,O3F-O5F-O10F-N1F
VEJGIC,17,-58.6,43.95,22.08,N3F-N4F-N5F-N7F,N4F-N5F-N7F-N8F,N1F-N3F-N4F-N5F
VEJGIC,18,-111.23,-170.62,78.83,N7F-N8F-N9F-C24,N8F-N9F-C24-C23,N5F-N7F-N8F-N9F
VEJGIC,19,-111.23,105.76,78.83,N7F-N8F-N9F-C24,N8F-N9F-C24-C25,N5F-N7F-N8F-N9F
VEJGOI,0,176.82,144.2,103.58,O5-O6-O7-O9,O6-O7-O9-O10,C24-O5-O6-O7
VEJGOI,1,-81.53,-20.12,-41.35,O9-O10-N1-N3,O10-N1-N3-C1,O7-O9-O10-N1
VEJGOI,2,-34.0,0.11,-0.12,N3-C1-C2-C27,C1-C2-C27-C28,N1-N3-C1-C2
VEJGOI,3,-34.0,-114.85,-0.12,N3-C1-C2-C27,C1-C2-C27-C20,N1-N3-C1-C2
VEJGOI,4,-92.25,143.97,50.72,C27-C28-C29-N5,C28-C29-N5-N10,C2-C27-C28-C29
VEJGOI,5,-3.91,139.96,112.92,N5-N10-N11-C5,N10-N11-C5-C6,C29-N5-N10-N11
VEJGOI,6,-158.5,0.24,60.06,C5-C6-C7-C9,C6-C7-C9-C10,N11-C5-C6-C7
VEJGOI,7,-86.72,51.06,0.91,C9-C10-C11-C13,C10-C11-C13-C14,C7-C9-C10-C11
VEJGOI,8,-86.72,-106.29,0.91,C9-C10-C11-C13,C10-C11-C13-C23,C7-C9-C10-C11
VEJGOI,9,81.19,-160.2,134.11,C13-C23-C24-O5,C23-C24-O5-O6,C11-C13-C23-C24
VEJGUO,0,176.82,144.2,103.58,O5-O6-O7-O9,O6-O7-O9-O10,C24-O5-O6-O7
VEJGUO,1,149.15,-119.47,-46.79,O9-O10-N4-N6,O10-N4-N6-N7,O7-O9-O10-N4
VEJGUO,2,61.42,-79.63,-12.34,N6-N7-N8-N10,N7-N8-N10-N11,N4-N6-N7-N8
VEJGUO,3,99.88,-75.36,11.1,N10-N11-C4-C6,N11-C4-C6-C11,N8-N10-N11-C4
VEJGUO,4,-103.17,140.67,-37.39,C6-C11-C12-C14,C11-C12-C14-C15,C4-C6-C11-C12
VEJGUO,5,1.12,0.0,-155.79,C14-C15-C16-C18,C15-C16-C18-C19,C12-C14-C15-C16
VEJGUO,6,-62.22,3.83,-46.19,C18-C19-C20-C22,C19-C20-C22-C23,C16-C18-C19-C20
VEJGUO,7,89.72,-160.2,-20.36,C22-C23-C24-O5,C23-C24-O5-O6,C20-C22-C23-C24
VENXER,0,39.34,18.0,-161.26,C3-O1-C62-C61,O1-C62-C61-C60,C4-C3-O1-C62
VENXER,1,39.34,-11.56,-161.26,C3-O1-C62-C61,O1-C62-C61-C58,C4-C3-O1-C62
VENXER,2,-114.64,33.32,97.97,C11-N2-C4-C3,N2-C4-C3-O1,C12-C11-N2-C4
VENXER,3,127.25,-168.57,-138.91,C19-C13-C12-C11,C13-C12-C11-N2,C20-C19-C13-C12
VENXER,4,11.85,-58.62,-24.47,C25-C22-C20-C19,C22-C20-C19-C13,C26-C25-C22-C20
VENXER,5,-17.42,-128.42,164.96,C31-C27-C26-C25,C27-C26-C25-N5,C32-C31-C27-C26
VENXER,6,-17.42,-125.04,164.96,C31-C27-C26-C25,C27-C26-C25-C22,C32-C31-C27-C26
VENXER,7,153.84,-20.05,-100.02,C34-N6-C32-C31,N6-C32-C31-C30,C35-C34-N6-C32
VENXER,8,153.84,-10.2,-100.02,C34-N6-C32-C31,N6-C32-C31-C27,C35-C34-N6-C32
VENXER,9,-76.83,-119.71,157.12,C42-C36-C35-C34,C36-C35-C34-N6,C43-C42-C36-C35
VENXER,10,-120.51,14.39,140.07,C50-C44-C43-C42,C44-C43-C42-C36,O9-C50-C44-C43
VENXER,11,-132.04,86.45,-133.33,C56-C52-O9-C50,C52-O9-C50-C44,C57-C56-C52-O9
VENXER,12,-6.16,36.06,-111.78,C61-C58-C57-C56,C58-C57-C56-C55,C62-C61-C58-C57
VENXER,13,-6.16,10.99,-111.78,C61-C58-C57-C56,C58-C57-C56-C52,C62-C61-C58-C57
VEYLEQ,0,-112.99,-112.27,-64.35,C5-C4-C46-C45,C4-C46-C45-O7,O1-C5-C4-C46
VEYLEQ,1,-66.1,-174.17,161.02,N3-C6-O1-C5,C6-O1-C5-C4,C11-N3-C6-O1
VEYLEQ,2,173.38,119.63,-130.2,N4-C13-C11-N3,C13-C11-N3-C6,C20-N4-C13-C11
VEYLEQ,3,93.64,159.56,116.65,N5-C22-C20-N4,C22-C20-N4-C13,C29-N5-C22-C20
VEYLEQ,4,127.55,103.4,112.39,C35-C31-C29-N5,C31-C29-N5-C22,O5-C35-C31-C29
VEYLEQ,5,-75.69,-161.76,171.07,C40-C36-O5-C35,C36-O5-C35-C34,C41-C40-C36-O5
VEYLEQ,6,-75.69,152.75,171.07,C40-C36-O5-C35,C36-O5-C35-C31,C41-C40-C36-O5
VEYLEQ,7,-105.76,-58.6,-141.36,C42-N7-C41-C40,N7-C41-C40-C39,C43-C42-N7-C41
VEYLEQ,8,-105.76,-107.93,-141.36,C42-N7-C41-C40,N7-C41-C40-C36,C43-C42-N7-C41
VEYLEQ,9,58.43,-151.2,-123.82,C45-O7-C43-C42,O7-C43-C42-N7,C46-C45-O7-C43
VPGVGB10,0,-18.55,-88.09,2.68,C4-C3-C9C-C5C,C3-C9C-C5C-C13D,C5-C4-C3-C9C
VPGVGB10,1,150.71,-57.12,-173.51,C6-N2-C5-C4,N2-C5-C4-C3,C7-C6-N2-C5
VPGVGB10,2,23.52,-6.65,-176.41,C11-C9-C7-C6,C9-C7-C6-N2,C12-C11-C9-C7
VPGVGB10,3,-176.32,-7.01,128.23,C13-N4-C12-C11,N4-C12-C11-N3,C14-C13-N4-C12
VPGVGB10,4,-176.32,19.41,128.23,C13-N4-C12-C11,N4-C12-C11-C9,C14-C13-N4-C12
VPGVGB10,5,-29.61,179.16,-84.87,C17-C16-C14-C13,C16-C14-C13-N4,O4-C17-C16-C14
VPGVGB10,6,156.44,-113.38,52.41,C19-C18-O4-C17,C18-O4-C17-C16,O5-C19-C18-O4
VPGVGB10,7,-52.52,116.64,22.18,N1D-C18C-O5-C19,C18C-O5-C19-C18,O5D-N1D-C18C-O5
VPGVGB10,8,47.47,-142.29,-48.31,C13C-C1D-O5D-N1D,C1D-O5D-N1D-C18C,O4C-C13C-C1D-O5D
VPGVGB10,9,63.65,-46.23,136.51,O1D-C4D-O4C-C13C,C4D-O4C-C13C-C5D,N2D-O1D-C4D-O4C
VPGVGB10,10,63.65,-40.12,136.51,O1D-C4D-O4C-C13C,C4D-O4C-C13C-C1D,N2D-O1D-C4D-O4C
VPGVGB10,11,-110.64,-134.47,-22.76,C6D-C14C-N2D-O1D,C14C-N2D-O1D-C4D,C9D-C6D-C14C-N2D
VPGVGB10,12,158.58,-0.5,-0.37,C16C-C15C-C9D-C6D,C15C-C9D-C6D-C14C,C7D-C16C-C15C-C9D
VPGVGB10,13,-23.36,145.21,150.74,C11C-C8D-C7D-C16C,C8D-C7D-C16C-C15C,O3C-C11C-C8D-C7D
VPGVGB10,14,-83.73,-16.22,17.84,C12D-N3D-O3C-C11C,N3D-O3C-C11C-C8D,C6C-C12D-N3D-O3C
VPGVGB10,15,32.1,-122.34,8.07,N4D-O3D-C6C-C12D,O3D-C6C-C12D-C10C,N2C-N4D-O3D-C6C
VPGVGB10,16,32.1,152.0,8.07,N4D-O3D-C6C-C12D,O3D-C6C-C12D-N3D,N2C-N4D-O3D-C6C
VPGVGB10,17,142.52,97.72,23.43,C5C-C13D-N2C-N4D,C13D-N2C-N4D-O3D,C9C-C5C-C13D-N2C
VUJRIE,0,84.85,72.71,43.05,N6-O6-C38-C39,O6-C38-C39-C41,C28-N6-O6-C38
VUJRIE,1,-2.2,-59.23,,C23-N7-C28-N6,N7-C28-N6-O6,
VUJRIE,2,165.07,118.03,,N11-C47-C49-N12,C47-C49-N12-C14,
VUJRIE,3,7.37,-160.59,126.46,N12-C14-C12-C5,C14-C12-C5-C3,C49-N12-C14-C12
VUJROK,0,-33.36,-164.97,-96.04,C62-C61-C79-C81,C61-C79-C81-C83,C63-C62-C61-C79
VUJROK,1,0.08,55.41,,C65-C64-C63-C62,C64-C63-C62-C61,
VUJROK,2,102.36,85.84,,C99-O24-C100-C58,O24-C100-C58-C56,
VUJROK,3,146.82,-177.96,-39.57,C58-C56-N13-C54,C56-N13-C54-C53,C100-C58-C56-N13
VUJRUQ,0,118.94,160.0,4.03,C28-C27-C39-C41,C27-C39-C41-C43,N7-C28-C27-C39
VUJRUQ,1,-120.8,-32.68,,C31-C23-N7-C28,C23-N7-C28-C27,
VUJRUQ,2,159.57,-75.3,,C48-C49-N12-C102,C49-N12-C102-C17,
VUJRUQ,3,39.41,-45.66,-173.85,C102-C17-C13-C10,C17-C13-C10-C5,N12-C102-C17-C13
WALDEW,0,10.62,4.88,-8.01,N3B-N2B-N1B-C11B,N2B-N1B-C11B-C2B,C29-N3B-N2B-N1B
WALDEW,1,91.55,147.68,-109.73,C11B-C2B-C13B-C3B,C2B-C13B-C3B-C15B,N1B-C11B-C2B-C13B
WALDEW,2,48.84,108.68,-26.24,C3B-C15B-C10B-O4,C15B-C10B-O4-N5,C13B-C3B-C15B-C10B
WALDEW,3,26.41,-4.88,-30.67,O4-N5-N6-C17,N5-N6-C17-C21,C10B-O4-N5-N6
WALDEW,4,-91.55,-147.68,109.73,C17-C21-C22-C24,C21-C22-C24-C28,N6-C17-C21-C22
WALDEW,5,-45.7,-53.61,26.24,C24-C28-C29-N3B,C28-C29-N3B-N2B,C22-C24-C28-C29
WEXPUK,0,-118.72,-102.93,-39.6,N12-C48-C47-N11,C48-C47-N11-O14,C50-N12-C48-C47
WEXPUK,1,-133.8,160.62,-10.68,N13-C51-C50-N12,C51-C50-N12-C48,C55-N13-C51-C50
WEXPUK,2,-2.62,-143.29,,C58-C57-C55-N13,C57-C55-N13-C54,
WEXPUK,3,-2.62,-143.24,,C58-C57-C55-N13,C57-C55-N13-C51,
WIPYAV,0,-85.29,-102.44,,C12-C13-S1-C15,C13-S1-C15-C16,
WIPYAV,1,-27.82,-66.38,-101.94,C15-C16-C21-C23,C16-C21-C23-C24,S1-C15-C16-C21
WIQQUL,0,146.55,156.81,63.59,O5-O6-O7-O9,O6-O7-O9-O14,C39-O5-O6-O7
WIQQUL,1,164.67,-121.37,-23.62,O9-O14-O15-N1,O14-O15-N1-N6,O7-O9-O14-O15
WIQQUL,2,-0.25,62.76,41.45,N1-N6-N7-C1,N6-N7-C1-C6,O15-N1-N6-N7
WIQQUL,3,130.51,-126.02,-70.46,C1-C6-C7-C9,C6-C7-C9-C14,N7-C1-C6-C7
WIQQUL,4,78.23,146.15,47.35,C9-C14-C15-C17,C14-C15-C17-C22,C7-C9-C14-C15
WIQQUL,5,67.53,25.33,-64.36,C17-C22-C23-C25,C22-C23-C25-C30,C15-C17-C22-C23
WIQQUL,6,-108.21,-135.07,-134.1,C25-C30-C31-C33,C30-C31-C33-C38,C23-C25-C30-C31
WIQQUL,7,-99.99,-7.38,27.98,C33-C38-C39-O5,C38-C39-O5-O6,C31-C33-C38-C39
WIXWEJ,0,-37.65,59.71,-162.7,C33-C30-C103-C102,C30-C103-C102-C91,C34-C33-C30-C103
WIXWEJ,1,-152.01,-149.84,,C40-N7-C34-C33,N7-C34-C33-C30,
WIXWEJ,2,-12.37,37.61,-86.33,C62-C61-C105-C107,C61-C105-C107-C108,C63-C62-C61-C105
WIXWEJ,3,22.43,123.21,118.52,C69-C65-C63-C62,C65-C63-C62-C61,C70-C69-C65-C63
WIXWEJ,4,22.82,104.79,109.97,C75-N14-C70-C69,N14-C70-C69-C65,C76-C75-N14-C70
WIXWEJ,5,21.83,100.76,-156.45,C88-C78-C76-C75,C78-C76-C75-N14,C89-C88-C78-C76
WIXWEJ,6,114.83,-93.72,-174.64,C102-C91-C89-C88,C91-C89-C88-C78,C103-C102-C91-C89
WIXWEJ,7,163.87,-16.68,166.94,C107-C108-C114-O21,C108-C114-O21-C12,C105-C107-C108-C114
WOVKAX,0,-179.65,-4.98,-166.94,C14-C13-N101-C99,C13-N101-C99-C92,C15-C14-C13-N101
WOVKAX,1,161.63,27.18,-139.7,C25-C21-C15-C14,C21-C15-C14-C13,C26-C25-C21-C15
WOVKAX,2,-15.01,9.58,-114.16,C32-C31-C26-C25,C31-C26-C25-C21,O32-C32-C31-C26
WOVKAX,3,18.4,-14.91,129.24,C42-C34-O32-C32,C34-O32-C32-C31,O42-C42-C34-O32
WOVKAX,4,46.69,62.88,110.43,C52-C44-O42-C42,C44-O42-C42-C41,O52-C52-C44-O42
WOVKAX,5,46.69,125.63,110.43,C52-C44-O42-C42,C44-O42-C42-C34,O52-C52-C44-O42
WOVKAX,6,27.69,67.83,-156.04,C62-C54-O52-C52,C54-O52-C52-C44,O62-C62-C54-O52
WOVKAX,7,-44.0,-46.05,44.53,O72-C64-O62-C62,C64-O62-C62-C54,C73-O72-C64-O62
WOVKAX,8,-100.85,-129.45,43.99,C76-C75-C73-O72,C75-C73-O72-C64,N81-C76-C75-C73
WOVKAX,9,-168.29,99.27,75.05,C86-C82-N81-C76,C82-N81-C76-C75,N91-C86-C82-N81
WOVKAX,10,-168.2,168.77,125.35,C99-C92-N91-C86,C92-N91-C86-C85,N101-C99-C92-N91
WOVKAX,11,-168.2,141.83,125.35,C99-C92-N91-C86,C92-N91-C86-C82,N101-C99-C92-N91
WOVKEB,0,161.09,29.53,-169.04,C14-C13-N101-C99,C13-N101-C99-C92,C15-C14-C13-N101
WOVKEB,1,-136.78,40.14,-146.74,C25-C21-C15-C14,C21-C15-C14-C13,C26-C25-C21-C15
WOVKEB,2,90.55,48.92,124.07,C32-C31-C26-C25,C31-C26-C25-C21,O32-C32-C31-C26
WOVKEB,3,35.87,24.6,-132.16,C42-C34-O32-C32,C34-O32-C32-C31,O42-C42-C34-O32
WOVKEB,4,8.35,35.5,43.12,C52-C44-O42-C42,C44-O42-C42-C41,O52-C52-C44-O42
WOVKEB,5,8.35,111.02,43.12,C52-C44-O42-C42,C44-O42-C42-C34,O52-C52-C44-O42
WOVKEB,6,34.35,107.96,-155.74,C62-C54-O52-C52,C54-O52-C52-C44,O62-C62-C54-O52
WOVKEB,7,-59.92,-70.22,24.23,O72-C64-O62-C62,C64-O62-C62-C54,C73-O72-C64-O62
WOVKEB,8,97.28,168.43,-43.42,C76-C75-C73-O72,C75-C73-O72-C64,N81-C76-C75-C73
WOVKEB,9,-160.44,-102.84,-88.17,C86-C82-N81-C76,C82-N81-C76-C75,N91-C86-C82-N81
WOVKEB,10,-159.87,-161.75,133.87,C99-C92-N91-C86,C92-N91-C86-C85,N101-C99-C92-N91
WOVKEB,11,-159.87,-5.5,133.87,C99-C92-N91-C86,C92-N91-C86-C82,N101-C99-C92-N91
WUPWAG,0,-133.66,52.89,,O14-C33-C38-O16,C33-C38-O16-C39,
WUPWAG,1,-6.35,-46.74,-178.32,O16-C39-N2-C41,C39-N2-C41-C42,C38-O16-C39-N2
WUPWAG,2,-34.97,81.16,29.78,C41-C42-O17-C44,C42-O17-C44-C45,N2-C41-C42-O17
WUPWAG,3,108.23,72.86,-65.28,C44-C45-N5-O21,C45-N5-O21-C55,O17-C44-C45-N5
XAGGOC,0,154.22,118.21,,C5-C4-C38-C37,C4-C38-C37-C36,
XAGGOC,1,154.22,-151.7,,C5-C4-C38-C37,C4-C38-C37-C33,
XAGGOC,2,177.18,93.15,174.79,O4-C15-C13-O3,C15-C13-O3-C9,C18-O4-C15-C13
XAGGOC,3,-145.11,-165.5,-108.63,C23-C20-C18-O4,C20-C18-O4-C17,O5-C23-C20-C18
XAGGOC,4,-145.11,-176.0,-108.63,C23-C20-C18-O4,C20-C18-O4-C15,O5-C23-C20-C18
XAGGOC,5,-45.15,-143.8,140.15,O6-C25-O5-C23,C25-O5-C23-N4,C29-O6-C25-O5
XAGGOC,6,-45.15,-100.38,140.15,O6-C25-O5-C23,C25-O5-C23-C20,C29-O6-C25-O5
XAGGOC,7,100.05,101.02,75.45,O7-C31-C29-O6,C31-C29-O6-C25,C32-O7-C31-C29
XAGGOC,8,-174.2,-126.02,-32.83,C37-C33-C32-O7,C33-C32-O7-C31,C38-C37-C33-C32
XEDKOH,0,140.0,-8.44,12.75,C6-C5-O7-O6,C5-O7-O6-O1,C7-C6-C5-O7
XEDKOH,1,84.87,-91.83,131.73,C18-C9-C7-C6,C9-C7-C6-C5,C20-C18-C9-C7
XEDKOH,2,-13.85,-136.2,117.65,C30-C22-C20-C18,C22-C20-C18-C9,C31-C30-C22-C20
XEDKOH,3,-1.16,-116.97,28.33,C34-C33-C31-C30,C33-C31-C30-C22,C36-C34-C33-C31
XEDKOH,4,-58.0,93.75,-147.22,C42-C38-C36-C34,C38-C36-C34-C33,C43-C42-C38-C36
XEDKOH,5,-46.33,75.14,49.24,N4-C45-C43-C42,C45-C43-C42-C41,N6-N4-C45-C43
XEDKOH,6,-46.33,168.02,49.24,N4-C45-C43-C42,C45-C43-C42-C38,N6-N4-C45-C43
XEDKOH,7,10.17,162.81,-2.2,O6-O1-N6-N4,O1-N6-N4-C45,O7-O6-O1-N6
XEFYIU,0,-36.13,-81.31,5.29,O5-O6-O7A-O9A,O6-O7A-O9A-N4,C63-O5-O6-O7A
XEFYIU,1,157.1,-11.0,-7.01,O9A-N4-N5-C1,N4-N5-C1-C5,O7A-O9A-N4-N5
XEFYIU,2,-49.74,22.92,56.83,C1-C5-C6-C8,C5-C6-C8-C13,N5-C1-C5-C6
XEFYIU,3,-50.07,23.8,136.02,C8-C13-C14-C16,C13-C14-C16-C20,C6-C8-C13-C14
XEFYIU,4,93.54,-106.97,1.03,C16-C20-C21-C23,C20-C21-C23-C28,C14-C16-C20-C21
XEFYIU,5,119.93,-46.7,-69.36,C23-C28-C29-O13,C28-C29-O13-O18,C21-C23-C28-C29
XEFYIU,6,-97.85,81.31,-111.93,O13-O18-O19-O22,O18-O19-O22-N10,C29-O13-O18-O19
XEFYIU,7,-157.1,11.0,7.01,O22-N10-N11-C33,N10-N11-C33-C37,O19-O22-N10-N11
XEFYIU,8,49.74,-22.92,-56.83,C33-C37-C38-C40,C37-C38-C40-C45,N11-C33-C37-C38
XEFYIU,9,50.07,-23.8,-136.02,C40-C45-C46-C49,C45-C46-C49-C53,C38-C40-C45-C46
XEFYIU,10,-93.54,106.97,-1.03,C49-C53-C54-C56,C53-C54-C56-C62,C46-C49-C53-C54
XEFYIU,11,-89.38,27.45,69.36,C56-C62-C63-O5,C62-C63-O5-O6,C54-C56-C62-C63
XEFYOA,0,17.3,-18.5,65.62,O5-O6-O7A-O9,O6-O7A-O9-N4,C59-O5-O6-O7A
XEFYOA,1,-53.89,-9.83,84.59,O9-N4-N5-C1,N4-N5-C1-C5,O7A-O9-N4-N5
XEFYOA,2,-60.25,-20.68,64.67,C1-C5-C6-C8,C5-C6-C8-C12,N5-C1-C5-C6
XEFYOA,3,79.67,-17.21,108.62,C8-C12-C13-C15,C12-C13-C15-C20,C6-C8-C12-C13
XEFYOA,4,84.74,-93.96,137.29,C15-C20-C21-C23,C20-C21-C23-C28,C13-C15-C20-C21
XEFYOA,5,-155.98,104.42,149.66,C23-C28-C29-O12,C28-C29-O12-O17,C21-C23-C28-C29
XEFYOA,6,-84.64,18.5,-123.11,O12-O17-O18-O20,O17-O18-O20-N10,C29-O12-O17-O18
XEFYOA,7,53.89,9.83,-84.59,O20-N10-N11-C31,N10-N11-C31-C35,O18-O20-N10-N11
XEFYOA,8,60.25,20.68,-64.67,C31-C35-C36-C38,C35-C36-C38-C42,N11-C31-C35-C36
XEFYOA,9,-79.67,17.21,-108.62,C38-C42-C43-C45,C42-C43-C45-C50,C36-C38-C42-C43
XEFYOA,10,-84.74,93.96,-137.29,C45-C50-C51-C53,C50-C51-C53-C58,C43-C45-C50-C51
XEFYOA,11,118.53,-119.23,-149.66,C53-C58-C59-O5,C58-C59-O5-O6,C51-C53-C58-C59
XEFYUG,0,132.15,-108.92,15.99,O4-O3-O2-C59,O3-O2-C59-C58,N2-O4-O3-O2
XEFYUG,1,-38.35,-18.14,-7.43,N5-N4-N2-O4,N4-N2-O4-O3,C3-N5-N4-N2
XEFYUG,2,82.22,-37.6,-83.04,C6-C5-C3-N5,C5-C3-N5-N4,C10-C6-C5-C3
XEFYUG,3,102.88,-10.03,-70.59,C13-C12-C10-C6,C12-C10-C6-C5,C17A-C13-C12-C10
XEFYUG,4,-169.55,-15.86,-85.84,C20-C19-C17A-C13,C19-C17A-C13-C12,C24-C20-C19-C17A
XEFYUG,5,-141.75,27.18,92.13,C27-C26-C24-C20,C26-C24-C20-C19,O7-C27-C26-C24
XEFYUG,6,-139.24,115.64,-1.51,O10-O9-O7-C27,O9-O7-C27-C26,N8-O10-O9-O7
XEFYUG,7,38.35,18.14,7.43,N11-N10-N8-O10,N10-N8-O10-O9,C35-N11-N10-N8
XEFYUG,8,-82.22,37.6,83.04,C38-C37-C35-N11,C37-C35-N11-N10,C42-C38-C37-C35
XEFYUG,9,-102.88,10.03,70.59,C45-C44-C42-C38,C44-C42-C38-C37,C49-C45-C44-C42
XEFYUG,10,169.55,15.86,85.84,C52-C51-C49-C45,C51-C49-C45-C44,C56-C52-C51-C49
XEFYUG,11,141.75,-27.18,-113.43,C59-C58-C56-C52,C58-C56-C52-C51,O2-C59-C58-C56
XEFZOB,0,-2.41,-36.7,-42.0,O5-O6-O7A-O9,O6-O7A-O9-N4,C59-O5-O6-O7A
XEFZOB,1,-53.25,-11.02,175.39,O9-N4-N5-C1,N4-N5-C1-C5,O7A-O9-N4-N5
XEFZOB,2,-55.4,30.31,59.85,C1-C5-C6-C8,C5-C6-C8-C13,N5-C1-C5-C6
XEFZOB,3,-5.57,111.69,-133.24,C8-C13-C14-C16,C13-C14-C16-C21,C6-C8-C13-C14
XEFZOB,4,167.25,61.38,102.71,C16-C21-C22-C24,C21-C22-C24-C28,C14-C16-C21-C22
XEFZOB,5,-153.69,108.06,54.6,C24-C28-C29-O11,C28-C29-O11-O16,C22-C24-C28-C29
XEFZOB,6,108.28,36.7,141.87,O11-O16-O17-O19,O16-O17-O19-N10,C29-O11-O16-O17
XEFZOB,7,53.25,11.02,-175.39,O19-N10-N11-C31,N10-N11-C31-C35,O17-O19-N10-N11
XEFZOB,8,55.4,-30.31,-59.85,C31-C35-C36-C38,C35-C36-C38-C43,N11-C31-C35-C36
XEFZOB,9,5.57,-111.69,133.24,C38-C43-C44-C46,C43-C44-C46-C51,C36-C38-C43-C44
XEFZOB,10,-167.25,-61.38,-102.71,C46-C51-C52-C54,C51-C52-C54-C58,C44-C46-C51-C52
XEFZOB,11,117.65,-120.41,-54.6,C54-C58-C59-O5,C58-C59-O5-O6,C52-C54-C58-C59
XILYOJ,0,100.15,45.6,103.1,CA_15-N_15-CD1_14-CG_14,N_15-CD1_14-CG_14-N_14,C_15-CA_15-N_15-CD1_14
XILYOJ,1,-122.15,126.3,-2.77,CA_16-CB_15-C_15-CA_15,CB_15-C_15-CA_15-N_15,C_16-CA_16-CB_15-C_15
XILYOJ,2,-128.45,148.07,-125.35,CA_17-CB_16-C_16-CA_16,CB_16-C_16-CA_16-CB_15,C_17-CA_17-CB_16-C_16
XILYOJ,3,134.74,-134.0,146.9,CA_18-CB_17-C_17-CA_17,CB_17-C_17-CA_17-CB_16,C_18-CA_18-CB_17-C_17
XILYOJ,4,-124.25,139.65,-143.9,CA_19-CB_18-C_18-CA_18,CB_18-C_18-CA_18-CB_17,C_19-CA_19-CB_18-C_18
XILYOJ,5,129.6,-141.22,-117.13,CA_20-CB_19-C_19-CA_19,CB_19-C_19-CA_19-CB_18,C_20-CA_20-CB_19-C_19
XILYOJ,6,-136.51,-106.63,,CA_21-CB_20-C_20-CA_20,CB_20-C_20-CA_20-CB_19,
XINPAN,0,-78.35,-100.25,-38.74,C14A-C13A-C63A-C62A,C13A-C63A-C62A-N60A,C15A-C14A-C13A-C63A
XINPAN,1,130.87,118.42,97.22,C24A-N20A-C15A-C14A,N20A-C15A-C14A-C13A,C25A-C24A-N20A-C15A
XINPAN,2,-144.78,-102.7,-8.92,C32A-N30A-C25A-C24A,N30A-C25A-C24A-N20A,C33A-C32A-N30A-C25A
XINPAN,3,-100.25,-80.25,-140.84,C44A-N40A-C33A-C32A,N40A-C33A-C32A-N30A,C45A-C44A-N40A-C33A
XINPAN,4,143.78,126.7,-8.04,C54A-N50A-C45A-C44A,N50A-C45A-C44A-N40A,C55A-C54A-N50A-C45A
XINPAN,5,-115.91,-131.71,-22.81,C62A-N60A-C55A-C54A,N60A-C55A-C54A-N50A,C63A-C62A-N60A-C55A
YAGKOG,0,-69.8,60.1,-52.5,C5-C4-O10-C53,C4-O10-C53-C49,C6-C5-C4-O10
YAGKOG,1,-23.21,-87.24,-124.47,C10-N1-C6-C5,N1-C6-C5-C4,C11-C10-N1-C6
YAGKOG,2,43.81,2.76,90.19,C20-O3-C11-C10,O3-C11-C10-C9,O4-C20-O3-C11
YAGKOG,3,43.81,-24.61,90.19,C20-O3-C11-C10,O3-C11-C10-N1,O4-C20-O3-C11
YAGKOG,4,122.59,3.89,-69.98,C29-C22-O4-C20,C22-O4-C20-O3,C30-C29-C22-O4
YAGKOG,5,98.76,24.15,,C34-O6-C30-C29,O6-C30-C29-C22,
YAGKOG,6,91.99,72.69,177.93,C48-C43-O8-C41,C43-O8-C41-C40,O9-C48-C43-O8
YAGKOG,7,-151.21,121.6,179.33,C53-C49-O9-C48,C49-O9-C48-C43,O10-C53-C49-O9
YAGKOG10,0,-71.05,60.08,-52.38,C5-C4-O10-C53,C4-O10-C53-C49,C6-C5-C4-O10
YAGKOG10,1,-23.11,-88.18,-123.93,C10-N1-C6-C5,N1-C6-C5-C4,C11-C10-N1-C6
YAGKOG10,2,43.85,2.28,90.45,C20-O3-C11-C10,O3-C11-C10-C9,O4-C20-O3-C11
YAGKOG10,3,43.85,-24.73,90.45,C20-O3-C11-C10,O3-C11-C10-N1,O4-C20-O3-C11
YAGKOG10,4,122.13,4.16,-70.12,C29-C22-O4-C20,C22-O4-C20-O3,C30-C29-C22-O4
YAGKOG10,5,98.18,24.02,,C34-O6-C30-C29,O6-C30-C29-C22,
YAGKOG10,6,91.76,73.31,177.96,C48-C43-O8-C41,C43-O8-C41-C40,O9-C48-C43-O8
YAGKOG10,7,-151.06,121.95,179.86,C53-C49-O9-C48,C49-O9-C48-C43,O10-C53-C49-O9
YAXQIX,0,99.89,115.7,,O6-O7-N7-C1,O7-N7-C1-C3,
YAXQIX,1,-155.21,7.38,51.29,C1-C3-C5-C7,C3-C5-C7-C8,N7-C1-C3-C5
YAXQIX,2,-166.44,173.34,-33.33,C7-C8-C16-C18,C8-C16-C18-C20,C5-C7-C8-C16
YAXQIX,3,62.03,127.84,0.71,C18-C20-C22-C24,C20-C22-C24-C25,C16-C18-C20-C22
YAXQIX,4,0.91,-70.09,-121.05,C24-C25-C34-C36,C25-C34-C36-C38,C22-C24-C25-C34
YAXQIX,5,156.78,144.32,7.51,C36-C38-C40-C42,C38-C40-C42-C43,C34-C36-C38-C40
YAXQIX,6,-109.98,126.73,-159.53,C42-C43-C51-C53,C43-C51-C53-O2,C40-C42-C43-C51
YICMUS,0,71.74,-134.67,62.72,C7-C6-O61-C36,C6-O61-C36-C35,C8-C7-C6-O61
YICMUS,1,-65.52,-0.55,43.97,O59-C10-C8-C7,C10-C8-C7-C6,C17-O59-C10-C8
YICMUS,2,30.8,-133.99,,O60-C19-C17-O59,C19-C17-O59-C10,
YICMUS,3,-118.86,25.29,-124.0,C36-C35-C34-C33,C35-C34-C33-C32,O61-C36-C35-C34
YILMUB,0,-150.53,10.75,-138.43,C5-C4-C11A-C6C,C4-C11A-C6C-C13C,C6-C5-C4-C11A
YILMUB,1,101.89,33.99,42.68,C11-O1-C6-C5,O1-C6-C5-C4,C13-C11-O1-C6
YILMUB,2,169.18,92.71,98.38,C9C-C13A-C13-C11,C13A-C13-C11-O1,C1A-C9C-C13A-C13
YILMUB,3,93.34,112.0,-120.15,O1C-C7C-C1A-C9C,C7C-C1A-C9C-C13A,C12C-O1C-C7C-C1A
YILMUB,4,-136.9,74.52,53.98,C6A-O1A-C12C-O1C,O1A-C12C-O1C-C7C,C8A-C6A-O1A-C12C
YILMUB,5,-133.22,-135.3,12.93,C6C-C13C-C8A-C6A,C13C-C8A-C6A-O1A,C11A-C6C-C13C-C8A
YIRPOG,0,-48.04,-62.93,,CG_1-CB_1-CB_10-CA_10,CB_1-CB_10-CA_10-O_10,
YIRPOG,1,113.03,13.18,127.81,CG_3-C_3-CE2_2-CE1_2,C_3-CE2_2-CE1_2-O_2,CD_3-CG_3-C_3-CE2_2
YIRPOG,2,111.48,56.45,,C_5-N_4-CD_3-CG_3,N_4-CD_3-CG_3-CB_3,
YIRPOG,3,111.48,-1.9,,C_5-N_4-CD_3-CG_3,N_4-CD_3-CG_3-C_3,
YIRPOG,4,-0.1,-179.6,,O_6-CI_5-CE_5-CD_5,CI_5-CE_5-CD_5-CG_5,
YIRPOG,5,126.54,-43.4,-27.17,O_8-CE1_7-CG_7-CB_7,CE1_7-CG_7-CB_7-CD_6,CA_8-O_8-CE1_7-CG_7
YIRPOG,6,-62.68,123.58,,CG1_9-CG_8-CA_8-O_8,CG_8-CA_8-O_8-C_8,
YIRPOG,7,-62.68,-94.42,,CG1_9-CG_8-CA_8-O_8,CG_8-CA_8-O_8-CE1_7,
YIYJUN,0,114.6,102.65,29.02,N5-O6-O4-O3,O6-O4-O3-O2,N6-N5-O6-O4
YIYJUN,1,161.53,158.59,-172.78,C1-N8-N6-N5,N8-N6-N5-N4,C3-C1-N8-N6
YIYJUN,2,161.53,58.2,-172.78,C1-N8-N6-N5,N8-N6-N5-O6,C3-C1-N8-N6
YIYJUN,3,-28.26,-42.03,-156.72,C6-C5-C3-C1,C5-C3-C1-N8,C7-C6-C5-C3
YIYJUN,4,160.78,-123.77,,C14-C9-C7-C6,C9-C7-C6-C5,
YIYJUN,5,114.6,114.41,29.02,N13-O12-O10-O9,O12-O10-O9-O7,N14-N13-O12-O10
YIYJUN,6,161.53,158.59,-172.78,C31-N16-N14-N13,N16-N14-N13-N12,C33-C31-N16-N14
YIYJUN,7,161.53,58.2,-172.78,C31-N16-N14-N13,N16-N14-N13-O12,C33-C31-N16-N14
YIYJUN,8,-28.26,-42.03,-156.72,C36-C35-C33-C31,C35-C33-C31-N16,C37-C36-C35-C33
YIYJUN,9,160.78,-123.77,,C44-C39-C37-C36,C39-C37-C36-C35,
YODLAG,0,169.84,49.25,43.75,CG_1-CB_1-CE2_10-CE1_10,CB_1-CE2_10-CE1_10-N_10,CD_1-CG_1-CB_1-CE2_10
YODLAG,1,83.98,64.95,-27.22,CD_2-N_2-CD_1-CG_1,N_2-CD_1-CG_1-CB_1,NZ_2-CD_2-N_2-CD_1
YODLAG,2,-45.18,-25.39,132.04,CD1_3-N_3-NZ_2-CD_2,N_3-NZ_2-CD_2-N_2,CD2_3-CD1_3-N_3-NZ_2
YODLAG,3,-98.44,-47.47,75.74,CB_4-N_4-CD2_3-CD1_3,N_4-CD2_3-CD1_3-N_3,CG_4-CB_4-N_4-CD2_3
YODLAG,4,60.16,172.56,70.04,CD2_5-NZ_4-CG_4-CB_4,NZ_4-CG_4-CB_4-CA_4,CE1_5-CD2_5-NZ_4-CG_4
YODLAG,5,60.16,165.75,70.04,CD2_5-NZ_4-CG_4-CB_4,NZ_4-CG_4-CB_4-N_4,CE1_5-CD2_5-NZ_4-CG_4
YODLAG,6,-55.79,148.27,-32.77,CB_6-CZ_5-CE1_5-CD2_5,CZ_5-CE1_5-CD2_5-NZ_4,CG_6-CB_6-CZ_5-CE1_5
YODLAG,7,155.9,122.93,102.31,CD_7-N_7-CG_6-CB_6,N_7-CG_6-CB_6-CZ_5,NZ_7-CD_7-N_7-CG_6
YODLAG,8,-81.64,53.03,175.54,CD1_8-C_8-NZ_7-CD_7,C_8-NZ_7-CD_7-N_7,CD2_8-CD1_8-C_8-NZ_7
YODLAG,9,-110.65,51.41,136.58,CG_9-C_9-CD2_8-CD1_8,C_9-CD2_8-CD1_8-C_8,CD_9-CG_9-C_9-CD2_8
YODLAG,10,146.07,89.46,-74.18,CE1_10-N_10-CD_9-CG_9,N_10-CD_9-CG_9-CB_9,CE2_10-CE1_10-N_10-CD_9
YODLAG,11,146.07,28.19,-74.18,CE1_10-N_10-CD_9-CG_9,N_10-CD_9-CG_9-C_9,CE2_10-CE1_10-N_10-CD_9
YOKLEP,0,35.28,-71.26,-87.6,C37-O9-C65-C67,O9-C65-C67-S8,C38-C37-O9-C65
YOKLEP,1,-90.31,24.15,13.7,C50-C46-C54-C56,C46-C54-C56-C57,C52-C50-C46-C54
YOKLEP,2,-90.31,-0.25,13.7,C50-C46-C54-C56,C46-C54-C56-C43,C52-C50-C46-C54
YOKLEP,3,129.0,-21.94,71.54,C56-C43-C52-C50,C43-C52-C50-C46,C54-C56-C43-C52
YOKLEP,4,-170.69,47.93,118.22,C67-S8-C38-C37,S8-C38-C37-N7,C65-C67-S8-C38
YOKLEP,5,-170.69,79.35,118.22,C67-S8-C38-C37,S8-C38-C37-O9,C65-C67-S8-C38
YOLRUO,0,-136.89,-131.79,120.15,C3A-C2A-O36A-O35A,C2A-O36A-O35A-C27A,C4A-C3A-C2A-O36A
YOLRUO,1,-60.06,22.99,130.12,C17A-C6A-C4A-C3A,C6A-C4A-C3A-C2A,C18A-C17A-C6A-C4A
YOLRUO,2,-159.77,-109.76,96.5,C24A-C20A-C18A-C17A,C20A-C18A-C17A-C6A,C25A-C24A-C20A-C18A
YOLRUO,3,-20.19,152.72,-143.39,O35A-C27A-C25A-C24A,C27A-C25A-C24A-C23A,O36A-O35A-C27A-C25A
YOLRUO,4,-20.19,173.84,-143.39,O35A-C27A-C25A-C24A,C27A-C25A-C24A-C20A,O36A-O35A-C27A-C25A
YUXJUA,0,-139.91,-55.2,,C254-C274-C249-C298,C274-C249-C298-C286,
YUXJUA,1,90.32,143.16,-9.78,C298-C286-C289-C293,C286-C289-C293-C301,C249-C298-C286-C289
YUXJUA,2,5.49,1.54,-115.94,C293-C301-C294-C304,C301-C294-C304-C130,C289-C293-C301-C294
YUXJUA,3,-128.5,158.37,-2.25,C304-C130-O26-O9,C130-O26-O9-O14,C294-C304-C130-O26
ZADREB,0,-94.68,57.6,-7.35,C14-C13-C68-C67,C13-C68-C67-N10,N1-C14-C13-C68
ZADREB,1,-158.46,-104.54,7.46,C20-C17-N1-C14,C17-N1-C14-C13,N2-C20-C17-N1
ZADREB,2,103.11,-8.29,-175.45,O8-O7-N2-C20,O7-N2-C20-C17,C27-O8-O7-N2
ZADREB,3,144.17,-168.24,24.38,O9-C29-C27-O8,C29-C27-O8-O7,C34-O9-C29-C27
ZADREB,4,-116.37,-1.38,-163.19,C37-C36-C34-O9,C36-C34-O9-C29,O10-C37-C36-C34
ZADREB,5,177.39,-105.94,165.56,C41-C39-O10-C37,C39-O10-C37-C36,C42-C41-C39-O10
ZADREB,6,-138.05,29.2,56.49,N7-C43-C42-C41,C43-C42-C41-C39,O12-N7-C43-C42
ZADREB,7,17.95,89.31,36.9,N8-C49-O12-N7,C49-O12-N7-C43,C50-N8-C49-O12
ZADREB,8,29.09,-21.13,-56.65,N9-C51-C50-N8,C51-C50-N8-C49,C57-N9-C51-C50
ZADREB,9,-174.9,-11.17,112.6,C59-C58-C57-N9,C58-C57-N9-C51,C61-C59-C58-C57
ZADREB,10,0.57,33.95,-86.49,C67-N10-C61-C59,N10-C61-C59-C58,C68-C67-N10-C61
ZAJDUJ,0,75.27,-64.49,-37.51,C3-C2-C61-C59,C2-C61-C59-N11,S1-C3-C2-C61
ZAJDUJ,1,-27.66,120.27,99.23,C14-O1-S1-C3,O1-S1-C3-C2,C16-C14-O1-S1
ZAJDUJ,2,-154.07,85.3,-77.35,O4-N3-C16-C14,N3-C16-C14-O1,C20-O4-N3-C16
ZAJDUJ,3,-90.25,179.1,26.26,O5-C22-C20-O4,C22-C20-O4-N3,C27-O5-C22-C20
ZAJDUJ,4,-88.29,-72.03,-50.81,C32-C29-C27-O5,C29-C27-O5-C22,C34-C32-C29-C27
ZAJDUJ,5,99.28,-155.09,-107.22,C38-C36-C34-C32,C36-C34-C32-C29,O7-C38-C36-C34
ZAJDUJ,6,115.02,-124.18,177.08,C41-C39-O7-C38,C39-O7-C38-C36,O8-C41-C39-O7
ZAJDUJ,7,-166.95,178.26,137.01,C45-C42-O8-C41,C42-O8-C41-C39,C47-C45-C42-O8
ZAJDUJ,8,99.15,14.66,1.23,C50-C49-C47-C45,C49-C47-C45-C42,C51-C50-C49-C47
ZAJDUJ,9,-36.93,30.38,-143.47,C56-N10-C51-C50,N10-C51-C50-C49,C58-C56-N10-C51
ZAJDUJ,10,-43.5,95.27,-160.42,C59-N11-C58-C56,N11-C58-C56-N10,C61-C59-N11-C58
ZARZOH,0,80.08,-116.35,-81.15,O5-O3-C37-C35,O3-C37-C35-C33,N5-O5-O3-C37
ZARZOH,1,122.41,-8.35,-16.87,O11-N1-N5-O5,N1-N5-O5-O3,N9-O11-N1-N5
ZARZOH,2,122.41,-40.75,-16.87,O11-N1-N5-O5,N1-N5-O5-O7,N9-O11-N1-N5
ZARZOH,3,166.89,-107.01,86.61,C3-C1-N9-O11,C1-N9-O11-O9,C5-C3-C1-N9
ZARZOH,4,166.89,8.21,86.61,C3-C1-N9-O11,C1-N9-O11-N1,C5-C3-C1-N9
ZARZOH,5,23.85,-5.93,-67.32,C13-C9-C5-C3,C9-C5-C3-C1,C25-C13-C9-C5
ZARZOH,6,31.75,-142.47,-89.88,C19-C21-C25-C13,C21-C25-C13-C9,C29-C19-C21-C25
ZARZOH,7,31.75,80.6,-89.88,C19-C21-C25-C13,C21-C25-C13-C15,C29-C19-C21-C25
ZARZOH,8,-10.7,169.31,83.61,C35-C33-C29-C19,C33-C29-C19-C17,C37-C35-C33-C29
ZARZOH,9,-10.7,23.01,83.61,C35-C33-C29-C19,C33-C29-C19-C21,C37-C35-C33-C29
ZAZQIA,0,-78.35,-172.98,-30.69,C2-C1-C70-C69,C1-C70-C69-N10,C3-C2-C1-C70
ZAZQIA,1,-18.94,22.32,64.54,C11-C5-C3-C2,C5-C3-C2-C1,C12-C11-C5-C3
ZAZQIA,2,161.82,28.05,-60.33,C20-C14-C12-C11,C14-C12-C11-C5,C21-C20-C14-C12
ZAZQIA,3,-64.14,-6.25,33.26,C25-C23-C21-C20,C23-C21-C20-C14,C26-C25-C23-C21
ZAZQIA,4,-152.51,96.87,-149.99,C34-N5-C26-C25,N5-C26-C25-C24,C35-C34-N5-C26
ZAZQIA,5,-152.51,116.37,-149.99,C34-N5-C26-C25,N5-C26-C25-C23,C35-C34-N5-C26
ZAZQIA,6,133.72,159.44,135.04,C37-N6-C35-C34,N6-C35-C34-N5,C38-C37-N6-C35
ZAZQIA,7,44.8,-3.33,48.51,C46-C40-C38-C37,C40-C38-C37-N6,C47-C46-C40-C38
ZAZQIA,8,142.23,33.45,163.8,C55-C49-C47-C46,C49-C47-C46-C40,C56-C55-C49-C47
ZAZQIA,9,-167.22,-11.13,-31.28,C60-C58-C56-C55,C58-C56-C55-C49,C61-C60-C58-C56
ZAZQIA,10,-125.58,101.7,-161.72,C69-N10-C61-C60,N10-C61-C60-C59,C70-C69-N10-C61
ZAZQIA,11,-125.58,121.07,-161.72,C69-N10-C61-C60,N10-C61-C60-C58,C70-C69-N10-C61
ZEYXOT,0,113.85,65.57,11.38,O00N-O00M-C035-C031,O00M-C035-C031-C022,O00Q-O00N-O00M-C035
ZEYXOT,1,-61.45,86.89,109.92,O029-O01S-O00Q-O00N,O01S-O00Q-O00N-O00M,O041-O029-O01S-O00Q
ZEYXOT,2,-137.55,16.71,82.91,N02B-O068-O041-O029,O068-O041-O029-O01S,N03Q-N02B-O068-O041
ZEYXOT,3,-36.53,50.28,,N04E-N4AA-N03Q-N02B,N4AA-N03Q-N02B-O068,
ZEYXOT,4,48.67,74.9,-76.19,C031-C022-C06B-C06A,C022-C06B-C06A-C05W,C035-C031-C022-C06B
ZICHUQ,0,-27.31,29.42,112.52,O15-N106-C116-C112,N106-C116-C112-C83,C104-O15-N106-C116
ZICHUQ,1,-32.2,27.18,,C109-N96-C104-O15,N96-C104-O15-N106,
ZICSEN,0,-22.21,5.07,137.55,S2-S3-O6-O4,S3-O6-O4-O3,C45-S2-S3-O6
ZICSEN,1,-178.45,-131.75,,C7-C8-C9-C11,C8-C9-C11-C13,
ZICSEN,2,117.77,5.11,-55.87,C11-C13-C20-C18,C13-C20-C18-C17,C9-C11-C13-C20
ZICSEN,3,-70.27,59.58,,C43-C44-C45-S2,C44-C45-S2-S3,
ZIGWEV,0,76.97,13.44,23.81,O6-O5-C36-C35,O5-C36-C35-C28,O7-O6-O5-C36
ZIGWEV,1,99.61,-27.5,52.97,C1-N1-O7-O6,N1-O7-O6-O5,C2-C1-N1-O7
ZIGWEV,2,-122.81,33.09,11.0,C6-C4-C2-C1,C4-C2-C1-N1,C7-C6-C4-C2
ZIGWEV,3,91.87,4.74,-51.29,C11-C9-C7-C6,C9-C7-C6-C4,C12-C11-C9-C7
ZIGWEV,4,-68.57,53.89,12.31,C18-C14-C12-C11,C14-C12-C11-N10,C19-C18-C14-C12
ZIGWEV,5,-68.57,104.99,12.31,C18-C14-C12-C11,C14-C12-C11-C9,C19-C18-C14-C12
ZIGWEV,6,-86.52,31.59,117.8,C22-C21-C19-C18,C21-C19-C18-C17,C23-C22-C21-C19
ZIGWEV,7,-86.52,55.82,117.8,C22-C21-C19-C18,C21-C19-C18-C14,C23-C22-C21-C19
ZIGWEV,8,-146.4,23.69,122.45,C26-C25-C23-C22,C25-C23-C22-C21,C27-C26-C25-C23
ZIGWEV,9,-111.0,11.92,6.28,C35-C28-C27-C26,C28-C27-C26-C25,C36-C35-C28-C27
ZIGWIZ,0,2.65,-54.0,135.27,O11-O15-C32-C4,O15-C32-C4-C5,O12-O11-O15-C32
ZIGWIZ,1,2.65,-64.16,135.27,O11-O15-C32-C4,O15-C32-C4-C30,O12-O11-O15-C32
ZIGWIZ,2,103.24,-97.51,-68.87,N3-N2-O12-O11,N2-O12-O11-O15,N1-N3-N2-O12
ZIGWIZ,3,45.86,-104.82,-144.25,C7-N7-N1-N3,N7-N1-N3-N2,C34-C7-N7-N1
ZIGWIZ,4,64.94,163.95,42.7,C36-C23-C34-C7,C23-C34-C7-N7,C26-C36-C23-C34
ZIGWIZ,5,-93.57,-52.77,-13.61,C39-C40-C26-C36,C40-C26-C36-C23,C35-C39-C40-C26
ZIGWIZ,6,148.65,139.28,-31.56,C19-C29-C35-C39,C29-C35-C39-C40,C2-C19-C29-C35
ZIGWIZ,7,86.12,-83.15,-72.99,C9-C41-C2-C19,C41-C2-C19-C14,C20-C9-C41-C2
ZIGWIZ,8,86.12,59.46,-72.99,C9-C41-C2-C19,C41-C2-C19-C29,C20-C9-C41-C2
ZIGWIZ,9,31.61,129.56,137.42,C4-C30-C20-C9,C30-C20-C9-C11,C32-C4-C30-C20
ZIGWIZ,10,31.61,15.36,137.42,C4-C30-C20-C9,C30-C20-C9-C41,C32-C4-C30-C20
ZIGWIZ01,0,162.45,-18.62,-123.1,C6-C5-O12-O9,C5-O12-O9-O8,C7-C6-C5-O12
ZIGWIZ01,1,162.45,-14.24,-123.1,C6-C5-O12-O9,C5-O12-O9-O1,C7-C6-C5-O12
ZIGWIZ01,2,-126.01,135.11,-32.2,C10-C9-C7-C6,C9-C7-C6-C5,C11-C10-C9-C7
ZIGWIZ01,3,104.91,58.4,-147.04,C21-C13-C11-C10,C13-C11-C10-C9,C22-C21-C13-C11
ZIGWIZ01,4,-160.03,131.01,-9.21,C33-C24-C22-C21,C24-C22-C21-C13,C34-C33-C24-C22
ZIGWIZ01,5,-140.36,87.77,171.77,C37-C36-C34-C33,C36-C34-C33-C24,C38-C37-C36-C34
ZIGWIZ01,6,110.96,-97.29,-19.69,C44-C40-C38-C37,C40-C38-C37-C36,C45-C44-C40-C38
ZIGWIZ01,7,-41.2,11.67,19.76,N6-N2-C45-C44,N2-C45-C44-C43,N7-N6-N2-C45
ZIGWIZ01,8,-41.2,-45.68,19.76,N6-N2-C45-C44,N2-C45-C44-C40,N7-N6-N2-C45
ZIGWIZ01,9,62.53,-137.01,22.27,O9-O1-N7-N6,O1-N7-N6-N5,O12-O9-O1-N7
ZIGWIZ01,10,62.53,-49.4,22.27,O9-O1-N7-N6,O1-N7-N6-N2,O12-O9-O1-N7
ZIQMAQ,0,-113.85,74.31,142.53,N3-O3-N2-N1,O3-N2-N1-C2,C39-N3-O3-N2
ZIQMAQ,1,10.05,-133.97,-108.18,N1-C2-C12-C1,C2-C12-C1-C17,N2-N1-C2-C12
ZIQMAQ,2,29.42,-136.07,13.33,C1-C17-C15-C5,C17-C15-C5-C10,C12-C1-C17-C15
ZIQMAQ,3,18.2,-126.77,43.3,C5-C10-C19-O6,C10-C19-O6-O10,C15-C5-C10-C19
ZIQMAQ,4,-140.48,74.31,170.79,O6-O10-N6-N8,O10-N6-N8-C24,C19-O6-O10-N6
ZIQMAQ,5,10.05,-133.97,-108.18,N8-C24-C25-C27,C24-C25-C27-C31,N6-N8-C24-C25
ZIQMAQ,6,29.42,-136.07,13.33,C27-C31-C32-C34,C31-C32-C34-C38,C25-C27-C31-C32
ZIQMAQ,7,19.89,-159.98,43.3,C34-C38-C39-N3,C38-C39-N3-O3,C32-C34-C38-C39
ZIQMEU,0,-112.12,73.2,140.67,N3-O3-N2-N1,O3-N2-N1-C2,C39-N3-O3-N2
ZIQMEU,1,10.12,-134.68,-110.58,N1-C2-C12-C1,C2-C12-C1-C17,N2-N1-C2-C12
ZIQMEU,2,29.82,-135.84,13.5,C1-C17-C15-C5,C17-C15-C5-C10,C12-C1-C17-C15
ZIQMEU,3,18.06,-135.09,43.73,C5-C10-C19-O6,C10-C19-O6-O10,C15-C5-C10-C19
ZIQMEU,4,-139.58,73.2,160.79,O6-O10-N6-N8,O10-N6-N8-C24,C19-O6-O10-N6
ZIQMEU,5,10.12,-134.68,-110.58,N8-C24-C25-C27,C24-C25-C27-C31,N6-N8-C24-C25
ZIQMEU,6,29.82,-135.84,13.5,C27-C31-C32-C34,C31-C32-C34-C38,C25-C27-C31-C32
ZIQMEU,7,19.85,-160.17,43.73,C34-C38-C39-N3,C38-C39-N3-O3,C32-C34-C38-C39
ZIQMIY,0,-3.65,-24.95,-22.33,O2-O5-N4-N2,O5-N4-N2-C7,C39-O2-O5-N4
ZIQMIY,1,139.1,16.91,-34.55,N2-C7-C1-C12,C7-C1-C12-C14,N4-N2-C7-C1
ZIQMIY,2,-31.9,24.66,145.46,C12-C14-C18-C3,C14-C18-C3-C10,C1-C12-C14-C18
ZIQMIY,3,-5.97,169.42,9.37,C3-C10-C19-O6,C10-C19-O6-O10,C18-C3-C10-C19
ZIQMIY,4,41.32,-24.95,-83.16,O6-O10-N6-N8,O10-N6-N8-C24,C19-O6-O10-N6
ZIQMIY,5,139.1,16.91,-34.55,N8-C24-C25-C27,C24-C25-C27-C31,N6-N8-C24-C25
ZIQMIY,6,-31.9,24.66,145.46,C27-C31-C32-C34,C31-C32-C34-C38,C25-C27-C31-C32
ZIQMIY,7,-41.07,77.03,9.37,C34-C38-C39-O2,C38-C39-O2-O5,C32-C34-C38-C39
ZIQMOE,0,-107.65,72.8,138.14,N3-O3-N2-N1,O3-N2-N1-C2,C39-N3-O3-N2
ZIQMOE,1,9.23,-134.61,-113.63,N1-C2-C12-C1,C2-C12-C1-C17,N2-N1-C2-C12
ZIQMOE,2,31.08,-136.18,14.87,C1-C17-C15-C5,C17-C15-C5-C10,C12-C1-C17-C15
ZIQMOE,3,17.31,-143.27,44.98,C5-C10-C19-O6,C10-C19-O6-O10,C15-C5-C10-C19
ZIQMOE,4,-137.06,72.8,147.11,O6-O10-N6-N8,O10-N6-N8-C24,C19-O6-O10-N6
ZIQMOE,5,9.23,-134.61,-113.63,N8-C24-C25-C27,C24-C25-C27-C31,N6-N8-C24-C25
ZIQMOE,6,31.08,-136.18,14.87,C27-C31-C32-C34,C31-C32-C34-C38,C25-C27-C31-C32
ZIQMOE,7,19.22,-157.69,44.98,C34-C38-C39-N3,C38-C39-N3-O3,C32-C34-C38-C39
ZOHMIS,0,-134.54,21.96,89.69,C4-C3-O7-C36,C3-O7-C36-O5,N3-C4-C3-O7
ZOHMIS,1,-0.53,-30.31,-69.46,C9-C6-N3-C4,C6-N3-C4-C3,C10-C9-C6-N3
ZOHMIS,2,-95.89,120.39,50.96,C14-C11-C10-C9,C11-C10-C9-C6,C15-C14-C11-C10
ZOHMIS,3,-179.92,-168.9,10.88,C18-C17-C15-C14,C17-C15-C14-C13,C19-C18-C17-C15
ZOHMIS,4,-179.92,83.72,10.88,C18-C17-C15-C14,C17-C15-C14-C11,C19-C18-C17-C15
ZOHMIS,5,115.5,-2.7,152.61,O3-C21-C19-C18,C21-C19-C18-C17,C23-O3-C21-C19
ZOHMIS,6,-100.02,-17.04,-31.56,C27-C25-C23-O3,C25-C23-O3-O2,C28-C27-C25-C23
ZOHMIS,7,-100.02,146.78,-31.56,C27-C25-C23-O3,C25-C23-O3-C21,C28-C27-C25-C23
ZOHMIS,8,117.91,120.47,66.84,C36-O5-C28-C27,O5-C28-C27-C25,O7-C36-O5-C28
ZORRED,0,-75.92,26.12,57.01,O6-O5-C36-C35,O5-C36-C35-C29,O7-O6-O5-C36
ZORRED,1,13.71,-133.66,43.92,N6-N1-O7-O6,N1-O7-O6-O5,N7-N6-N1-O7
ZORRED,2,-22.41,-30.7,5.78,C6-C2-N7-N6,C2-N7-N6-N1,C7-C6-C2-N7
ZORRED,3,-70.52,-93.13,164.53,C10-C9-C7-C6,C9-C7-C6-C5,C11-C10-C9-C7
ZORRED,4,-70.52,14.43,164.53,C10-C9-C7-C6,C9-C7-C6-C2,C11-C10-C9-C7
ZORRED,5,161.15,108.62,151.01,C22-C13-C11-C10,C13-C11-C10-C9,C23-C22-C13-C11
ZORRED,6,-173.73,-178.0,-0.38,C26-C25-C23-C22,C25-C23-C22-C13,C27-C26-C25-C23
ZORRED,7,-153.39,129.55,-0.96,C35-C29-C27-C26,C29-C27-C26-C25,C36-C35-C29-C27
ZUCFUA,0,11.82,-39.57,-116.18,C6C-C17B-S7-C14F,C17B-S7-C14F-C3D,C11C-C6C-C17B-S7
ZUCFUA,1,-2.1,6.42,66.94,C4F-C14E-O10-O8,C14E-O10-O8-N9,N7-C4F-C14E-O10
ZUCFUA,2,-37.36,59.14,-123.05,O8-N9-N7-C4F,N9-N7-C4F-C14E,O10-O8-N9-N7
ZUCFUA,3,-37.36,27.01,-123.05,O8-N9-N7-C4F,N9-N7-C4F-C5F,O10-O8-N9-N7
ZUCFUA,4,-107.93,0.61,-17.78,C14F-C3D-C11C-C6C,C3D-C11C-C6C-C17B,S7-C14F-C3D-C11C
ZUHJEV,0,173.26,-25.21,79.69,N2A-C2A-O3A-C3A,C2A-O3A-C3A-C6A,C29-N2A-C2A-O3A
ZUHJEV,1,133.98,-0.36,91.31,C3A-C6A-C7A-C9A,C6A-C7A-C9A-C14A,O3A-C3A-C6A-C7A
ZUHJEV,2,-64.82,48.78,-173.9,C9A-C14A-C15A-O6,C14A-C15A-O6-C17,C7A-C9A-C14A-C15A
ZUHJEV,3,-102.24,25.21,164.98,O6-C17-O8-C18,C17-O8-C18-C21,C15A-O6-C17-O8
ZUHJEV,4,-133.98,0.36,-91.31,C18-C21-C22-C24,C21-C22-C24-C28,O8-C18-C21-C22
ZUHJEV,5,49.65,152.77,173.9,C24-C28-C29-N2A,C28-C29-N2A-C2A,C22-C24-C28-C29
